OTUID,Kingdom,Phylum,Class,Order,Family,Genus,Species
seq1,Archaea,Crenarchaeota,Nitrososphaeria,Nitrososphaerales,Nitrososphaeraceae,uncultured archaeon,
seq2,Archaea,Crenarchaeota,Nitrososphaeria,Nitrososphaerales,Nitrososphaeraceae,uncultured crenarchaeote,
seq3,Bacteria,Bacteroidota,Bacteroidia,Cytophagales,Microscillaceae,uncultured,uncultured bacterium
seq4,Bacteria,Acidobacteriota,Blastocatellia,Pyrinomonadales,Pyrinomonadaceae,RB41,uncultured bacterium
seq5,Bacteria,Bacteroidota,Bacteroidia,Chitinophagales,Chitinophagaceae,uncultured,uncultured bacterium
seq6,Bacteria,Verrucomicrobiota,Verrucomicrobiae,Chthoniobacterales,Chthoniobacteraceae,Candidatus Udaeobacter,uncultured bacterium
seq7,Bacteria,Acidobacteriota,Blastocatellia,Pyrinomonadales,Pyrinomonadaceae,RB41,uncultured Acidobacteria bacterium
seq8,Bacteria,Acidobacteriota,Blastocatellia,Pyrinomonadales,Pyrinomonadaceae,RB41,uncultured bacterium
seq9,Bacteria,Acidobacteriota,Blastocatellia,Pyrinomonadales,Pyrinomonadaceae,RB41,uncultured bacterium
seq10,Bacteria,RCP2-54,uncultured bacterium,,,,
seq11,Bacteria,Acidobacteriota,Blastocatellia,Pyrinomonadales,Pyrinomonadaceae,RB41,uncultured bacterium
seq12,Bacteria,Verrucomicrobiota,Verrucomicrobiae,Chthoniobacterales,Xiphinematobacteraceae,Candidatus Xiphinematobacter,uncultured bacterium
seq13,Bacteria,Acidobacteriota,Blastocatellia,Pyrinomonadales,Pyrinomonadaceae,RB41,uncultured bacterium
seq14,Bacteria,Acidobacteriota,Blastocatellia,Pyrinomonadales,Pyrinomonadaceae,RB41,uncultured bacterium
seq15,Archaea,Crenarchaeota,Nitrososphaeria,Nitrososphaerales,Nitrososphaeraceae,uncultured archaeon,
seq16,Archaea,Crenarchaeota,Nitrososphaeria,Nitrososphaerales,Nitrososphaeraceae,uncultured crenarchaeote,
seq17,Bacteria,Proteobacteria,Alphaproteobacteria,Rhizobiales,Xanthobacteraceae,Bradyrhizobium,Bradyrhizobium sp. CP1(2014)
seq18,Bacteria,Bacteroidota,Bacteroidia,Chitinophagales,Chitinophagaceae,uncultured,uncultured bacterium
seq19,Bacteria,Myxococcota,bacteriap25,uncultured bacterium,,,
seq20,Bacteria,Actinobacteriota,Rubrobacteria,Rubrobacterales,Rubrobacteriaceae,Rubrobacter,uncultured bacterium
seq21,Bacteria,Bacteroidota,Bacteroidia,Cytophagales,Microscillaceae,uncultured,uncultured bacterium
seq22,Bacteria,Bacteroidota,Bacteroidia,Chitinophagales,Chitinophagaceae,uncultured,uncultured bacterium
seq23,Bacteria,Acidobacteriota,Blastocatellia,Pyrinomonadales,Pyrinomonadaceae,RB41,uncultured Acidobacteria bacterium
seq24,Bacteria,Bacteroidota,Bacteroidia,Cytophagales,Microscillaceae,uncultured,uncultured bacterium
seq25,Bacteria,Verrucomicrobiota,Verrucomicrobiae,Chthoniobacterales,Chthoniobacteraceae,Candidatus Udaeobacter,uncultured bacterium
seq26,Bacteria,Actinobacteriota,Acidimicrobiia,IMCC26256,uncultured Cellulomonadaceae bacterium,,
seq27,Bacteria,Actinobacteriota,Actinobacteria,Micrococcales,Microbacteriaceae,Agromyces,Agromyces ramosus
seq28,Bacteria,Verrucomicrobiota,Verrucomicrobiae,Chthoniobacterales,Xiphinematobacteraceae,Candidatus Xiphinematobacter,uncultured bacterium
seq29,Bacteria,Bacteroidota,Bacteroidia,Chitinophagales,Chitinophagaceae,uncultured,uncultured Bacteroidetes bacterium
seq30,Bacteria,Acidobacteriota,Blastocatellia,Pyrinomonadales,Pyrinomonadaceae,RB41,uncultured bacterium
seq31,Bacteria,Actinobacteriota,Thermoleophilia,Gaiellales,uncultured,uncultured bacterium,
seq32,Bacteria,Verrucomicrobiota,Verrucomicrobiae,Chthoniobacterales,Chthoniobacteraceae,Candidatus Udaeobacter,uncultured Spartobacteria bacterium
seq33,Bacteria,Bacteroidota,Bacteroidia,Chitinophagales,Chitinophagaceae,Terrimonas,uncultured bacterium
seq34,Bacteria,Proteobacteria,Gammaproteobacteria,Burkholderiales,Sutterellaceae,uncultured,uncultured bacterium
seq35,Bacteria,Actinobacteriota,Thermoleophilia,Solirubrobacterales,Solirubrobacteraceae,uncultured Rubrobacteria bacterium,
seq36,Bacteria,Actinobacteriota,Rubrobacteria,Rubrobacterales,Rubrobacteriaceae,Rubrobacter,metagenome
seq37,Bacteria,Acidobacteriota,Blastocatellia,Blastocatellales,Blastocatellaceae,uncultured,uncultured Acidobacteria bacterium
seq38,Bacteria,Acidobacteriota,Blastocatellia,Pyrinomonadales,Pyrinomonadaceae,RB41,uncultivated soil bacterium clone S023
seq39,Bacteria,Proteobacteria,Gammaproteobacteria,Pseudomonadales,Pseudohongiellaceae,BIyi10,metagenome
seq40,Bacteria,Bacteroidota,Bacteroidia,Cytophagales,Microscillaceae,uncultured,uncultured bacterium
seq41,Bacteria,Actinobacteriota,Rubrobacteria,Rubrobacterales,Rubrobacteriaceae,Rubrobacter,uncultured bacterium
seq42,Bacteria,Acidobacteriota,Acidobacteriae,Bryobacterales,Bryobacteraceae,Bryobacter,metagenome
seq43,Archaea,Crenarchaeota,Nitrososphaeria,Nitrososphaerales,Nitrososphaeraceae,Candidatus Nitrocosmicus,uncultured archaeon
seq44,Archaea,Crenarchaeota,Nitrososphaeria,Nitrososphaerales,Nitrososphaeraceae,uncultured crenarchaeote,
seq45,Archaea,Crenarchaeota,Nitrososphaeria,Nitrososphaerales,Nitrososphaeraceae,uncultured archaeon,
seq46,Bacteria,Verrucomicrobiota,Verrucomicrobiae,Chthoniobacterales,Chthoniobacteraceae,Chthoniobacter,uncultured bacterium
seq47,Bacteria,Bacteroidota,Bacteroidia,Chitinophagales,Chitinophagaceae,Puia,uncultured Niastella sp.
seq48,Bacteria,Proteobacteria,Alphaproteobacteria,Reyranellales,Reyranellaceae,Reyranella,uncultured bacterium
seq49,Bacteria,Acidobacteriota,Blastocatellia,Pyrinomonadales,Pyrinomonadaceae,RB41,uncultured Acidobacteriaceae bacterium
seq50,Archaea,Crenarchaeota,Nitrososphaeria,Nitrososphaerales,Nitrososphaeraceae,uncultured archaeon,
seq51,Bacteria,Bacteroidota,Bacteroidia,Cytophagales,Microscillaceae,uncultured,uncultured bacterium
seq52,Bacteria,Bacteroidota,Bacteroidia,Sphingobacteriales,Sphingobacteriaceae,Pedobacter,Pedobacter humi
seq53,Bacteria,Bacteroidota,Bacteroidia,Chitinophagales,Chitinophagaceae,uncultured,uncultured bacterium
seq54,Bacteria,Verrucomicrobiota,Verrucomicrobiae,Chthoniobacterales,Chthoniobacteraceae,Candidatus Udaeobacter,uncultured bacterium
seq55,Bacteria,Proteobacteria,Gammaproteobacteria,Steroidobacterales,Steroidobacteraceae,Steroidobacter,uncultured Steroidobacter sp.
seq56,Bacteria,Actinobacteriota,Thermoleophilia,Gaiellales,uncultured,uncultured bacterium,
seq57,Bacteria,Actinobacteriota,Thermoleophilia,Gaiellales,uncultured,uncultured bacterium,
seq58,Bacteria,Actinobacteriota,Thermoleophilia,uncultured,uncultured bacterium,,
seq59,Bacteria,Patescibacteria,Saccharimonadia,Saccharimonadales,uncultured bacterium,,
seq60,Bacteria,Bacteroidota,Bacteroidia,Cytophagales,Microscillaceae,Chryseolinea,uncultured bacterium
seq61,ML_predicted_Phylum: Bacteroidota,,,,,,
seq62,Bacteria,Acidobacteriota,Vicinamibacteria,Vicinamibacterales,uncultured,uncultured Acidobacteria bacterium,
seq63,Bacteria,Proteobacteria,Gammaproteobacteria,Pseudomonadales,Pseudomonadaceae,Pseudomonas,Pseudomonas sp. A6(2012)
seq64,Bacteria,Verrucomicrobiota,Verrucomicrobiae,Pedosphaerales,Pedosphaeraceae,uncultured Verrucomicrobia bacterium,
seq65,Bacteria,Proteobacteria,Gammaproteobacteria,Burkholderiales,TRA3-20,uncultured bacterium,
seq66,Bacteria,Acidobacteriota,Holophagae,Subgroup 7,uncultured bacterium,,
seq67,Bacteria,Verrucomicrobiota,Verrucomicrobiae,Pedosphaerales,Pedosphaeraceae,uncultured,uncultured Verrucomicrobia bacterium
seq68,Bacteria,Proteobacteria,Alphaproteobacteria,Rhizobiales,Xanthobacteraceae,Rhodoplanes,uncultured bacterium
seq69,Bacteria,Actinobacteriota,Actinobacteria,Corynebacteriales,Mycobacteriaceae,Mycobacterium,Mycobacterium sp.
seq70,Bacteria,Bacteroidota,Bacteroidia,Cytophagales,Microscillaceae,Hassallia,uncultured Sphingobacteriales bacterium
seq71,Bacteria,Proteobacteria,Alphaproteobacteria,Rhizobiales,Xanthobacteraceae,uncultured,alpha proteobacterium KC-IT-W1
seq72,Bacteria,Actinobacteriota,Rubrobacteria,Rubrobacterales,Rubrobacteriaceae,Rubrobacter,uncultured actinobacterium
seq73,Bacteria,Actinobacteriota,Thermoleophilia,Gaiellales,uncultured,uncultured bacterium,
seq74,Bacteria,Actinobacteriota,Acidimicrobiia,Microtrichales,uncultured,uncultured bacterium,
seq75,Bacteria,Actinobacteriota,Actinobacteria,Micromonosporales,Micromonosporaceae,Asanoa,Asanoa hainanensis
seq76,Bacteria,Acidobacteriota,Acidobacteriae,Acidobacteriales,uncultured,uncultured Acidobacteria bacterium,
seq77,Bacteria,Cyanobacteria,Cyanobacteriia,Chloroplast,Athetis lepigone,,
seq78,Bacteria,Firmicutes,Bacilli,Bacillales,Bacillaceae,Bacillus,Bacillus sp. (in: Bacteria)
seq79,Bacteria,Proteobacteria,Alphaproteobacteria,Sphingomonadales,Sphingomonadaceae,uncultured,uncultured soil bacterium
seq80,Bacteria,Bacteroidota,Bacteroidia,Chitinophagales,Chitinophagaceae,Terrimonas,uncultured bacterium
seq81,Bacteria,Planctomycetota,Planctomycetes,Pirellulales,Pirellulaceae,Pir4 lineage,metagenome
seq82,Bacteria,Actinobacteriota,Actinobacteria,Propionibacteriales,Nocardioidaceae,Kribbella,Kribbella sp. ET1s10
seq83,Bacteria,Cyanobacteria,Cyanobacteriia,Chloroplast,Phaseolus acutifolius (tepary bean),,
seq84,Bacteria,Proteobacteria,Alphaproteobacteria,Reyranellales,Reyranellaceae,Reyranella,Reyranella soli
seq85,Bacteria,Proteobacteria,Gammaproteobacteria,Steroidobacterales,Steroidobacteraceae,Steroidobacter,uncultured bacterium
seq86,Bacteria,Actinobacteriota,Thermoleophilia,Gaiellales,uncultured,uncultured bacterium,
seq87,Bacteria,Actinobacteriota,Acidimicrobiia,Microtrichales,Ilumatobacteraceae,uncultured,uncultured bacterium
seq88,Bacteria,Bacteroidota,Bacteroidia,Cytophagales,Microscillaceae,Chryseolinea,uncultured bacterium
seq89,Unclassified,,,,,,
seq90,Unclassified,,,,,,
seq91,Bacteria,Proteobacteria,Alphaproteobacteria,Rhizobiales,Xanthobacteraceae,uncultured,uncultured bacterium
seq92,Bacteria,Bacteroidota,Bacteroidia,Cytophagales,Microscillaceae,uncultured,uncultured bacterium
seq93,Bacteria,Bacteroidota,Bacteroidia,Cytophagales,Microscillaceae,uncultured,uncultured bacterium
seq94,Bacteria,Myxococcota,bacteriap25,uncultured soil bacterium,,,
seq95,Archaea,Crenarchaeota,Nitrososphaeria,Nitrososphaerales,Nitrososphaeraceae,uncultured crenarchaeote,
seq96,Archaea,Crenarchaeota,Nitrososphaeria,Nitrososphaerales,Nitrososphaeraceae,uncultured crenarchaeote,
seq97,Bacteria,Bacteroidota,Bacteroidia,Chitinophagales,Chitinophagaceae,Flavisolibacter,uncultured bacterium
seq98,Bacteria,Proteobacteria,Alphaproteobacteria,Rhizobiales,Rhizobiaceae,Phyllobacterium,Phyllobacterium myrsinacearum
seq99,Bacteria,Cyanobacteria,Cyanobacteriia,Chloroplast,Oryza sativa Japonica Group (Japanese rice),,
seq100,Bacteria,Bacteroidota,Bacteroidia,Chitinophagales,Chitinophagaceae,Ferruginibacter,uncultured Chitinophagaceae bacterium
seq101,Bacteria,Actinobacteriota,MB-A2-108,uncultured bacterium,,,
seq102,Bacteria,Acidobacteriota,Vicinamibacteria,Vicinamibacterales,Vicinamibacteraceae,uncultured bacterium,
seq103,Bacteria,Actinobacteriota,Thermoleophilia,Gaiellales,Gaiellaceae,Gaiella,uncultured bacterium
seq104,Bacteria,Actinobacteriota,Acidimicrobiia,Microtrichales,Ilumatobacteraceae,uncultured,uncultured bacterium
seq105,Bacteria,Actinobacteriota,Actinobacteria,Streptomycetales,Streptomycetaceae,Streptomyces,actinobacterium H531
seq106,Bacteria,Actinobacteriota,MB-A2-108,uncultured bacterium,,,
seq107,Bacteria,Verrucomicrobiota,Verrucomicrobiae,Opitutales,Opitutaceae,Opitutus,uncultured bacterium
seq108,ML_predicted_Phylum: Amorphea,,,,,,
seq109,Bacteria,Firmicutes,Bacilli,Bacillales,Bacillaceae,Bacillus,uncultured bacterium
seq110,Bacteria,Proteobacteria,Alphaproteobacteria,Dongiales,Dongiaceae,Dongia,uncultured bacterium
seq111,Bacteria,Bacteroidota,Bacteroidia,Chitinophagales,Chitinophagaceae,Flavitalea,uncultured bacterium
seq112,Bacteria,Bacteroidota,Bacteroidia,Chitinophagales,Chitinophagaceae,Terrimonas,uncultured bacterium
seq113,Bacteria,Bacteroidota,Bacteroidia,Flavobacteriales,Flavobacteriaceae,Flavobacterium,Flavobacterium sp.
seq114,Bacteria,Proteobacteria,Alphaproteobacteria,Rhizobiales,Xanthobacteraceae,uncultured,uncultured bacterium
seq115,Bacteria,Bacteroidota,Bacteroidia,Chitinophagales,Chitinophagaceae,uncultured,uncultured bacterium
seq116,Bacteria,Chloroflexi,KD4-96,uncultured bacterium,,,
seq117,Bacteria,Myxococcota,bacteriap25,uncultured bacterium,,,
seq118,Bacteria,Bacteroidota,Bacteroidia,Chitinophagales,Saprospiraceae,uncultured,uncultured bacterium
seq119,Bacteria,Bacteroidota,Bacteroidia,Sphingobacteriales,AKYH767,metagenome,
seq120,Bacteria,Bacteroidota,Bacteroidia,Flavobacteriales,Flavobacteriaceae,Flavobacterium,Flavobacterium sp. CGMCC 1.09982
seq121,Bacteria,Actinobacteriota,Acidimicrobiia,Microtrichales,Ilumatobacteraceae,uncultured,uncultured bacterium
seq122,Archaea,Crenarchaeota,Nitrososphaeria,Nitrososphaerales,Nitrososphaeraceae,uncultured crenarchaeote,
seq123,Bacteria,Proteobacteria,Gammaproteobacteria,Gammaproteobacteria Incertae Sedis,Unknown Family,Acidibacter,uncultured gamma proteobacterium
seq124,Bacteria,Bacteroidota,Bacteroidia,Chitinophagales,Chitinophagaceae,uncultured,uncultured bacterium
seq125,Bacteria,Verrucomicrobiota,Verrucomicrobiae,Pedosphaerales,Pedosphaeraceae,uncultured bacterium,
seq126,Bacteria,Proteobacteria,Alphaproteobacteria,Rhizobiales,Xanthobacteraceae,uncultured,metagenome
seq127,Bacteria,Actinobacteriota,Thermoleophilia,Gaiellales,uncultured,uncultured bacterium,
seq128,Bacteria,Proteobacteria,Gammaproteobacteria,Pseudomonadales,Cellvibrionaceae,Cellvibrio,Cellvibrio sp. R-4075
seq129,Bacteria,Acidobacteriota,Blastocatellia,Pyrinomonadales,Pyrinomonadaceae,RB41,uncultured Acidobacterium sp.
seq130,Bacteria,Actinobacteriota,Actinobacteria,Propionibacteriales,Propionibacteriaceae,Microlunatus,uncultured bacterium
seq131,Bacteria,Actinobacteriota,Acidimicrobiia,Microtrichales,Ilumatobacteraceae,uncultured,uncultured bacterium
seq132,Bacteria,Bacteroidota,Bacteroidia,Chitinophagales,Chitinophagaceae,Flavisolibacter,uncultured bacterium
seq133,Bacteria,Myxococcota,bacteriap25,uncultured bacterium,,,
seq134,Bacteria,Actinobacteriota,Actinobacteria,Propionibacteriales,Nocardioidaceae,Kribbella,Kribbella sp. L1B02
seq135,Bacteria,Proteobacteria,Gammaproteobacteria,Burkholderiales,Nitrosomonadaceae,MND1,uncultured beta proteobacterium
seq136,Bacteria,Proteobacteria,Alphaproteobacteria,Rhizobiales,Rhizobiales Incertae Sedis,uncultured,uncultured bacterium
seq137,Bacteria,Proteobacteria,Alphaproteobacteria,Rhizobiales,Beijerinckiaceae,uncultured,uncultured bacterium
seq138,Bacteria,Acidobacteriota,Thermoanaerobaculia,Thermoanaerobaculales,Thermoanaerobaculaceae,Subgroup 10,uncultured bacterium
seq139,Bacteria,Verrucomicrobiota,Verrucomicrobiae,Pedosphaerales,Pedosphaeraceae,uncultured bacterium,
seq140,Bacteria,Verrucomicrobiota,Verrucomicrobiae,Chthoniobacterales,Xiphinematobacteraceae,Candidatus Xiphinematobacter,metagenome
seq141,Unclassified,,,,,,
seq142,Bacteria,Firmicutes,Bacilli,Bacillales,Bacillaceae,Bacillus,Bacillus sp. (in: Bacteria)
seq143,Bacteria,Proteobacteria,Gammaproteobacteria,Burkholderiales,TRA3-20,uncultured bacterium,
seq144,Bacteria,Verrucomicrobiota,Verrucomicrobiae,Pedosphaerales,Pedosphaeraceae,uncultured,uncultured bacterium
seq145,Bacteria,Actinobacteriota,Thermoleophilia,Gaiellales,uncultured,uncultured bacterium,
seq146,Bacteria,Verrucomicrobiota,Verrucomicrobiae,Opitutales,Opitutaceae,Opitutus,uncultured Verrucomicrobia bacterium
seq147,Bacteria,Proteobacteria,Alphaproteobacteria,Rhizobiales,Rhizobiales Incertae Sedis,uncultured,uncultured bacterium
seq148,Bacteria,Bacteroidota,Bacteroidia,Cytophagales,Microscillaceae,Ohtaekwangia,uncultured bacterium
seq149,Archaea,Crenarchaeota,Nitrososphaeria,Nitrososphaerales,Nitrososphaeraceae,Candidatus Nitrososphaera,uncultured archaeon
seq150,Archaea,Crenarchaeota,Nitrososphaeria,Nitrososphaerales,Nitrososphaeraceae,uncultured archaeon,
seq151,Bacteria,Verrucomicrobiota,Verrucomicrobiae,Chthoniobacterales,Chthoniobacteraceae,Chthoniobacter,uncultured bacterium
seq152,Bacteria,Actinobacteriota,Actinobacteria,Micrococcales,Micrococcaceae,Pseudarthrobacter,Pseudarthrobacter polychromogenes
seq153,Bacteria,Proteobacteria,Gammaproteobacteria,Burkholderiales,TRA3-20,uncultured bacterium,
seq154,Bacteria,Proteobacteria,Alphaproteobacteria,Sphingomonadales,Sphingomonadaceae,Sphingomonas,uncultured bacterium
seq155,Bacteria,Bacteroidota,Bacteroidia,Cytophagales,Microscillaceae,uncultured,uncultured bacterium
seq156,Bacteria,Gemmatimonadota,Gemmatimonadetes,Gemmatimonadales,Gemmatimonadaceae,uncultured,uncultured bacterium
seq157,Bacteria,Bacteroidota,Bacteroidia,Chitinophagales,Chitinophagaceae,Pseudoflavitalea,Flavitalea sp. enrichment culture
seq158,Bacteria,Proteobacteria,Alphaproteobacteria,Rhizobiales,Beijerinckiaceae,Microvirga,Chelatococcus asaccharovorans
seq159,Bacteria,Nitrospirota,Nitrospiria,Nitrospirales,Nitrospiraceae,Nitrospira,uncultured bacterium
seq160,Bacteria,Bacteroidota,Bacteroidia,Chitinophagales,Chitinophagaceae,uncultured,uncultured Bacteroidetes bacterium
seq161,Bacteria,Actinobacteriota,Acidimicrobiia,Microtrichales,uncultured,uncultured bacterium,
seq162,Bacteria,Actinobacteriota,Thermoleophilia,Gaiellales,uncultured,uncultured bacterium,
seq163,Bacteria,Actinobacteriota,Actinobacteria,Streptomycetales,Streptomycetaceae,Streptomyces,Streptomyces sp. RU-75
seq164,Bacteria,Firmicutes,Bacilli,Bacillales,Bacillaceae,Bacillus,uncultured bacterium
seq165,Bacteria,Verrucomicrobiota,Verrucomicrobiae,Pedosphaerales,Pedosphaeraceae,uncultured,uncultured bacterium
seq166,Bacteria,Verrucomicrobiota,Verrucomicrobiae,Pedosphaerales,Pedosphaeraceae,uncultured Verrucomicrobia bacterium,
seq167,Bacteria,Methylomirabilota,Methylomirabilia,Rokubacteriales,uncultured bacterium,,
seq168,Bacteria,Acidobacteriota,Blastocatellia,Pyrinomonadales,Pyrinomonadaceae,RB41,Arenimicrobium luteum
seq169,Bacteria,Actinobacteriota,Actinobacteria,Micromonosporales,Micromonosporaceae,Dactylosporangium,Dactylosporangium aurantiacum
seq170,Bacteria,Bacteroidota,Bacteroidia,Chitinophagales,Chitinophagaceae,uncultured,uncultured bacterium
seq171,Bacteria,Acidobacteriota,Blastocatellia,Blastocatellales,Blastocatellaceae,Blastocatella,uncultured bacterium
seq172,Bacteria,Bacteroidota,Bacteroidia,Cytophagales,Microscillaceae,Chryseolinea,uncultured Flexibacter sp.
seq173,Bacteria,Verrucomicrobiota,Verrucomicrobiae,Opitutales,Opitutaceae,Opitutus,uncultured Verrucomicrobium sp.
seq174,Bacteria,Planctomycetota,Phycisphaerae,Tepidisphaerales,WD2101 soil group,uncultured bacterium,
seq175,Bacteria,Bacteroidota,Bacteroidia,Chitinophagales,Chitinophagaceae,Puia,uncultured Niastella sp.
seq176,Bacteria,Actinobacteriota,Rubrobacteria,Rubrobacterales,Rubrobacteriaceae,Rubrobacter,uncultured bacterium
seq177,Bacteria,Proteobacteria,Gammaproteobacteria,Pseudomonadales,Pseudomonadaceae,Pseudomonas,Pseudomonas sp. 23ZZ
seq178,Bacteria,Acidobacteriota,Blastocatellia,11-24,uncultured bacterium,,
seq179,Bacteria,Actinobacteriota,Actinobacteria,Frankiales,Geodermatophilaceae,Blastococcus,Blastococcus sp. BC412
seq180,Bacteria,Proteobacteria,Alphaproteobacteria,Rhizobiales,Rhizobiaceae,Mesorhizobium,Mesorhizobium gobiense
seq181,Bacteria,Bacteroidota,Bacteroidia,Chitinophagales,Chitinophagaceae,Terrimonas,Terrimonas arctica
seq182,Bacteria,Verrucomicrobiota,Verrucomicrobiae,Chthoniobacterales,Chthoniobacteraceae,Candidatus Udaeobacter,uncultured bacterium
seq183,Bacteria,Actinobacteriota,Acidimicrobiia,IMCC26256,uncultured bacterium,,
seq184,Bacteria,Proteobacteria,Gammaproteobacteria,Gammaproteobacteria Incertae Sedis,Unknown Family,Acidibacter,uncultured bacterium
seq185,Bacteria,Firmicutes,Bacilli,Bacillales,Bacillaceae,Bacillus,Bacillus psychrosaccharolyticus
seq186,Bacteria,Proteobacteria,Alphaproteobacteria,Rhizobiales,Xanthobacteraceae,Bradyrhizobium,Bradyrhizobium sp. JR008
seq187,Bacteria,Acidobacteriota,Vicinamibacteria,Vicinamibacterales,uncultured,uncultured Acidobacteriaceae bacterium,
seq188,Bacteria,Bacteroidota,Bacteroidia,Chitinophagales,Chitinophagaceae,Chitinophaga,uncultured Flavisolibacter sp.
seq189,Bacteria,Bacteroidota,Bacteroidia,Chitinophagales,Chitinophagaceae,Terrimonas,Terrimonas lutea
seq190,Bacteria,Bacteroidota,Bacteroidia,Cytophagales,Microscillaceae,Hassallia,uncultured bacterium
seq191,Bacteria,Verrucomicrobiota,Verrucomicrobiae,Pedosphaerales,Pedosphaeraceae,uncultured bacterium,
seq192,Unclassified,,,,,,
seq193,Bacteria,Proteobacteria,Alphaproteobacteria,Rhizobiales,Xanthobacteraceae,Rhodoplanes,uncultured bacterium
seq194,Bacteria,Proteobacteria,Alphaproteobacteria,Rhizobiales,Xanthobacteraceae,uncultured,uncultured bacterium
seq195,Bacteria,Bacteroidota,Bacteroidia,Cytophagales,Microscillaceae,uncultured,uncultured Bacteroidetes bacterium
seq196,Bacteria,Proteobacteria,Alphaproteobacteria,Rickettsiales,Mitochondria,Sporobolus stapfianus,
seq197,Bacteria,Actinobacteriota,Actinobacteria,Propionibacteriales,Propionibacteriaceae,Microlunatus,uncultured bacterium
seq198,Bacteria,Actinobacteriota,Thermoleophilia,Gaiellales,uncultured,uncultured bacterium,
seq199,Bacteria,Myxococcota,bacteriap25,uncultured bacterium,,,
seq200,Bacteria,Actinobacteriota,Thermoleophilia,Gaiellales,uncultured,uncultured actinobacterium,
seq201,Bacteria,Actinobacteriota,Actinobacteria,Micrococcales,Promicromonosporaceae,Promicromonospora,Promicromonospora sp.
seq202,Bacteria,Proteobacteria,Alphaproteobacteria,Rhizobiales,Rhodomicrobiaceae,Rhodomicrobium,uncultured bacterium
seq203,Bacteria,Acidobacteriota,Blastocatellia,Blastocatellales,Blastocatellaceae,uncultured,uncultured Acidobacteria bacterium
seq204,Bacteria,Bacteroidota,Bacteroidia,Cytophagales,Microscillaceae,uncultured,metagenome
seq205,Bacteria,Acidobacteriota,Blastocatellia,Blastocatellales,Blastocatellaceae,uncultured,uncultured bacterium
seq206,Bacteria,Actinobacteriota,Acidimicrobiia,Microtrichales,Iamiaceae,Iamia,uncultured bacterium
seq207,Bacteria,Actinobacteriota,Thermoleophilia,Solirubrobacterales,Solirubrobacteraceae,Solirubrobacter,Solirubrobacter ginsenosidimutans
seq208,Bacteria,Proteobacteria,Gammaproteobacteria,Burkholderiales,TRA3-20,uncultured bacterium,
seq209,Bacteria,Verrucomicrobiota,Verrucomicrobiae,Pedosphaerales,Pedosphaeraceae,uncultured bacterium,
seq210,Bacteria,Actinobacteriota,Actinobacteria,Streptomycetales,Streptomycetaceae,Streptomyces,Streptomyces sp.
seq211,Bacteria,Bacteroidota,Bacteroidia,Chitinophagales,Chitinophagaceae,Ferruginibacter,uncultured Bacteroidetes bacterium
seq212,Bacteria,Verrucomicrobiota,Verrucomicrobiae,Chthoniobacterales,Chthoniobacteraceae,Candidatus Udaeobacter,uncultured bacterium
seq213,Bacteria,Bacteroidota,Bacteroidia,Chitinophagales,Chitinophagaceae,uncultured,uncultured bacterium
seq214,Bacteria,Bacteroidota,Bacteroidia,Chitinophagales,Chitinophagaceae,uncultured,uncultured Bacteroidetes bacterium
seq215,Bacteria,Bacteroidota,Bacteroidia,Flavobacteriales,Blattabacteriaceae,Candidatus Brownia,Candidatus Brownia rhizoecola
seq216,Archaea,Crenarchaeota,Nitrososphaeria,Nitrososphaerales,Nitrososphaeraceae,uncultured archaeon,
seq217,Unclassified,,,,,,
seq218,Bacteria,Acidobacteriota,Vicinamibacteria,Vicinamibacterales,Vicinamibacteraceae,Vicinamibacter,uncultured bacterium
seq219,Bacteria,Actinobacteriota,Thermoleophilia,Gaiellales,uncultured,uncultured bacterium,
seq220,Bacteria,Acidobacteriota,Blastocatellia,Pyrinomonadales,Pyrinomonadaceae,RB41,uncultured bacterium
seq221,Bacteria,Bacteroidota,Bacteroidia,Cytophagales,Microscillaceae,uncultured,uncultured bacterium
seq222,Bacteria,Acidobacteriota,Blastocatellia,Blastocatellales,Blastocatellaceae,Stenotrophobacter,Acidobacteria bacterium IGE-018
seq223,Bacteria,Verrucomicrobiota,Verrucomicrobiae,Opitutales,Opitutaceae,Cephaloticoccus,metagenome
seq224,Bacteria,Patescibacteria,Saccharimonadia,Saccharimonadales,uncultured Candidatus Saccharibacteria bacterium,,
seq225,Bacteria,Verrucomicrobiota,Verrucomicrobiae,Chthoniobacterales,Chthoniobacteraceae,Chthoniobacter,uncultured bacterium
seq226,Bacteria,Bacteroidota,Bacteroidia,Chitinophagales,Chitinophagaceae,Flavisolibacter,uncultured bacterium
seq227,Bacteria,Chloroflexi,KD4-96,uncultured bacterium,,,
seq228,Bacteria,Actinobacteriota,Rubrobacteria,Rubrobacterales,Rubrobacteriaceae,Rubrobacter,uncultured bacterium
seq229,Bacteria,Gemmatimonadota,Gemmatimonadetes,Gemmatimonadales,Gemmatimonadaceae,uncultured,uncultured bacterium
seq230,Bacteria,Proteobacteria,Gammaproteobacteria,Pseudomonadales,Pseudomonadaceae,Pseudomonas,Pseudomonas sp. PGO26
seq231,Bacteria,Patescibacteria,Saccharimonadia,Saccharimonadales,YM_S32_TM7_50_20,uncultured Candidatus Saccharibacteria bacterium,
seq232,Bacteria,Bacteroidota,Bacteroidia,Chitinophagales,Chitinophagaceae,Ferruginibacter,metagenome
seq233,Bacteria,Myxococcota,bacteriap25,uncultured bacterium,,,
seq234,Bacteria,Acidobacteriota,Blastocatellia,Blastocatellales,Blastocatellaceae,Aridibacter,uncultured Acidobacterium sp.
seq235,Bacteria,Acidobacteriota,Vicinamibacteria,Vicinamibacterales,uncultured,uncultured bacterium,
seq236,Bacteria,Proteobacteria,Gammaproteobacteria,Burkholderiales,Comamonadaceae,Ramlibacter,Ramlibacter sp.
seq237,Bacteria,Proteobacteria,Alphaproteobacteria,Rhizobiales,Xanthobacteraceae,Pseudorhodoplanes,bacterium
seq238,Bacteria,Acidobacteriota,Acidobacteriae,Paludibaculum,uncultured bacterium,,
seq239,Bacteria,Actinobacteriota,Thermoleophilia,Solirubrobacterales,Solirubrobacteraceae,Solirubrobacter,uncultured bacterium
seq240,Bacteria,Proteobacteria,Gammaproteobacteria,Burkholderiales,Nitrosomonadaceae,Ellin6067,uncultured bacterium
seq241,Bacteria,Gemmatimonadota,Gemmatimonadetes,Gemmatimonadales,Gemmatimonadaceae,uncultured,uncultured bacterium
seq242,Bacteria,Patescibacteria,Saccharimonadia,Saccharimonadales,uncultured bacterium,,
seq243,Bacteria,Proteobacteria,Gammaproteobacteria,Burkholderiales,TRA3-20,uncultured bacterium,
seq244,Bacteria,Patescibacteria,Saccharimonadia,Saccharimonadales,uncultured bacterium,,
seq245,Bacteria,Myxococcota,bacteriap25,uncultured bacterium,,,
seq246,Bacteria,Proteobacteria,Gammaproteobacteria,Burkholderiales,TRA3-20,uncultured beta proteobacterium,
seq247,Bacteria,Actinobacteriota,Actinobacteria,Micrococcales,Microbacteriaceae,Agromyces,Agromyces sp. THG S6-7
seq248,Bacteria,Actinobacteriota,Actinobacteria,Streptomycetales,Streptomycetaceae,Streptomyces,Streptomyces chartreusis
seq249,Bacteria,Bacteroidota,Bacteroidia,Cytophagales,Microscillaceae,uncultured,uncultured bacterium
seq250,Bacteria,Acidobacteriota,Vicinamibacteria,Vicinamibacterales,uncultured,uncultured Acidobacteria bacterium,
seq251,Bacteria,Proteobacteria,Alphaproteobacteria,Rhizobiales,Xanthobacteraceae,Rhodoplanes,unidentified
seq252,Archaea,Crenarchaeota,Nitrososphaeria,Nitrososphaerales,Nitrososphaeraceae,uncultured archaeon,
seq253,Bacteria,Proteobacteria,Gammaproteobacteria,Pseudomonadales,Pseudomonadaceae,Pseudomonas,Pseudomonas sp.
seq254,Bacteria,Firmicutes,Bacilli,Bacillales,Bacillaceae,Bacillus,uncultured bacterium
seq255,Bacteria,Actinobacteriota,Thermoleophilia,Solirubrobacterales,Solirubrobacteraceae,Solirubrobacter,uncultured bacterium
seq256,Bacteria,Entotheonellaeota,Entotheonellia,Entotheonellales,Entotheonellaceae,uncultured bacterium,
seq257,Bacteria,Actinobacteriota,Acidimicrobiia,Microtrichales,uncultured,uncultured bacterium,
seq258,Bacteria,Actinobacteriota,Thermoleophilia,Gaiellales,uncultured,uncultured bacterium,
seq259,Bacteria,Actinobacteriota,Acidimicrobiia,Microtrichales,uncultured,uncultured bacterium,
seq260,Bacteria,Proteobacteria,Alphaproteobacteria,Rhizobiales,Beijerinckiaceae,uncultured,uncultured bacterium
seq261,Bacteria,Proteobacteria,Alphaproteobacteria,Rhizobiales,KF-JG30-B3,uncultured bacterium,
seq262,Bacteria,Verrucomicrobiota,Verrucomicrobiae,Pedosphaerales,Pedosphaeraceae,uncultured bacterium,
seq263,Bacteria,Proteobacteria,Alphaproteobacteria,Rickettsiales,Mitochondria,Silene dioica (red campion),
seq264,Bacteria,Acidobacteriota,Blastocatellia,Pyrinomonadales,Pyrinomonadaceae,RB41,uncultured bacterium
seq265,Bacteria,Proteobacteria,Gammaproteobacteria,Burkholderiales,Comamonadaceae,Variovorax,Variovorax sp. Po17e
seq266,Bacteria,Proteobacteria,Alphaproteobacteria,Rhizobiales,Xanthobacteraceae,uncultured,uncultured bacterium
seq267,Bacteria,Verrucomicrobiota,Verrucomicrobiae,Pedosphaerales,Pedosphaeraceae,uncultured bacterium,
seq268,Bacteria,Patescibacteria,Saccharimonadia,Saccharimonadales,uncultured Candidatus Saccharibacteria bacterium,,
seq269,Bacteria,Actinobacteriota,Actinobacteria,Micrococcales,Intrasporangiaceae,uncultured,uncultured bacterium
seq270,Bacteria,Proteobacteria,Alphaproteobacteria,Rhizobiales,Xanthobacteraceae,Rhodoplanes,uncultured bacterium
seq271,Bacteria,Verrucomicrobiota,Verrucomicrobiae,Chthoniobacterales,Chthoniobacteraceae,Chthoniobacter,metagenome
seq272,Bacteria,Proteobacteria,Alphaproteobacteria,Micropepsales,Micropepsaceae,uncultured,bacterium Ellin335
seq273,Bacteria,Verrucomicrobiota,Verrucomicrobiae,Opitutales,Opitutaceae,Lacunisphaera,uncultured bacterium
seq274,Bacteria,Acidobacteriota,Blastocatellia,Pyrinomonadales,Pyrinomonadaceae,RB41,uncultured bacterium
seq275,Bacteria,Bacteroidota,Bacteroidia,Chitinophagales,Chitinophagaceae,Ferruginibacter,uncultured Bacteroidetes bacterium
seq276,Bacteroidota,,,,,,
seq277,Bacteria,Planctomycetota,Phycisphaerae,Tepidisphaerales,WD2101 soil group,uncultured planctomycete,
seq278,Bacteria,Proteobacteria,Alphaproteobacteria,Sphingomonadales,Sphingomonadaceae,Sphingomonas,uncultured bacterium
seq279,Bacteria,Actinobacteriota,Actinobacteria,Micrococcales,Intrasporangiaceae,Janibacter,Janibacter alkaliphilus
seq280,Bacteria,Bacteroidota,Bacteroidia,Cytophagales,Hymenobacteraceae,Adhaeribacter,uncultured bacterium
seq281,Bacteria,Proteobacteria,Gammaproteobacteria,Burkholderiales,Comamonadaceae,Ramlibacter,uncultured bacterium
seq282,Bacteria,Bacteroidota,Bacteroidia,Chitinophagales,Chitinophagaceae,uncultured,uncultured Bacteroidetes bacterium
seq283,Bacteria,Proteobacteria,Gammaproteobacteria,Xanthomonadales,Xanthomonadaceae,Arenimonas,uncultured Xanthomonadaceae bacterium
seq284,Bacteria,Cyanobacteria,Cyanobacteriia,Chloroplast,Lactuca sativa,,
seq285,Bacteria,Acidobacteriota,Blastocatellia,Blastocatellales,Blastocatellaceae,Aridibacter,Aridibacter famidurans
seq286,Bacteria,Actinobacteriota,Thermoleophilia,Gaiellales,Gaiellaceae,Gaiella,uncultured bacterium
seq287,Bacteria,Bacteroidota,Bacteroidia,Chitinophagales,Chitinophagaceae,Niastella,uncultured Niastella sp.
seq288,Bacteria,Proteobacteria,Gammaproteobacteria,Gammaproteobacteria Incertae Sedis,Unknown Family,Acidibacter,uncultured gamma proteobacterium
seq289,Bacteria,Proteobacteria,Alphaproteobacteria,Rhizobiales,Xanthobacteraceae,uncultured,uncultured bacterium
seq290,Bacteria,Patescibacteria,Saccharimonadia,Saccharimonadales,uncultured bacterium,,
seq291,Bacteria,Actinobacteriota,Thermoleophilia,Solirubrobacterales,67-14,uncultured bacterium,
seq292,Bacteria,Myxococcota,bacteriap25,uncultured bacterium,,,
seq293,Bacteria,Actinobacteriota,Actinobacteria,Pseudonocardiales,Pseudonocardiaceae,Pseudonocardia,uncultured bacterium
seq294,Bacteria,Actinobacteriota,Actinobacteria,Micrococcales,Microbacteriaceae,Agromyces,Agromyces ramosus
seq295,Bacteria,Actinobacteriota,Actinobacteria,Corynebacteriales,Mycobacteriaceae,Mycobacterium,Mycobacterium sp.
seq296,Bacteria,Verrucomicrobiota,Verrucomicrobiae,Pedosphaerales,Pedosphaeraceae,uncultured bacterium,
seq297,Bacteria,Acidobacteriota,Blastocatellia,Pyrinomonadales,Pyrinomonadaceae,RB41,uncultured bacterium
seq298,Bacteria,Proteobacteria,Alphaproteobacteria,Rhizobiales,Xanthobacteraceae,uncultured,uncultured Xanthobacteraceae bacterium
seq299,Bacteria,Verrucomicrobiota,Verrucomicrobiae,Chthoniobacterales,Xiphinematobacteraceae,Candidatus Xiphinematobacter,uncultured bacterium
seq300,Bacteria,Verrucomicrobiota,Verrucomicrobiae,Chthoniobacterales,Chthoniobacteraceae,Candidatus Udaeobacter,uncultured bacterium
seq301,Bacteria,Chloroflexi,Anaerolineae,Anaerolineales,Anaerolineaceae,uncultured,uncultured bacterium
seq302,Bacteria,Proteobacteria,Gammaproteobacteria,Burkholderiales,Comamonadaceae,Paucibacter,arsenic-oxidizing bacterium C05
seq303,Bacteria,Actinobacteriota,Actinobacteria,Micromonosporales,Micromonosporaceae,Rhizocola,Catellatospora sp. KC-EP-S6
seq304,Bacteria,Verrucomicrobiota,Verrucomicrobiae,Opitutales,Opitutaceae,Opitutus,uncultured bacterium
seq305,Bacteria,Proteobacteria,Alphaproteobacteria,Rhizobiales,Rhizobiaceae,Mesorhizobium,uncultured bacterium
seq306,Bacteria,Acidobacteriota,Vicinamibacteria,Vicinamibacterales,Vicinamibacteraceae,uncultured bacterium,
seq307,Bacteria,Planctomycetota,Planctomycetes,Pirellulales,Pirellulaceae,Pirellula,uncultured bacterium
seq308,Bacteria,Actinobacteriota,Thermoleophilia,uncultured,uncultured bacterium,,
seq309,Bacteria,Chloroflexi,Gitt-GS-136,uncultured bacterium,,,
seq310,Bacteria,Proteobacteria,Gammaproteobacteria,Enterobacterales,Morganellaceae,Buchnera,Buchnera aphidicola (Prociphilus caryae)
seq311,Bacteria,Proteobacteria,Alphaproteobacteria,Rickettsiales,Mitochondria,Prunus armeniaca (apricot),
seq312,Bacteria,Actinobacteriota,Thermoleophilia,Solirubrobacterales,Solirubrobacteraceae,Solirubrobacter,bacterium Ellin6048
seq313,Bacteria,Chloroflexi,Gitt-GS-136,uncultured bacterium,,,
seq314,Bacteria,Actinobacteriota,Actinobacteria,Streptomycetales,Streptomycetaceae,Streptomyces,Streptomyces sp. SCAUEaFL1
seq315,Bacteria,Proteobacteria,Gammaproteobacteria,Burkholderiales,TRA3-20,uncultured beta proteobacterium,
seq316,Bacteria,Actinobacteriota,Actinobacteria,Propionibacteriales,Propionibacteriaceae,Microlunatus,uncultured bacterium
seq317,Bacteria,Acidobacteriota,Vicinamibacteria,Vicinamibacterales,uncultured,uncultured Acidobacteriales bacterium,
seq318,Bacteria,Acidobacteriota,Vicinamibacteria,Vicinamibacterales,Vicinamibacteraceae,uncultured bacterium,
seq319,Bacteria,Gemmatimonadota,Gemmatimonadetes,Gemmatimonadales,Gemmatimonadaceae,uncultured,uncultured bacterium
seq320,Bacteria,Verrucomicrobiota,Verrucomicrobiae,Opitutales,Opitutaceae,uncultured,metagenome
seq321,Bacteria,Actinobacteriota,Thermoleophilia,Solirubrobacterales,67-14,uncultured bacterium,
seq322,Bacteria,Actinobacteriota,Actinobacteria,Propionibacteriales,Nocardioidaceae,Nocardioides,Nocardioides sp.
seq323,Bacteria,Bacteroidota,Bacteroidia,Chitinophagales,Chitinophagaceae,Edaphobaculum,uncultured bacterium
seq324,Bacteria,Patescibacteria,Saccharimonadia,Saccharimonadales,uncultured bacterium,,
seq325,Bacteria,Verrucomicrobiota,Verrucomicrobiae,Pedosphaerales,Pedosphaeraceae,uncultured,uncultured bacterium
seq326,Bacteria,Bacteroidota,Bacteroidia,Chitinophagales,Chitinophagaceae,uncultured,uncultured bacterium
seq327,Bacteria,Acidobacteriota,Blastocatellia,Pyrinomonadales,Pyrinomonadaceae,RB41,uncultured bacterium
seq328,Bacteria,Bacteroidota,Bacteroidia,Cytophagales,Microscillaceae,Chryseolinea,uncultured Flexibacter sp.
seq329,Unclassified,,,,,,
seq330,Bacteria,Acidobacteriota,Acidobacteriae,Bryobacterales,Bryobacteraceae,Bryobacter,uncultured bacterium
seq331,Bacteria,Chloroflexi,KD4-96,uncultured bacterium,,,
seq332,Bacteria,Proteobacteria,Alphaproteobacteria,Sphingomonadales,Sphingomonadaceae,uncultured,uncultured bacterium
seq333,Bacteria,Acidobacteriota,Blastocatellia,Blastocatellales,Blastocatellaceae,JGI 0001001-H03,uncultured bacterium
seq334,Bacteria,Gemmatimonadota,Gemmatimonadetes,Gemmatimonadales,Gemmatimonadaceae,uncultured,uncultured bacterium
seq335,Bacteria,Actinobacteriota,Thermoleophilia,Gaiellales,uncultured,uncultured bacterium,
seq336,Bacteria,Verrucomicrobiota,Verrucomicrobiae,Opitutales,Opitutaceae,Opitutus,uncultured Verrucomicrobia bacterium
seq337,Bacteria,Actinobacteriota,Actinobacteria,Propionibacteriales,Propionibacteriaceae,Microlunatus,uncultured bacterium
seq338,Bacteria,Planctomycetota,Planctomycetes,Pirellulales,Pirellulaceae,Pir4 lineage,uncultured bacterium
seq339,Unclassified,,,,,,
seq340,Bacteria,Actinobacteriota,Actinobacteria,Propionibacteriales,Propionibacteriaceae,uncultured,uncultured bacterium
seq341,Bacteria,Proteobacteria,Gammaproteobacteria,Burkholderiales,Oxalobacteraceae,Massilia,uncultured bacterium
seq342,Bacteria,Proteobacteria,Alphaproteobacteria,Sphingomonadales,Sphingomonadaceae,uncultured,Sphingomonadaceae bacterium Gsoil 359
seq343,Bacteria,Chloroflexi,TK10,uncultured bacterium,,,
seq344,Archaea,Crenarchaeota,Nitrososphaeria,Nitrososphaerales,Nitrososphaeraceae,uncultured crenarchaeote,
seq345,Bacteria,Bacteroidota,Bacteroidia,Cytophagales,Microscillaceae,uncultured,metagenome
seq346,Bacteria,Verrucomicrobiota,Verrucomicrobiae,Chthoniobacterales,Chthoniobacteraceae,Candidatus Udaeobacter,uncultured bacterium
seq347,Bacteria,Actinobacteriota,Actinobacteria,Micrococcales,Cellulomonadaceae,Cellulomonas,Cellulomonas aerilata
seq348,Unclassified,,,,,,
seq349,Bacteria,Actinobacteriota,Actinobacteria,Streptomycetales,Streptomycetaceae,Streptomyces,Streptomyces sp. AV109
seq350,Bacteria,Actinobacteriota,Thermoleophilia,Gaiellales,Gaiellaceae,Gaiella,actinobacterium WWH12
seq351,Bacteria,Proteobacteria,Alphaproteobacteria,Dongiales,Dongiaceae,Dongia,uncultured Rhodospirillaceae bacterium
seq352,Bacteria,Proteobacteria,Gammaproteobacteria,Burkholderiales,Comamonadaceae,Variovorax,Variovorax soli
seq353,Bacteria,Acidobacteriota,Blastocatellia,Pyrinomonadales,Pyrinomonadaceae,RB41,uncultured bacterium
seq354,Archaea,Crenarchaeota,Nitrososphaeria,Nitrososphaerales,Nitrososphaeraceae,uncultured archaeon,
seq355,Bacteria,Verrucomicrobiota,Verrucomicrobiae,Pedosphaerales,Pedosphaeraceae,uncultured soil bacterium,
seq356,Bacteria,Proteobacteria,Gammaproteobacteria,Steroidobacterales,Steroidobacteraceae,Steroidobacter,uncultured bacterium
seq357,Archaea,Crenarchaeota,Nitrososphaeria,Nitrososphaerales,Nitrososphaeraceae,uncultured archaeon,
seq358,Bacteria,Verrucomicrobiota,Verrucomicrobiae,Pedosphaerales,Pedosphaeraceae,uncultured bacterium,
seq359,Bacteria,Proteobacteria,Gammaproteobacteria,Burkholderiales,TRA3-20,uncultured beta proteobacterium,
seq360,Bacteria,Actinobacteriota,Thermoleophilia,Gaiellales,uncultured,uncultured bacterium,
seq361,Bacteria,Actinobacteriota,Actinobacteria,Micrococcales,Microbacteriaceae,Agromyces,Agromyces sp. MN5-7
seq362,Archaea,Crenarchaeota,Nitrososphaeria,Nitrososphaerales,Nitrososphaeraceae,uncultured archaeon,
seq363,Bacteria,Actinobacteriota,Acidimicrobiia,Microtrichales,Ilumatobacteraceae,Ilumatobacter,metagenome
seq364,Bacteria,Verrucomicrobiota,Verrucomicrobiae,Chthoniobacterales,Chthoniobacteraceae,Chthoniobacter,uncultured Verrucomicrobia bacterium
seq365,Bacteria,Planctomycetota,Planctomycetes,uncultured,uncultured bacterium,,
seq366,Bacteria,Proteobacteria,Alphaproteobacteria,Azospirillales,Azospirillaceae,Skermanella,uncultured bacterium
seq367,Bacteria,Verrucomicrobiota,Verrucomicrobiae,Pedosphaerales,Pedosphaeraceae,uncultured Verrucomicrobia bacterium,
seq368,Archaea,Crenarchaeota,Nitrososphaeria,Nitrososphaerales,Nitrososphaeraceae,uncultured crenarchaeote,
seq369,Bacteria,Acidobacteriota,Blastocatellia,Pyrinomonadales,Pyrinomonadaceae,RB41,uncultured Acidobacteria bacterium
seq370,Archaea,Crenarchaeota,Nitrososphaeria,Nitrososphaerales,Nitrososphaeraceae,uncultured crenarchaeote,
seq371,Bacteria,Chloroflexi,TK10,uncultured bacterium,,,
seq372,Bacteria,Bacteroidota,Bacteroidia,Cytophagales,Microscillaceae,uncultured,uncultured Ohtaekwangia sp.
seq373,Bacteria,Myxococcota,Polyangia,Polyangiales,Polyangiaceae,Aetherobacter,Aetherobacter rufus
seq374,Bacteria,Bacteroidota,Bacteroidia,Chitinophagales,Chitinophagaceae,Flavitalea,uncultured bacterium
seq375,Bacteria,Myxococcota,bacteriap25,uncultured bacterium,,,
seq376,Bacteria,Bacteroidota,Bacteroidia,Chitinophagales,Chitinophagaceae,Flavisolibacter,Flavisolibacter ginsengiterrae
seq377,Bacteria,Entotheonellaeota,Entotheonellia,Entotheonellales,Entotheonellaceae,uncultured bacterium,
seq378,Bacteria,Verrucomicrobiota,Verrucomicrobiae,Opitutales,Opitutaceae,Opitutus,uncultured Verrucomicrobia bacterium
seq379,Bacteria,Bacteroidota,Bacteroidia,Chitinophagales,Chitinophagaceae,uncultured,uncultured bacterium
seq380,Bacteria,Actinobacteriota,Thermoleophilia,Gaiellales,uncultured,uncultured bacterium,
seq381,Bacteria,Actinobacteriota,Acidimicrobiia,Microtrichales,Ilumatobacteraceae,Ilumatobacter,uncultured bacterium
seq382,Bacteria,Acidobacteriota,Subgroup 18,uncultured bacterium,,,
seq383,Bacteria,Bacteroidota,Bacteroidia,Sphingobacteriales,Sphingobacteriaceae,Pedobacter,Pedobacter kyungheensis
seq384,Bacteria,Acidobacteriota,Subgroup 25,uncultured bacterium,,,
seq385,Bacteria,Actinobacteriota,Actinobacteria,Corynebacteriales,Mycobacteriaceae,Mycobacterium,actinomycete P011.UGM050509-01
seq386,Bacteria,Acidobacteriota,Blastocatellia,Blastocatellales,Blastocatellaceae,JGI 0001001-H03,uncultured Acidobacteria bacterium
seq387,Unclassified,,,,,,
seq388,Bacteria,Actinobacteriota,Actinobacteria,Propionibacteriales,Nocardioidaceae,Nocardioides,Nocardioides sp. Bzb3
seq389,Bacteria,Patescibacteria,Parcubacteria,uncultured bacterium,,,
seq390,Bacteria,Actinobacteriota,Actinobacteria,Pseudonocardiales,Pseudonocardiaceae,Pseudonocardia,uncultured bacterium
seq391,Bacteria,Proteobacteria,Gammaproteobacteria,Burkholderiales,Comamonadaceae,Piscinibacter,Methylibium sp. T2-YC6780
seq392,Bacteria,Proteobacteria,Gammaproteobacteria,Burkholderiales,Nitrosomonadaceae,Ellin6067,uncultured bacterium
seq393,Bacteria,Proteobacteria,Gammaproteobacteria,Burkholderiales,Comamonadaceae,Ramlibacter,uncultured Comamonadaceae bacterium
seq394,Archaea,Crenarchaeota,Nitrososphaeria,Nitrososphaerales,Nitrososphaeraceae,uncultured crenarchaeote,
seq395,Bacteria,Actinobacteriota,Thermoleophilia,Gaiellales,uncultured,uncultured bacterium,
seq396,Bacteria,Myxococcota,bacteriap25,uncultured bacterium,,,
seq397,Bacteria,Actinobacteriota,Thermoleophilia,Gaiellales,Gaiellaceae,Gaiella,uncultured bacterium
seq398,Bacteria,Verrucomicrobiota,Verrucomicrobiae,Verrucomicrobiales,Verrucomicrobiaceae,uncultured,uncultured bacterium
seq399,Bacteria,Bacteroidota,Bacteroidia,Cytophagales,Microscillaceae,Hassallia,uncultured bacterium
seq400,Bacteria,Proteobacteria,Gammaproteobacteria,Steroidobacterales,Steroidobacteraceae,Steroidobacter,uncultured bacterium
seq401,Bacteria,Acidobacteriota,Blastocatellia,Pyrinomonadales,Pyrinomonadaceae,RB41,uncultured bacterium
seq402,Bacteria,Acidobacteriota,Vicinamibacteria,Vicinamibacterales,uncultured,uncultured bacterium,
seq403,Bacteria,Entotheonellaeota,Entotheonellia,Entotheonellales,Entotheonellaceae,Candidatus Entotheonella,uncultured bacterium
seq404,Bacteria,Planctomycetota,Phycisphaerae,Tepidisphaerales,WD2101 soil group,uncultured bacterium,
seq405,Bacteria,Acidobacteriota,Vicinamibacteria,Vicinamibacterales,Vicinamibacteraceae,uncultured bacterium,
seq406,Bacteria,Actinobacteriota,Actinobacteria,Streptomycetales,Streptomycetaceae,Streptomyces,Streptomyces drozdowiczii
seq407,Bacteria,Actinobacteriota,Thermoleophilia,Solirubrobacterales,67-14,uncultured actinobacterium,
seq408,Bacteria,Bacteroidota,Bacteroidia,Flavobacteriales,Flavobacteriaceae,Flavobacterium,uncultured bacterium
seq409,Bacteria,Proteobacteria,Gammaproteobacteria,Burkholderiales,Sutterellaceae,uncultured,uncultured bacterium
seq410,Bacteria,Bacteroidota,Bacteroidia,Chitinophagales,Chitinophagaceae,Chitinophaga,uncultured bacterium
seq411,Archaea,Crenarchaeota,Nitrososphaeria,Nitrososphaerales,Nitrososphaeraceae,uncultured crenarchaeote,
seq412,Bacteria,Actinobacteriota,Acidimicrobiia,Microtrichales,uncultured,uncultured bacterium,
seq413,Bacteria,Bacteroidota,Bacteroidia,Chitinophagales,Chitinophagaceae,uncultured,uncultured bacterium
seq414,Bacteria,Bacteroidota,Bacteroidia,Chitinophagales,Chitinophagaceae,Terrimonas,Terrimonas sp.
seq415,Bacteria,Actinobacteriota,Rubrobacteria,Rubrobacterales,Rubrobacteriaceae,Rubrobacter,uncultured bacterium
seq416,Bacteria,Actinobacteriota,Thermoleophilia,Solirubrobacterales,67-14,uncultured bacterium,
seq417,Bacteria,Gemmatimonadota,Gemmatimonadetes,Gemmatimonadales,Gemmatimonadaceae,uncultured,uncultured Gemmatimonadetes bacterium
seq418,Bacteria,Acidobacteriota,Blastocatellia,Pyrinomonadales,Pyrinomonadaceae,RB41,uncultured bacterium
seq419,Bacteria,Actinobacteriota,Thermoleophilia,Solirubrobacterales,67-14,uncultured bacterium,
seq420,Bacteria,Planctomycetota,Planctomycetes,Pirellulales,Pirellulaceae,Pirellula,uncultured bacterium
seq421,Bacteria,Verrucomicrobiota,Verrucomicrobiae,Pedosphaerales,Pedosphaeraceae,uncultured Verrucomicrobia bacterium,
seq422,Bacteria,Acidobacteriota,Vicinamibacteria,Vicinamibacterales,Vicinamibacteraceae,uncultured bacterium,
seq423,Bacteria,Proteobacteria,Alphaproteobacteria,Sphingomonadales,Sphingomonadaceae,Sphingomonas,uncultured Alphaproteobacteria bacterium
seq424,Bacteria,Bacteroidota,Bacteroidia,Chitinophagales,Chitinophagaceae,Terrimonas,uncultured bacterium
seq425,Bacteria,Actinobacteriota,Rubrobacteria,Rubrobacterales,Rubrobacteriaceae,Rubrobacter,uncultured Rubrobacter sp.
seq426,Bacteria,RCP2-54,uncultured delta proteobacterium,,,,
seq427,Bacteria,Patescibacteria,Saccharimonadia,Saccharimonadales,uncultured Candidatus Saccharibacteria bacterium,,
seq428,Bacteria,Myxococcota,Polyangia,Polyangiales,BIrii41,uncultured bacterium,
seq429,Bacteria,Planctomycetota,Planctomycetes,Pirellulales,Pirellulaceae,Pir4 lineage,uncultured bacterium
seq430,Bacteria,Proteobacteria,Alphaproteobacteria,Rhizobiales,Xanthobacteraceae,Pseudolabrys,uncultured bacterium
seq431,Archaea,Crenarchaeota,Nitrososphaeria,Nitrososphaerales,Nitrososphaeraceae,uncultured crenarchaeote,
seq432,Bacteria,Proteobacteria,Alphaproteobacteria,Rhizobiales,Xanthobacteraceae,uncultured,uncultured Alphaproteobacteria bacterium
seq433,Bacteria,Proteobacteria,Alphaproteobacteria,Rhizobiales,Beijerinckiaceae,Psychroglaciecola,uncultured bacterium
seq434,Bacteria,Proteobacteria,Alphaproteobacteria,Rhizobiales,Rhizobiales Incertae Sedis,Nordella,uncultured bacterium
seq435,Bacteria,Actinobacteriota,Actinobacteria,Corynebacteriales,Mycobacteriaceae,Mycobacterium,Mycobacterium sp. MN5-9
seq436,Bacteria,Bacteroidota,Bacteroidia,Chitinophagales,Chitinophagaceae,uncultured,uncultured soil bacterium
seq437,Bacteria,Cyanobacteria,Cyanobacteriia,Chloroplast,uncultured bacterium,,
seq438,Bacteria,Proteobacteria,Alphaproteobacteria,Rhizobiales,Devosiaceae,Devosia,uncultured bacterium
seq439,Bacteria,Actinobacteriota,Thermoleophilia,Gaiellales,uncultured,uncultured bacterium,
seq440,Bacteria,Planctomycetota,Planctomycetes,Pirellulales,Pirellulaceae,Pir4 lineage,uncultured bacterium
seq441,Bacteria,Patescibacteria,Saccharimonadia,Saccharimonadales,uncultured bacterium,,
seq442,Bacteria,Bacteroidota,Bacteroidia,Chitinophagales,Chitinophagaceae,uncultured,uncultured bacterium
seq443,Bacteria,Actinobacteriota,Acidimicrobiia,Microtrichales,Ilumatobacteraceae,uncultured,uncultured actinobacterium
seq444,Bacteria,Actinobacteriota,Actinobacteria,Corynebacteriales,Mycobacteriaceae,Mycobacterium,Mycobacterium sp. BB38
seq445,Bacteria,Proteobacteria,Alphaproteobacteria,Rhizobiales,Rhizobiales Incertae Sedis,Nordella,uncultured bacterium
seq446,Bacteria,Bacteroidota,Bacteroidia,Chitinophagales,Chitinophagaceae,Flavisolibacter,uncultured bacterium
seq447,Bacteria,Chloroflexi,Anaerolineae,SBR1031,A4b,uncultured Caldilineaceae bacterium,
seq448,Bacteria,Acidobacteriota,Vicinamibacteria,Vicinamibacterales,Vicinamibacteraceae,uncultured Acidobacteria bacterium,
seq449,Bacteria,Verrucomicrobiota,Verrucomicrobiae,Chthoniobacterales,Chthoniobacteraceae,Chthoniobacter,uncultured bacterium
seq450,Bacteria,Bacteroidota,Bacteroidia,Sphingobacteriales,KD3-93,metagenome,
seq451,Bacteria,Bacteroidota,Bacteroidia,Sphingobacteriales,AKYH767,uncultured bacterium,
seq452,Bacteria,Proteobacteria,Alphaproteobacteria,Rhizobiales,Beijerinckiaceae,Bosea,uncultured bacterium
seq453,Bacteria,Actinobacteriota,Thermoleophilia,Solirubrobacterales,Solirubrobacteraceae,Solirubrobacter,uncultured bacterium
seq454,Bacteria,Actinobacteriota,Actinobacteria,Propionibacteriales,Nocardioidaceae,Nocardioides,Nocardioides sp. LaPpAH239
seq455,Bacteria,Acidobacteriota,Vicinamibacteria,Vicinamibacterales,uncultured,uncultured Acidobacteria bacterium,
seq456,Bacteria,Gemmatimonadota,Gemmatimonadetes,Gemmatimonadales,Gemmatimonadaceae,uncultured,uncultured bacterium
seq457,Bacteria,Bacteroidota,Bacteroidia,Cytophagales,Microscillaceae,uncultured,uncultured bacterium
seq458,Bacteria,Proteobacteria,Gammaproteobacteria,Steroidobacterales,Steroidobacteraceae,Steroidobacter,uncultured Steroidobacter sp.
seq459,Bacteria,Acidobacteriota,Vicinamibacteria,Vicinamibacterales,Vicinamibacteraceae,uncultured bacterium,
seq460,Bacteria,Bacteroidota,Bacteroidia,Chitinophagales,Chitinophagaceae,uncultured,uncultured bacterium
seq461,Bacteria,Bacteroidota,Bacteroidia,Sphingobacteriales,Sphingobacteriaceae,Pedobacter,Pedobacter luteus
seq462,Bacteria,Chloroflexi,Anaerolineae,Caldilineales,Caldilineaceae,uncultured,uncultured bacterium
seq463,Bacteria,Planctomycetota,Planctomycetes,Pirellulales,Pirellulaceae,Pir4 lineage,uncultured bacterium
seq464,Bacteria,Actinobacteriota,Thermoleophilia,Solirubrobacterales,67-14,uncultured bacterium,
seq465,Bacteria,Bacteroidota,Bacteroidia,Cytophagales,Microscillaceae,uncultured,uncultured bacterium
seq466,Bacteria,Actinobacteriota,MB-A2-108,uncultured bacterium,,,
seq467,Bacteria,Bacteroidota,Bacteroidia,Chitinophagales,Chitinophagaceae,Edaphobaculum,uncultured bacterium
seq468,Bacteria,Acidobacteriota,Blastocatellia,Pyrinomonadales,Pyrinomonadaceae,RB41,uncultured Acidobacteria bacterium
seq469,Bacteria,Proteobacteria,Gammaproteobacteria,Steroidobacterales,Steroidobacteraceae,Steroidobacter,uncultured Xanthomonadaceae bacterium
seq470,ML_predicted_Phylum: Patescibacteria,,,,,,
seq471,Bacteria,Verrucomicrobiota,Verrucomicrobiae,Opitutales,Opitutaceae,Opitutus,uncultured bacterium
seq472,Bacteria,Acidobacteriota,Blastocatellia,Blastocatellales,Blastocatellaceae,Blastocatella,uncultured Acidobacteria bacterium
seq473,Archaea,Crenarchaeota,Nitrososphaeria,Nitrososphaerales,Nitrososphaeraceae,uncultured crenarchaeote,
seq474,Bacteria,Actinobacteriota,Thermoleophilia,Gaiellales,uncultured,uncultured bacterium,
seq475,Bacteria,Bacteroidota,Bacteroidia,Chitinophagales,Chitinophagaceae,Terrimonas,Terrimonas sp.
seq476,Bacteria,Proteobacteria,Gammaproteobacteria,Steroidobacterales,Steroidobacteraceae,Steroidobacter,Pseudomonas sp. VT1B
seq477,Bacteria,Verrucomicrobiota,Verrucomicrobiae,Opitutales,Opitutaceae,Opitutus,metagenome
seq478,Bacteria,Chloroflexi,Anaerolineae,Anaerolineales,Anaerolineaceae,UTCFX1,uncultured bacterium
seq479,Bacteria,Proteobacteria,Alphaproteobacteria,Azospirillales,Azospirillaceae,Skermanella,uncultured bacterium
seq480,Bacteria,Chloroflexi,Anaerolineae,SBR1031,A4b,uncultured Caldilineaceae bacterium,
seq481,Bacteria,Proteobacteria,Alphaproteobacteria,Rhizobiales,Hyphomicrobiaceae,Pedomicrobium,uncultured bacterium
seq482,Bacteria,Bacteroidota,Bacteroidia,Sphingobacteriales,env.OPS 17,uncultured bacterium,
seq483,Bacteria,Acidobacteriota,Blastocatellia,Pyrinomonadales,Pyrinomonadaceae,RB41,uncultured bacterium
seq484,Bacteria,Bacteroidota,Bacteroidia,Chitinophagales,Chitinophagaceae,uncultured,uncultured bacterium
seq485,Bacteria,Bacteroidota,Bacteroidia,Sphingobacteriales,AKYH767,uncultured bacterium,
seq486,Bacteria,Myxococcota,Myxococcia,Myxococcales,Myxococcaceae,Archangium,Archangium gephyra
seq487,Bacteria,Proteobacteria,Gammaproteobacteria,Gammaproteobacteria Incertae Sedis,Unknown Family,Acidibacter,uncultured bacterium
seq488,Bacteria,Acidobacteriota,Blastocatellia,Pyrinomonadales,Pyrinomonadaceae,RB41,uncultured Acidobacteria bacterium
seq489,Bacteria,Proteobacteria,Alphaproteobacteria,Rhizobiales,Rhizobiaceae,Allorhizobium-Neorhizobium-Pararhizobium-Rhizobium,Mesorhizobium sp. 4.1.3
seq490,Bacteria,Verrucomicrobiota,Verrucomicrobiae,Pedosphaerales,Pedosphaeraceae,uncultured,uncultured bacterium
seq491,Bacteria,Verrucomicrobiota,Verrucomicrobiae,Verrucomicrobiales,Rubritaleaceae,Luteolibacter,Verrucomicrobiaceae bacterium ONA9
seq492,Bacteria,Actinobacteriota,Thermoleophilia,Solirubrobacterales,67-14,uncultured bacterium,
seq493,Unclassified,,,,,,
seq494,Bacteria,Bacteroidota,Bacteroidia,Cytophagales,Microscillaceae,uncultured,uncultured Bacteroidetes bacterium
seq495,Bacteria,Acidobacteriota,Blastocatellia,11-24,uncultured Acidobacteria bacterium,,
seq496,Bacteria,Proteobacteria,Alphaproteobacteria,Rhizobiales,Rhizobiaceae,Allorhizobium-Neorhizobium-Pararhizobium-Rhizobium,Rhizobium azooxidifex
seq497,Bacteria,Verrucomicrobiota,Verrucomicrobiae,Pedosphaerales,Pedosphaeraceae,uncultured bacterium,
seq498,Bacteria,Planctomycetota,Planctomycetes,Pirellulales,Pirellulaceae,Pir4 lineage,uncultured bacterium
seq499,Bacteria,Proteobacteria,Alphaproteobacteria,Rhizobiales,Xanthobacteraceae,Rhodoplanes,uncultured bacterium
seq500,Bacteria,Actinobacteriota,Acidimicrobiia,Microtrichales,uncultured,uncultured bacterium,
seq501,Bacteria,Acidobacteriota,Blastocatellia,Pyrinomonadales,Pyrinomonadaceae,RB41,uncultured bacterium
seq502,Bacteria,Patescibacteria,Saccharimonadia,Saccharimonadales,uncultured bacterium,,
seq503,Bacteria,Bacteroidota,Bacteroidia,Cytophagales,Hymenobacteraceae,Adhaeribacter,Adhaeribacter terrae
seq504,Bacteria,Acidobacteriota,Vicinamibacteria,Vicinamibacterales,Vicinamibacteraceae,uncultured Acidobacteriales bacterium,
seq505,Bacteria,Acidobacteriota,Vicinamibacteria,Vicinamibacterales,uncultured,uncultured bacterium,
seq506,Archaea,Crenarchaeota,Nitrososphaeria,Nitrososphaerales,Nitrososphaeraceae,uncultured euryarchaeote,
seq507,Bacteria,Gemmatimonadota,Gemmatimonadetes,Gemmatimonadales,Gemmatimonadaceae,uncultured,uncultured bacterium
seq508,Bacteria,Acidobacteriota,Blastocatellia,Pyrinomonadales,Pyrinomonadaceae,RB41,uncultured bacterium
seq509,Bacteria,Proteobacteria,Gammaproteobacteria,Burkholderiales,Comamonadaceae,Xenophilus,Xenophilus arseniciresistens
seq510,Bacteria,Bacteroidota,Bacteroidia,Cytophagales,Microscillaceae,Ohtaekwangia,uncultured bacterium
seq511,Bacteria,Myxococcota,bacteriap25,uncultured bacterium,,,
seq512,Bacteria,Actinobacteriota,Thermoleophilia,Gaiellales,uncultured,uncultured bacterium,
seq513,Bacteria,Proteobacteria,Gammaproteobacteria,Steroidobacterales,Steroidobacteraceae,Steroidobacter,metagenome
seq514,Bacteria,Chloroflexi,KD4-96,uncultured bacterium,,,
seq515,Bacteria,Bacteroidota,Bacteroidia,Cytophagales,Microscillaceae,uncultured,bacterium
seq516,Bacteria,Planctomycetota,Planctomycetes,Pirellulales,Pirellulaceae,Pir4 lineage,uncultured bacterium
seq517,Bacteria,Chloroflexi,TK10,uncultured bacterium,,,
seq518,Bacteria,Actinobacteriota,Thermoleophilia,Solirubrobacterales,Solirubrobacteraceae,Solirubrobacter,Solirubrobacter phytolaccae
seq519,Bacteria,Actinobacteriota,Actinobacteria,Pseudonocardiales,Pseudonocardiaceae,Pseudonocardia,Pseudonocardia hispaniensis
seq520,Bacteria,Proteobacteria,Alphaproteobacteria,Rhizobiales,Xanthobacteraceae,Bradyrhizobium,alpha proteobacterium ARP-2-16
seq521,Bacteria,Actinobacteriota,MB-A2-108,uncultured bacterium,,,
seq522,Bacteria,Proteobacteria,Gammaproteobacteria,Burkholderiales,Comamonadaceae,Acidovorax,Acidovorax cavernicola
seq523,Bacteria,Verrucomicrobiota,Verrucomicrobiae,Chthoniobacterales,Chthoniobacteraceae,Candidatus Udaeobacter,uncultured Verrucomicrobia bacterium
seq524,Bacteria,Verrucomicrobiota,Verrucomicrobiae,Chthoniobacterales,Chthoniobacteraceae,Candidatus Udaeobacter,uncultured bacterium
seq525,Bacteria,Acidobacteriota,Vicinamibacteria,Vicinamibacterales,uncultured,uncultured bacterium,
seq526,Bacteria,Actinobacteriota,Rubrobacteria,Rubrobacterales,Rubrobacteriaceae,Rubrobacter,uncultured bacterium
seq527,Bacteria,Actinobacteriota,Actinobacteria,Streptomycetales,Streptomycetaceae,Streptomyces,actinobacterium H531
seq528,Bacteria,Proteobacteria,Gammaproteobacteria,Burkholderiales,TRA3-20,uncultured bacterium,
seq529,Bacteria,Actinobacteriota,MB-A2-108,uncultured bacterium,,,
seq530,Bacteria,Proteobacteria,Gammaproteobacteria,Burkholderiales,Nitrosomonadaceae,Ellin6067,uncultured bacterium
seq531,Bacteria,Proteobacteria,Gammaproteobacteria,Gammaproteobacteria Incertae Sedis,Unknown Family,Acidibacter,uncultured bacterium
seq532,Bacteria,Actinobacteriota,Actinobacteria,Micrococcales,Microbacteriaceae,Microbacterium,Microbacterium sp. 5.5LF34T
seq533,Bacteria,Actinobacteriota,Thermoleophilia,Gaiellales,uncultured,uncultured bacterium,
seq534,Bacteria,Myxococcota,Polyangia,Haliangiales,Haliangiaceae,Haliangium,uncultured bacterium
seq535,Bacteria,Bacteroidota,Bacteroidia,Cytophagales,Microscillaceae,Ohtaekwangia,uncultured bacterium
seq536,Bacteria,Acidobacteriota,Vicinamibacteria,Vicinamibacterales,Vicinamibacteraceae,uncultured bacterium,
seq537,Bacteria,Myxococcota,Polyangia,Polyangiales,Phaselicystidaceae,Phaselicystis,uncultured bacterium
seq538,Bacteria,Actinobacteriota,Thermoleophilia,Solirubrobacterales,67-14,uncultured bacterium,
seq539,Bacteria,Actinobacteriota,Thermoleophilia,Gaiellales,uncultured,uncultured bacterium,
seq540,Bacteria,Bacteroidota,Bacteroidia,Chitinophagales,Chitinophagaceae,Terrimonas,uncultured Chitinophagaceae bacterium
seq541,Archaea,Crenarchaeota,Nitrososphaeria,Nitrososphaerales,Nitrososphaeraceae,unidentified,
seq542,Bacteria,Planctomycetota,Planctomycetes,Pirellulales,Pirellulaceae,Pir4 lineage,uncultured bacterium
seq543,Bacteria,Actinobacteriota,Actinobacteria,Micrococcales,Microbacteriaceae,Microbacterium,Microbacterium terregens
seq544,Bacteria,Bacteroidota,Bacteroidia,Chitinophagales,Chitinophagaceae,uncultured,uncultured Flavobacterium sp.
seq545,Bacteria,Planctomycetota,OM190,metagenome,,,
seq546,Bacteria,Acidobacteriota,Vicinamibacteria,Vicinamibacterales,Vicinamibacteraceae,uncultured bacterium,
seq547,Bacteria,Proteobacteria,Alphaproteobacteria,Sphingomonadales,Sphingomonadaceae,Ellin6055,uncultured bacterium
seq548,Bacteria,Verrucomicrobiota,Verrucomicrobiae,Chthoniobacterales,Chthoniobacteraceae,Chthoniobacter,uncultured Verrucomicrobia bacterium
seq549,Bacteria,Planctomycetota,Planctomycetes,Pirellulales,Pirellulaceae,Pirellula,uncultured bacterium
seq550,Bacteria,Acidobacteriota,Acidobacteriae,Paludibaculum,uncultured bacterium,,
seq551,Bacteria,Actinobacteriota,Actinobacteria,Propionibacteriales,Nocardioidaceae,Marmoricola,uncultured Marmoricola sp.
seq552,Bacteria,Proteobacteria,Gammaproteobacteria,Pseudomonadales,Moraxellaceae,uncultured,metagenome
seq553,Bacteria,Actinobacteriota,Actinobacteria,Corynebacteriales,Mycobacteriaceae,Mycobacterium,Mycobacterium sp. A16
seq554,Bacteria,Bacteroidota,Bacteroidia,Cytophagales,Microscillaceae,uncultured,uncultured Bacteroidetes bacterium
seq555,Bacteria,Actinobacteriota,Actinobacteria,Micromonosporales,Micromonosporaceae,Verrucosispora sp. FXJ6.013,
seq556,Bacteria,Actinobacteriota,Actinobacteria,Micrococcales,Promicromonosporaceae,Isoptericola,Promicromonospora sp. FS60
seq557,Bacteria,Actinobacteriota,Actinobacteria,Micrococcales,Microbacteriaceae,Galbitalea,uncultured bacterium
seq558,Bacteria,Bacteroidota,Bacteroidia,Sphingobacteriales,Sphingobacteriaceae,Mucilaginibacter,Mucilaginibacter calamicampi
seq559,Bacteria,Bacteroidota,Bacteroidia,Cytophagales,Microscillaceae,uncultured,metagenome
seq560,Bacteria,Proteobacteria,Gammaproteobacteria,Burkholderiales,TRA3-20,uncultured bacterium,
seq561,Bacteria,Myxococcota,Polyangia,Polyangiales,BIrii41,metagenome,
seq562,Bacteria,Planctomycetota,Planctomycetes,Pirellulales,Pirellulaceae,uncultured,uncultured bacterium
seq563,Bacteria,Proteobacteria,Gammaproteobacteria,Burkholderiales,Comamonadaceae,Ramlibacter,uncultured Ramlibacter sp.
seq564,Bacteria,Verrucomicrobiota,Verrucomicrobiae,Verrucomicrobiales,Rubritaleaceae,Luteolibacter,uncultured Luteolibacter sp.
seq565,Bacteria,Actinobacteriota,Thermoleophilia,Gaiellales,uncultured,uncultured bacterium,
seq566,Bacteria,Proteobacteria,Gammaproteobacteria,Pseudomonadales,Pseudomonadaceae,Pseudomonas,Pseudomonas putida
seq567,Bacteria,RCP2-54,uncultured bacterium,,,,
seq568,Bacteria,Acidobacteriota,Vicinamibacteria,Vicinamibacterales,uncultured,uncultured Acidobacteria bacterium,
seq569,Bacteria,Bacteroidota,Bacteroidia,Chitinophagales,Saprospiraceae,uncultured,uncultured bacterium
seq570,Archaea,Crenarchaeota,Nitrososphaeria,Nitrososphaerales,Nitrososphaeraceae,uncultured archaeon,
seq571,Bacteria,Cyanobacteria,Vampirivibrionia,Vampirovibrionales,Vampirovibrionaceae,Vampirovibrio,Vampirovibrio chlorellavorus
seq572,Bacteria,Actinobacteriota,Acidimicrobiia,IMCC26256,uncultured bacterium,,
seq573,Bacteria,Myxococcota,bacteriap25,uncultured bacterium,,,
seq574,Bacteria,Bacteroidota,Bacteroidia,Cytophagales,Cytophagaceae,Rhodocytophaga,uncultured bacterium
seq575,Bacteria,Bacteroidota,Bacteroidia,Cytophagales,Microscillaceae,uncultured,uncultured bacterium
seq576,Bacteria,Actinobacteriota,Acidimicrobiia,Microtrichales,Iamiaceae,Iamia,uncultured bacterium
seq577,Bacteria,Firmicutes,Bacilli,Bacillales,Bacillaceae,Bacillus,Bacillus sp. C-23
seq578,Bacteria,Gemmatimonadota,Gemmatimonadetes,Gemmatimonadales,Gemmatimonadaceae,uncultured,uncultured bacterium
seq579,Bacteria,Acidobacteriota,Blastocatellia,Blastocatellales,Blastocatellaceae,Blastocatella,uncultured bacterium
seq580,Bacteria,Actinobacteriota,Actinobacteria,Pseudonocardiales,Pseudonocardiaceae,Kibdelosporangium,Kibdelosporangium sp.
seq581,Bacteria,Proteobacteria,Gammaproteobacteria,Steroidobacterales,Steroidobacteraceae,Steroidobacter,uncultured gamma proteobacterium
seq582,Bacteria,Patescibacteria,Saccharimonadia,Saccharimonadales,metagenome,,
seq583,Bacteria,Verrucomicrobiota,Verrucomicrobiae,Chthoniobacterales,Chthoniobacteraceae,Chthoniobacter,metagenome
seq584,Bacteria,Bacteroidota,Bacteroidia,Flavobacteriales,Flavobacteriaceae,Flavobacterium,arsenic-oxidizing bacterium B02
seq585,Bacteria,Actinobacteriota,Actinobacteria,Micrococcales,Microbacteriaceae,Agromyces,Agromyces terreus
seq586,Bacteria,Actinobacteriota,Actinobacteria,Micromonosporales,Micromonosporaceae,Micromonospora,Micromonospora siamensis
seq587,Bacteria,Actinobacteriota,Acidimicrobiia,Microtrichales,uncultured,uncultured bacterium,
seq588,Bacteria,Proteobacteria,Gammaproteobacteria,Pseudomonadales,Pseudohongiellaceae,BIyi10,uncultured bacterium
seq589,Bacteria,Proteobacteria,Alphaproteobacteria,Rhizobiales,Xanthobacteraceae,Rhodoplanes,uncultured bacterium
seq590,Unclassified,,,,,,
seq591,Bacteria,Acidobacteriota,Blastocatellia,Pyrinomonadales,Pyrinomonadaceae,RB41,uncultured bacterium
seq592,Bacteria,Proteobacteria,Alphaproteobacteria,Rhizobiales,Xanthobacteraceae,Rhodoplanes,uncultured bacterium
seq593,Bacteria,Proteobacteria,Gammaproteobacteria,Xanthomonadales,Xanthomonadaceae,Pseudoxanthomonas,Xanthomonadaceae bacterium H3
seq594,Bacteria,Actinobacteriota,Rubrobacteria,Rubrobacterales,Rubrobacteriaceae,Rubrobacter,uncultured bacterium
seq595,Bacteria,Myxococcota,bacteriap25,uncultured bacterium,,,
seq596,Bacteria,Patescibacteria,Saccharimonadia,Saccharimonadales,uncultured bacterium,,
seq597,Bacteria,Patescibacteria,Saccharimonadia,Saccharimonadales,uncultured bacterium,,
seq598,Bacteria,Bacteroidota,Bacteroidia,Sphingobacteriales,env.OPS 17,uncultured bacterium,
seq599,Bacteria,Actinobacteriota,MB-A2-108,uncultured bacterium,,,
seq600,Bacteria,Proteobacteria,Alphaproteobacteria,Rhizobiales,Beijerinckiaceae,Neo-b11,uncultured bacterium
seq601,Bacteria,NB1-j,uncultured bacterium,,,,
seq602,Bacteria,Bacteroidota,Bacteroidia,Chitinophagales,Chitinophagaceae,Ferruginibacter,uncultured bacterium
seq603,Bacteria,Actinobacteriota,Actinobacteria,Streptomycetales,Streptomycetaceae,Streptomyces,Streptomyces sp. I6(2011)
seq604,Bacteria,Nitrospirota,Nitrospiria,Nitrospirales,Nitrospiraceae,Nitrospira,uncultured bacterium
seq605,Bacteria,Planctomycetota,Planctomycetes,Pirellulales,Pirellulaceae,Pir4 lineage,uncultured bacterium
seq606,Bacteria,Bacteroidota,Bacteroidia,Chitinophagales,Chitinophagaceae,Terrimonas,uncultured bacterium
seq607,Bacteria,Myxococcota,Polyangia,Polyangiales,BIrii41,uncultured Sorangiineae bacterium,
seq608,Bacteria,Planctomycetota,Planctomycetes,Pirellulales,Pirellulaceae,uncultured,uncultured bacterium
seq609,Bacteria,Methylomirabilota,Methylomirabilia,Rokubacteriales,uncultured bacterium,,
seq610,Archaea,Crenarchaeota,Nitrososphaeria,Nitrososphaerales,Nitrososphaeraceae,uncultured archaeon,
seq611,Bacteria,Proteobacteria,Alphaproteobacteria,Rhizobiales,Beijerinckiaceae,uncultured,uncultured bacterium
seq612,Bacteria,Chloroflexi,TK10,metagenome,,,
seq613,Bacteria,Acidobacteriota,Blastocatellia,Pyrinomonadales,Pyrinomonadaceae,RB41,uncultured bacterium
seq614,Bacteria,Actinobacteriota,Actinobacteria,Frankiales,Nakamurellaceae,Nakamurella,uncultured bacterium
seq615,Bacteria,Acidobacteriota,Vicinamibacteria,Vicinamibacterales,uncultured,uncultured bacterium,
seq616,Bacteria,Bacteroidota,Bacteroidia,Flavobacteriales,Flavobacteriaceae,Flavobacterium,Flavobacterium sp. hp28
seq617,Bacteria,Actinobacteriota,Actinobacteria,Streptosporangiales,Streptosporangiaceae,Streptosporangium,Streptosporangium sp.
seq618,Bacteria,Proteobacteria,Alphaproteobacteria,Rhizobiales,Rhizobiaceae,Allorhizobium-Neorhizobium-Pararhizobium-Rhizobium,Rhizobium etli
seq619,ML_predicted_Phylum: Bacteroidota,,,,,,
seq620,Bacteria,Firmicutes,Bacilli,Bacillales,Bacillaceae,Bacillus,Bacillus sp. (in: Bacteria)
seq621,Bacteria,Verrucomicrobiota,Verrucomicrobiae,Chthoniobacterales,Chthoniobacteraceae,Chthoniobacter,metagenome
seq622,Bacteria,Acidobacteriota,Vicinamibacteria,Vicinamibacterales,Vicinamibacteraceae,uncultured bacterium,
seq623,Bacteria,Bacteroidota,Bacteroidia,Sphingobacteriales,env.OPS 17,metagenome,
seq624,Bacteria,Bacteroidota,Bacteroidia,Sphingobacteriales,NS11-12 marine group,uncultured bacterium,
seq625,ML_predicted_Phylum: Bacteroidota,,,,,,
seq626,Bacteria,Actinobacteriota,Actinobacteria,Propionibacteriales,Nocardioidaceae,Nocardioides,uncultured bacterium
seq627,Bacteria,Acidobacteriota,Vicinamibacteria,Vicinamibacterales,uncultured,uncultured bacterium,
seq628,Bacteria,Verrucomicrobiota,Verrucomicrobiae,Pedosphaerales,Pedosphaeraceae,uncultured,uncultured bacterium
seq629,Bacteria,Bacteroidota,Bacteroidia,Chitinophagales,Chitinophagaceae,Edaphobaculum,uncultured bacterium
seq630,Bacteria,Actinobacteriota,Acidimicrobiia,Microtrichales,uncultured,uncultured bacterium,
seq631,Bacteria,Proteobacteria,Gammaproteobacteria,Burkholderiales,TRA3-20,uncultured bacterium,
seq632,Bacteria,Acidobacteriota,Vicinamibacteria,Vicinamibacterales,uncultured,uncultured bacterium,
seq633,Bacteria,Patescibacteria,Saccharimonadia,Saccharimonadales,uncultured Candidatus Saccharibacteria bacterium,,
seq634,Bacteria,Bacteroidota,Bacteroidia,Chitinophagales,Chitinophagaceae,Terrimonas,uncultured bacterium
seq635,Bacteria,Actinobacteriota,Actinobacteria,Micromonosporales,Micromonosporaceae,Actinoplanes,Actinoplanes friuliensis
seq636,Bacteria,Proteobacteria,Gammaproteobacteria,PLTA13,uncultured bacterium,,
seq637,Bacteria,Bacteroidota,Bacteroidia,Sphingobacteriales,env.OPS 17,uncultured bacterium,
seq638,Bacteria,Actinobacteriota,Thermoleophilia,Solirubrobacterales,67-14,uncultured Rubrobacteria bacterium,
seq639,Bacteria,Nitrospirota,Nitrospiria,Nitrospirales,Nitrospiraceae,Nitrospira,Nitrospira japonica
seq640,Bacteria,Verrucomicrobiota,Verrucomicrobiae,Pedosphaerales,Pedosphaeraceae,uncultured bacterium,
seq641,Bacteria,Chloroflexi,Anaerolineae,SBR1031,A4b,uncultured bacterium,
seq642,Bacteria,Actinobacteriota,Acidimicrobiia,Actinomarinales,uncultured,uncultured bacterium,
seq643,Bacteria,Myxococcota,bacteriap25,uncultured bacterium,,,
seq644,Bacteria,Actinobacteriota,Actinobacteria,Pseudonocardiales,Pseudonocardiaceae,Pseudonocardia,uncultured bacterium
seq645,Bacteria,Bacteroidota,Bacteroidia,Cytophagales,Microscillaceae,uncultured,uncultured bacterium
seq646,Unclassified,,,,,,
seq647,Bacteria,Actinobacteriota,Thermoleophilia,Solirubrobacterales,Solirubrobacteraceae,Solirubrobacter,uncultured bacterium
seq648,Bacteria,Proteobacteria,Gammaproteobacteria,Steroidobacterales,Steroidobacteraceae,Steroidobacter,uncultured bacterium
seq649,Bacteria,Patescibacteria,Saccharimonadia,Saccharimonadales,WWH38,uncultured Candidatus Saccharibacteria bacterium,
seq650,Bacteria,Actinobacteriota,Thermoleophilia,Solirubrobacterales,Solirubrobacteraceae,Solirubrobacter,uncultured bacterium
seq651,Bacteria,Proteobacteria,Gammaproteobacteria,Burkholderiales,SC-I-84,uncultured bacterium,
seq652,Bacteria,Proteobacteria,Gammaproteobacteria,Steroidobacterales,Steroidobacteraceae,Steroidobacter,uncultured Xanthomonadaceae bacterium
seq653,Archaea,Crenarchaeota,Nitrososphaeria,Nitrososphaerales,Nitrososphaeraceae,uncultured archaeon,
seq654,Bacteria,Bacteroidota,Bacteroidia,Chitinophagales,Chitinophagaceae,Parafilimonas,uncultured bacterium
seq655,Bacteria,Bacteroidota,Bacteroidia,Chitinophagales,Chitinophagaceae,Terrimonas,uncultured bacterium
seq656,Bacteria,Acidobacteriota,Blastocatellia,Blastocatellales,Blastocatellaceae,OLB17,uncultured bacterium
seq657,Bacteria,Actinobacteriota,Actinobacteria,Propionibacteriales,Propionibacteriaceae,Microlunatus,uncultured bacterium
seq658,Bacteria,Acidobacteriota,Acidobacteriae,Bryobacterales,Bryobacteraceae,Bryobacter,uncultivated soil bacterium clone C002
seq659,Bacteria,Bacteroidota,Bacteroidia,Flavobacteriales,Blattabacteriaceae,Candidatus Uzinura,Flavobacteriales endosymbiont of Aonidiella aurantii D290
seq660,Unclassified,,,,,,
seq661,Bacteria,Bacteroidota,Bacteroidia,Chitinophagales,Chitinophagaceae,Edaphobaculum,uncultured bacterium
seq662,Bacteria,Planctomycetota,Planctomycetes,Pirellulales,Pirellulaceae,uncultured,uncultured bacterium
seq663,Archaea,Crenarchaeota,Nitrososphaeria,Nitrososphaerales,Nitrososphaeraceae,uncultured archaeon,
seq664,Bacteria,Acidobacteriota,Blastocatellia,Pyrinomonadales,Pyrinomonadaceae,RB41,uncultured bacterium
seq665,Bacteria,Proteobacteria,Alphaproteobacteria,Rhizobiales,Xanthobacteraceae,Rhodoplanes,uncultured bacterium
seq666,Bacteria,Proteobacteria,Alphaproteobacteria,Sphingomonadales,Sphingomonadaceae,Sphingomonas,Sphingomonas sp. LP28
seq667,Bacteria,Actinobacteriota,Actinobacteria,Streptomycetales,Streptomycetaceae,Streptomyces,Streptomyces cinnamonensis
seq668,Bacteria,Actinobacteriota,Acidimicrobiia,Microtrichales,uncultured,uncultured bacterium,
seq669,Bacteria,Acidobacteriota,Blastocatellia,Blastocatellales,Blastocatellaceae,JGI 0001001-H03,uncultured bacterium
seq670,Bacteria,Bacteroidota,Bacteroidia,Sphingobacteriales,Sphingobacteriaceae,Mucilaginibacter,uncultured bacterium
seq671,Bacteria,Bacteroidota,Bacteroidia,Cytophagales,Microscillaceae,Hassallia,uncultured Flexibacteraceae bacterium
seq672,Bacteria,Chloroflexi,KD4-96,uncultured bacterium,,,
seq673,Bacteria,Bacteroidota,Bacteroidia,Chitinophagales,Chitinophagaceae,Niastella,uncultured bacterium
seq674,Bacteria,Actinobacteriota,Actinobacteria,Micromonosporales,Micromonosporaceae,uncultured,uncultured bacterium
seq675,Bacteria,Proteobacteria,Alphaproteobacteria,Rhizobiales,Rhizobiaceae,Mesorhizobium,Mesorhizobium chacoense
seq676,Bacteria,Actinobacteriota,Thermoleophilia,Solirubrobacterales,67-14,uncultured bacterium,
seq677,Bacteria,Proteobacteria,Gammaproteobacteria,Steroidobacterales,Steroidobacteraceae,Steroidobacter,Povalibacter sp.
seq678,Bacteria,Acidobacteriota,Thermoanaerobaculia,Thermoanaerobaculales,Thermoanaerobaculaceae,Subgroup 10,uncultured Alphaproteobacteria bacterium
seq679,Bacteria,Proteobacteria,Gammaproteobacteria,Burkholderiales,Nitrosomonadaceae,MND1,uncultured bacterium
seq680,Bacteria,Planctomycetota,Phycisphaerae,Tepidisphaerales,WD2101 soil group,uncultured bacterium,
seq681,Bacteria,Proteobacteria,Alphaproteobacteria,Rhizobiales,Xanthobacteraceae,Rhodoplanes,uncultured bacterium
seq682,Bacteria,Bacteroidota,Kapabacteria,Kapabacteriales,uncultured bacterium,,
seq683,Bacteria,Bacteroidota,Bacteroidia,Chitinophagales,Chitinophagaceae,Ferruginibacter,uncultured Chitinophagaceae bacterium
seq684,Bacteria,Patescibacteria,Saccharimonadia,Saccharimonadales,candidate division TM7 bacterium JGI 0001002-L20,,
seq685,Bacteria,Actinobacteriota,Actinobacteria,Corynebacteriales,Mycobacteriaceae,Mycobacterium,uncultured bacterium
seq686,Bacteria,Actinobacteriota,Acidimicrobiia,IMCC26256,uncultured actinobacterium,,
seq687,Bacteria,Actinobacteriota,Thermoleophilia,Gaiellales,Gaiellaceae,Gaiella,uncultured bacterium
seq688,Bacteria,Acidobacteriota,Acidobacteriae,Bryobacterales,Bryobacteraceae,Bryobacter,metagenome
seq689,Bacteria,Acidobacteriota,Blastocatellia,11-24,metagenome,,
seq690,Bacteria,Actinobacteriota,Actinobacteria,Corynebacteriales,Nocardiaceae,Nocardia,Nocardia sp. LC057
seq691,Archaea,Crenarchaeota,Nitrososphaeria,Nitrososphaerales,Nitrososphaeraceae,uncultured crenarchaeote,
seq692,Bacteria,Myxococcota,bacteriap25,uncultured delta proteobacterium,,,
seq693,Bacteria,Acidobacteriota,Vicinamibacteria,Vicinamibacterales,uncultured,uncultured bacterium,
seq694,Bacteria,Myxococcota,Polyangia,Polyangiales,BIrii41,uncultured bacterium,
seq695,Bacteria,Acidobacteriota,Vicinamibacteria,Vicinamibacterales,uncultured,uncultured Acidobacteria bacterium,
seq696,Bacteria,Myxococcota,bacteriap25,uncultured bacterium,,,
seq697,Bacteria,Bacteroidota,Bacteroidia,Chitinophagales,Saprospiraceae,uncultured,uncultured bacterium
seq698,Bacteria,Actinobacteriota,Actinobacteria,Propionibacteriales,Propionibacteriaceae,Microlunatus,uncultured bacterium
seq699,Bacteria,Planctomycetota,Planctomycetes,Pirellulales,Pirellulaceae,Pir4 lineage,uncultured bacterium
seq700,Bacteria,Acidobacteriota,Vicinamibacteria,Vicinamibacterales,Vicinamibacteraceae,uncultured Acidobacteria bacterium,
seq701,Bacteria,Verrucomicrobiota,Verrucomicrobiae,Pedosphaerales,Pedosphaeraceae,uncultured bacterium,
seq702,Bacteria,Myxococcota,bacteriap25,uncultured bacterium,,,
seq703,Bacteria,Cyanobacteria,Cyanobacteriia,Chloroplast,uncultured bacterium,,
seq704,Bacteria,Verrucomicrobiota,Verrucomicrobiae,Pedosphaerales,Pedosphaeraceae,uncultured soil bacterium,
seq705,Bacteria,Myxococcota,bacteriap25,metagenome,,,
seq706,Bacteria,Bacteroidota,Bacteroidia,Cytophagales,Microscillaceae,uncultured,uncultured bacterium
seq707,Archaea,Crenarchaeota,Nitrososphaeria,Nitrososphaerales,Nitrososphaeraceae,unidentified archaeon SCA1150,
seq708,Unclassified,,,,,,
seq709,Bacteria,Chloroflexi,Anaerolineae,Caldilineales,Caldilineaceae,uncultured,uncultured bacterium
seq710,Bacteria,Bacteroidota,Bacteroidia,Chitinophagales,Chitinophagaceae,Edaphobaculum,uncultured bacterium
seq711,Bacteria,Cyanobacteria,Cyanobacteriia,Chloroplast,uncultured bacterium,,
seq712,Bacteria,Acidobacteriota,Vicinamibacteria,Vicinamibacterales,uncultured,uncultured bacterium DA023,
seq713,Bacteria,Actinobacteriota,Actinobacteria,Pseudonocardiales,Pseudonocardiaceae,Pseudonocardia,uncultured bacterium
seq714,Bacteria,Bacteroidota,Bacteroidia,Cytophagales,Microscillaceae,uncultured,uncultured Bacteroidetes bacterium
seq715,Bacteria,Actinobacteriota,Thermoleophilia,Gaiellales,uncultured,uncultured bacterium,
seq716,Bacteria,Proteobacteria,Gammaproteobacteria,Burkholderiales,TRA3-20,uncultured bacterium,
seq717,Bacteria,Bacteroidota,Bacteroidia,Chitinophagales,Chitinophagaceae,Terrimonas,uncultured soil bacterium
seq718,Bacteria,Chloroflexi,P2-11E,uncultured bacterium,,,
seq719,Bacteria,Chloroflexi,Chloroflexia,Chloroflexales,Roseiflexaceae,uncultured,uncultured bacterium
seq720,Bacteria,Actinobacteriota,Acidimicrobiia,IMCC26256,uncultured bacterium,,
seq721,Bacteria,Acidobacteriota,Subgroup 25,uncultured Acidobacteria bacterium,,,
seq722,Bacteria,Proteobacteria,Alphaproteobacteria,Sphingomonadales,Sphingomonadaceae,Sphingomonas,uncultured bacterium
seq723,Bacteria,Acidobacteriota,Blastocatellia,Pyrinomonadales,Pyrinomonadaceae,RB41,uncultured bacterium
seq724,Bacteria,Acidobacteriota,Blastocatellia,Blastocatellales,Blastocatellaceae,JGI 0001001-H03,uncultured bacterium
seq725,Bacteria,Acidobacteriota,Blastocatellia,11-24,uncultured bacterium,,
seq726,Bacteria,Bacteroidota,Bacteroidia,Chitinophagales,Chitinophagaceae,uncultured,uncultured Bacteroidetes bacterium
seq727,Bacteria,Bacteroidota,Bacteroidia,Chitinophagales,Chitinophagaceae,Parasegetibacter,uncultured bacterium
seq728,Bacteria,Gemmatimonadota,Gemmatimonadetes,Gemmatimonadales,Gemmatimonadaceae,uncultured,uncultured bacterium
seq729,Bacteria,Actinobacteriota,Actinobacteria,Micrococcales,Microbacteriaceae,Microbacterium,Microbacterium sp. GGC-D18A
seq730,Archaea,Crenarchaeota,Nitrososphaeria,Nitrososphaerales,Nitrososphaeraceae,uncultured crenarchaeote,
seq731,Bacteria,Acidobacteriota,Blastocatellia,Blastocatellales,Blastocatellaceae,OLB17,uncultured Acidobacteria bacterium
seq732,Bacteria,Acidobacteriota,Blastocatellia,Blastocatellales,Blastocatellaceae,Stenotrophobacter,uncultured bacterium
seq733,Bacteria,Actinobacteriota,Actinobacteria,Frankiales,Frankiaceae,Jatrophihabitans,uncultured bacterium
seq734,Bacteria,Actinobacteriota,Actinobacteria,Micrococcales,Microbacteriaceae,Agromyces,Agromyces sp. G4342
seq735,Bacteria,Bacteroidota,Bacteroidia,Sphingobacteriales,env.OPS 17,uncultured Bacteroidetes bacterium,
seq736,Bacteria,Acidobacteriota,Vicinamibacteria,Vicinamibacterales,Vicinamibacteraceae,Vicinamibacter,uncultured bacterium
seq737,Archaea,Crenarchaeota,Nitrososphaeria,Nitrososphaerales,Nitrososphaeraceae,Candidatus Nitrososphaera,uncultured archaeon
seq738,Bacteria,Actinobacteriota,MB-A2-108,uncultured bacterium,,,
seq739,Bacteria,Actinobacteriota,Thermoleophilia,Solirubrobacterales,67-14,uncultured bacterium,
seq740,Bacteria,Acidobacteriota,Thermoanaerobaculia,Thermoanaerobaculales,Thermoanaerobaculaceae,Subgroup 10,Acidobacteria bacterium WY67
seq741,Bacteria,Acidobacteriota,Vicinamibacteria,Vicinamibacterales,Vicinamibacteraceae,uncultured bacterium,
seq742,Bacteria,Acidobacteriota,Vicinamibacteria,Vicinamibacterales,uncultured,uncultured bacterium,
seq743,Bacteria,Verrucomicrobiota,Verrucomicrobiae,Verrucomicrobiales,Rubritaleaceae,Luteolibacter,Luteolibacter sp. LX93
seq744,Bacteria,Bacteroidota,Bacteroidia,Sphingobacteriales,Sphingobacteriaceae,Mucilaginibacter,Sphingobacteriaceae bacterium kmd_135
seq745,Archaea,Crenarchaeota,Nitrososphaeria,Nitrososphaerales,Nitrososphaeraceae,unidentified,
seq746,Bacteria,Proteobacteria,Alphaproteobacteria,Caulobacterales,Caulobacteraceae,Caulobacter,Caulobacter henricii
seq747,Bacteria,Bacteroidota,Bacteroidia,Chitinophagales,Chitinophagaceae,Ferruginibacter,uncultured bacterium
seq748,Bacteria,Acidobacteriota,Blastocatellia,Blastocatellales,Blastocatellaceae,Stenotrophobacter,uncultured Acidobacteria bacterium
seq749,Bacteria,Bacteroidota,Bacteroidia,Chitinophagales,Chitinophagaceae,Terrimonas,uncultured Bacteroidetes bacterium
seq750,Bacteria,Bacteroidota,Bacteroidia,Chitinophagales,Chitinophagaceae,Flavisolibacter,uncultured bacterium
seq751,Bacteria,Bacteroidota,Bacteroidia,Cytophagales,Microscillaceae,uncultured,metagenome
seq752,Bacteria,Bacteroidota,Bacteroidia,Flavobacteriales,Flavobacteriaceae,Flavobacterium,Flavobacterium sp. 142O
seq753,Bacteria,Patescibacteria,Saccharimonadia,Saccharimonadales,uncultured bacterium,,
seq754,Bacteria,Actinobacteriota,Thermoleophilia,uncultured,uncultured bacterium,,
seq755,Bacteria,Actinobacteriota,Actinobacteria,Pseudonocardiales,Pseudonocardiaceae,Actinophytocola,Actinophytocola algeriensis
seq756,Bacteria,Actinobacteriota,Thermoleophilia,Solirubrobacterales,Solirubrobacteraceae,Solirubrobacter,uncultured bacterium
seq757,Bacteria,Bacteroidota,Bacteroidia,Sphingobacteriales,AKYH767,uncultured bacterium,
seq758,Bacteria,Bacteroidota,Bacteroidia,Cytophagales,Microscillaceae,Ohtaekwangia,uncultured bacterium
seq759,Bacteria,Planctomycetota,Planctomycetes,Pirellulales,Pirellulaceae,Pir4 lineage,uncultured bacterium
seq760,Bacteria,Bacteroidota,Bacteroidia,Chitinophagales,Saprospiraceae,uncultured,uncultured Bacteroidetes bacterium
seq761,Archaea,Crenarchaeota,Nitrososphaeria,Nitrososphaerales,Nitrososphaeraceae,unidentified archaeon SCA1154,
seq762,Bacteria,Actinobacteriota,Actinobacteria,Streptomycetales,Streptomycetaceae,Streptomyces,actinomycete LQ48
seq763,Bacteria,Actinobacteriota,Thermoleophilia,Gaiellales,Gaiellaceae,Gaiella,uncultured bacterium
seq764,Bacteria,Bacteroidota,Bacteroidia,Cytophagales,Spirosomaceae,Dyadobacter,Dyadobacter fermentans
seq765,Bacteria,Bacteroidota,Bacteroidia,Chitinophagales,Chitinophagaceae,Edaphobaculum,metagenome
seq766,Bacteria,Acidobacteriota,Subgroup 25,uncultured bacterium,,,
seq767,Bacteria,Proteobacteria,Alphaproteobacteria,Sphingomonadales,Sphingomonadaceae,Sphingomonas,Sphingomonas sp. AHC-F
seq768,Bacteria,Proteobacteria,Alphaproteobacteria,Rhizobiales,Xanthobacteraceae,uncultured,uncultured bacterium
seq769,Bacteria,Actinobacteriota,Thermoleophilia,Gaiellales,uncultured,uncultured actinobacterium,
seq770,Bacteria,Verrucomicrobiota,Verrucomicrobiae,Verrucomicrobiales,Rubritaleaceae,Luteolibacter,uncultured soil bacterium
seq771,Bacteria,Acidobacteriota,Blastocatellia,Pyrinomonadales,Pyrinomonadaceae,RB41,uncultured bacterium
seq772,Bacteria,Myxococcota,bacteriap25,uncultured bacterium,,,
seq773,Bacteria,Actinobacteriota,Thermoleophilia,Gaiellales,Gaiellaceae,Gaiella,uncultured bacterium
seq774,Bacteria,Verrucomicrobiota,Verrucomicrobiae,Pedosphaerales,Pedosphaeraceae,uncultured bacterium,
seq775,Bacteria,Bacteroidota,Bacteroidia,Cytophagales,Microscillaceae,Ohtaekwangia,uncultured bacterium
seq776,Bacteria,Bacteroidota,Bacteroidia,Chitinophagales,Chitinophagaceae,Ferruginibacter,uncultured bacterium
seq777,Bacteria,Patescibacteria,Saccharimonadia,Saccharimonadales,YM_S32_TM7_50_20,uncultured bacterium,
seq778,Archaea,Crenarchaeota,Nitrososphaeria,Nitrososphaerales,Nitrososphaeraceae,uncultured archaeon,
seq779,Bacteria,Myxococcota,bacteriap25,metagenome,,,
seq780,Bacteria,Actinobacteriota,Thermoleophilia,uncultured,uncultured bacterium,,
seq781,Bacteria,Bacteroidota,Bacteroidia,Sphingobacteriales,env.OPS 17,uncultured Bacteroidetes bacterium,
seq782,Bacteria,Bacteroidota,Bacteroidia,Sphingobacteriales,env.OPS 17,metagenome,
seq783,Bacteria,Acidobacteriota,Blastocatellia,Pyrinomonadales,Pyrinomonadaceae,RB41,uncultivated soil bacterium clone S023
seq784,Bacteria,Actinobacteriota,Thermoleophilia,Solirubrobacterales,67-14,uncultured bacterium,
seq785,Bacteria,Proteobacteria,Gammaproteobacteria,Burkholderiales,TRA3-20,uncultured bacterium,
seq786,Bacteria,Bacteroidota,Bacteroidia,Chitinophagales,Chitinophagaceae,Ferruginibacter,uncultured bacterium
seq787,Bacteria,Actinobacteriota,Thermoleophilia,Solirubrobacterales,67-14,uncultured bacterium,
seq788,Bacteria,Planctomycetota,Planctomycetes,Planctomycetales,Schlesneriaceae,Schlesneria,uncultured bacterium
seq789,Bacteria,Bacteroidota,Bacteroidia,Cytophagales,Microscillaceae,uncultured,uncultured bacterium
seq790,Bacteria,Actinobacteriota,Actinobacteria,Streptomycetales,Streptomycetaceae,Streptomyces,Streptomyces sp. 19504
seq791,Bacteria,Patescibacteria,Saccharimonadia,Saccharimonadales,uncultured bacterium,,
seq792,Unclassified,,,,,,
seq793,Bacteria,Bacteroidota,Bacteroidia,Cytophagales,Microscillaceae,uncultured,uncultured bacterium
seq794,Bacteria,Actinobacteriota,Thermoleophilia,Solirubrobacterales,67-14,uncultured bacterium,
seq795,Bacteria,Actinobacteriota,Thermoleophilia,Solirubrobacterales,Solirubrobacteraceae,Conexibacter,uncultured bacterium
seq796,Bacteria,Planctomycetota,Planctomycetes,Pirellulales,Pirellulaceae,Pir4 lineage,uncultured bacterium
seq797,Bacteria,Actinobacteriota,Thermoleophilia,Solirubrobacterales,Solirubrobacteraceae,Solirubrobacter,Solirubrobacter taibaiensis
seq798,ML_predicted_Phylum: Elusimicrobiota,,,,,,
seq799,Bacteria,Proteobacteria,Alphaproteobacteria,Rhizobiales,uncultured,uncultured Rhizobiales bacterium,
seq800,Bacteria,Proteobacteria,Alphaproteobacteria,Rhizobiales,Xanthobacteraceae,Rhodoplanes,metagenome
seq801,Bacteria,Planctomycetota,Phycisphaerae,Tepidisphaerales,WD2101 soil group,uncultured planctomycete,
seq802,Archaea,Crenarchaeota,Nitrososphaeria,Nitrososphaerales,Nitrososphaeraceae,uncultured archaeon,
seq803,Bacteria,Verrucomicrobiota,Verrucomicrobiae,Opitutales,Opitutaceae,Opitutus,uncultured bacterium
seq804,Bacteria,Verrucomicrobiota,Verrucomicrobiae,Chthoniobacterales,Chthoniobacteraceae,Chthoniobacter,uncultured bacterium
seq805,Bacteria,Bacteroidota,Bacteroidia,Cytophagales,Microscillaceae,Chryseolinea,uncultured soil bacterium
seq806,Bacteria,Actinobacteriota,Acidimicrobiia,IMCC26256,uncultured bacterium,,
seq807,ML_predicted_Phylum: Chloroflexi,,,,,,
seq808,Bacteria,Proteobacteria,Alphaproteobacteria,Azospirillales,Azospirillaceae,Skermanella,Skermanella aerolata
seq809,Bacteria,Proteobacteria,Alphaproteobacteria,Rhizobiales,Beijerinckiaceae,Microvirga,Chelatococcus sp. P-117
seq810,Bacteria,Verrucomicrobiota,Verrucomicrobiae,Chthoniobacterales,Xiphinematobacteraceae,Candidatus Xiphinematobacter,metagenome
seq811,Bacteria,Firmicutes,Bacilli,Bacillales,Bacillaceae,Bacillus,Bacillus sp. DHXJ04
seq812,Bacteria,Patescibacteria,Saccharimonadia,Saccharimonadales,uncultured Candidatus Saccharibacteria bacterium,,
seq813,Bacteria,Actinobacteriota,Thermoleophilia,Gaiellales,uncultured,uncultured bacterium,
seq814,Bacteria,Actinobacteriota,Actinobacteria,Propionibacteriales,Propionibacteriaceae,Microlunatus,uncultured bacterium
seq815,Bacteria,Actinobacteriota,Acidimicrobiia,Microtrichales,uncultured,uncultured bacterium,
seq816,Bacteria,Actinobacteriota,Thermoleophilia,Gaiellales,uncultured,uncultured bacterium,
seq817,Bacteria,Actinobacteriota,Actinobacteria,Propionibacteriales,Propionibacteriaceae,uncultured,uncultured bacterium
seq818,Bacteria,Actinobacteriota,Thermoleophilia,Gaiellales,uncultured,uncultured bacterium,
seq819,Unclassified,,,,,,
seq820,Bacteria,Bacteroidota,Bacteroidia,Sphingobacteriales,AKYH767,uncultured bacterium,
seq821,Archaea,Crenarchaeota,Nitrososphaeria,Nitrososphaerales,Nitrososphaeraceae,uncultured archaeon,
seq822,Bacteria,Actinobacteriota,Thermoleophilia,Solirubrobacterales,67-14,uncultured bacterium,
seq823,Bacteria,Bacteroidota,Bacteroidia,Chitinophagales,Chitinophagaceae,uncultured,uncultured bacterium
seq824,Bacteria,Actinobacteriota,Actinobacteria,Micromonosporales,Micromonosporaceae,Micromonospora,Micromonospora sp. PWB-005
seq825,Bacteria,Myxococcota,Polyangia,Haliangiales,Haliangiaceae,Haliangium,uncultured bacterium
seq826,Bacteria,Gemmatimonadota,Gemmatimonadetes,Gemmatimonadales,Gemmatimonadaceae,Gemmatimonas,uncultured bacterium
seq827,Bacteria,Actinobacteriota,Acidimicrobiia,Microtrichales,Iamiaceae,Iamia,uncultured bacterium
seq828,Bacteria,Bacteroidota,Bacteroidia,Sphingobacteriales,Sphingobacteriaceae,Pedobacter,Pedobacter panaciterrae
seq829,Bacteria,Bacteroidota,Bacteroidia,Chitinophagales,Chitinophagaceae,uncultured,uncultured bacterium
seq830,Bacteria,Proteobacteria,Gammaproteobacteria,Steroidobacterales,Steroidobacteraceae,Steroidobacter,uncultured Steroidobacter sp.
seq831,Bacteria,Actinobacteriota,Thermoleophilia,Gaiellales,uncultured,uncultured bacterium,
seq832,Bacteria,Acidobacteriota,Acidobacteriae,Bryobacterales,Bryobacteraceae,Bryobacter,uncultured bacterium
seq833,Bacteria,Proteobacteria,Gammaproteobacteria,Steroidobacterales,Steroidobacteraceae,uncultured,metagenome
seq834,ML_predicted_Phylum: Proteobacteria,,,,,,
seq835,Bacteria,Acidobacteriota,Blastocatellia,Pyrinomonadales,Pyrinomonadaceae,RB41,uncultured bacterium
seq836,Bacteria,Bacteroidota,Bacteroidia,Chitinophagales,Chitinophagaceae,Ferruginibacter,uncultured bacterium
seq837,Bacteria,Acidobacteriota,Blastocatellia,Pyrinomonadales,Pyrinomonadaceae,RB41,uncultured Acidobacteria bacterium
seq838,ML_predicted_Phylum: Elusimicrobiota,,,,,,
seq839,Bacteria,Proteobacteria,Gammaproteobacteria,Burkholderiales,Nitrosomonadaceae,MND1,uncultured bacterium
seq840,Bacteria,Acidobacteriota,Acidobacteriae,Bryobacterales,Bryobacteraceae,Bryobacter,uncultured bacterium
seq841,Bacteria,Proteobacteria,Gammaproteobacteria,Steroidobacterales,Steroidobacteraceae,uncultured,uncultured bacterium
seq842,Bacteria,Patescibacteria,Saccharimonadia,Saccharimonadales,uncultured bacterium,,
seq843,Bacteria,Bacteroidota,Bacteroidia,Chitinophagales,Chitinophagaceae,Flavisolibacter,uncultured Flavisolibacter sp.
seq844,Bacteria,Bacteroidota,Bacteroidia,Chitinophagales,Chitinophagaceae,Ferruginibacter,uncultured bacterium
seq845,Bacteria,Bacteroidota,Bacteroidia,Cytophagales,Microscillaceae,uncultured,Bacteroidetes bacterium CHC2
seq846,Bacteria,Acidobacteriota,Blastocatellia,Pyrinomonadales,Pyrinomonadaceae,RB41,uncultured bacterium
seq847,Bacteria,Verrucomicrobiota,Verrucomicrobiae,Chthoniobacterales,Chthoniobacteraceae,Candidatus Udaeobacter,uncultured Spartobacteria bacterium
seq848,Bacteria,Acidobacteriota,Blastocatellia,Pyrinomonadales,Pyrinomonadaceae,RB41,uncultured bacterium
seq849,Bacteria,Acidobacteriota,Blastocatellia,Pyrinomonadales,Pyrinomonadaceae,RB41,uncultured bacterium
seq850,Bacteria,Bacteroidota,Bacteroidia,Chitinophagales,Chitinophagaceae,Flavitalea,Flavitalea gansuensis
seq851,Bacteria,Bacteroidota,Bacteroidia,Chitinophagales,Chitinophagaceae,uncultured,uncultured bacterium
seq852,Bacteria,Proteobacteria,Alphaproteobacteria,Rhizobiales,Beijerinckiaceae,Microvirga,uncultured Microvirga sp.
seq853,Bacteria,Proteobacteria,Alphaproteobacteria,Rhizobiales,Beijerinckiaceae,uncultured,uncultured bacterium
seq854,Bacteria,Cyanobacteria,Vampirivibrionia,Obscuribacterales,Obscuribacteraceae,bioreactor metagenome,
seq855,Bacteria,Myxococcota,Polyangia,Polyangiales,BIrii41,uncultured bacterium,
seq856,Bacteria,Bacteroidota,Bacteroidia,Sphingobacteriales,Sphingobacteriaceae,Pedobacter,Pedobacter namyangjuensis
seq857,Bacteria,Proteobacteria,Gammaproteobacteria,Burkholderiales,Nitrosomonadaceae,MND1,uncultured bacterium
seq858,Bacteria,Verrucomicrobiota,Verrucomicrobiae,Chthoniobacterales,Chthoniobacteraceae,Chthoniobacter,uncultured bacterium
seq859,Bacteria,Actinobacteriota,Thermoleophilia,Gaiellales,uncultured,uncultured bacterium,
seq860,Bacteria,Actinobacteriota,Thermoleophilia,Gaiellales,uncultured,uncultured bacterium,
seq861,Bacteria,Chloroflexi,Anaerolineae,SBR1031,A4b,uncultured bacterium,
seq862,Bacteria,Chloroflexi,Anaerolineae,Anaerolineales,Anaerolineaceae,uncultured,uncultured bacterium
seq863,Bacteria,Patescibacteria,Saccharimonadia,Saccharimonadales,uncultured Candidatus Saccharibacteria bacterium,,
seq864,Bacteria,Verrucomicrobiota,Verrucomicrobiae,Chthoniobacterales,Chthoniobacteraceae,Candidatus Udaeobacter,uncultured bacterium
seq865,Bacteria,Bacteroidota,Bacteroidia,Chitinophagales,Chitinophagaceae,Flavisolibacter,uncultured bacterium
seq866,Bacteria,Verrucomicrobiota,Verrucomicrobiae,Pedosphaerales,Pedosphaeraceae,uncultured bacterium,
seq867,Bacteria,Patescibacteria,Saccharimonadia,Saccharimonadales,uncultured Candidatus Saccharibacteria bacterium,,
seq868,Unclassified,,,,,,
seq869,Bacteria,Actinobacteriota,Actinobacteria,Corynebacteriales,Mycobacteriaceae,Mycobacterium,Mycobacterium sp. MN5-9
seq870,Bacteria,Proteobacteria,Gammaproteobacteria,Pseudomonadales,Cellvibrionaceae,Cellvibrio,Cellvibrio sp. R-4001
seq871,Bacteria,Bacteroidota,Bacteroidia,Cytophagales,Microscillaceae,Ohtaekwangia,metagenome
seq872,Bacteria,Actinobacteriota,Thermoleophilia,Gaiellales,Gaiellaceae,Gaiella,uncultured bacterium
seq873,ML_predicted_Phylum: Bacteroidota,,,,,,
seq874,Bacteria,Actinobacteriota,Thermoleophilia,Solirubrobacterales,Solirubrobacteraceae,Solirubrobacter,uncultured bacterium
seq875,Bacteria,Proteobacteria,Gammaproteobacteria,PLTA13,uncultured bacterium,,
seq876,Bacteria,Acidobacteriota,Blastocatellia,Blastocatellales,Blastocatellaceae,uncultured,uncultured bacterium
seq877,Bacteria,Actinobacteriota,Actinobacteria,Micromonosporales,Micromonosporaceae,Virgisporangium,Virgisporangium ochraceum
seq878,Bacteria,Acidobacteriota,Blastocatellia,Elev-16S-573,uncultured bacterium,,
seq879,Bacteria,Myxococcota,bacteriap25,uncultured delta proteobacterium,,,
seq880,Bacteria,Proteobacteria,Alphaproteobacteria,Sphingomonadales,Sphingomonadaceae,Sphingomonas,uncultured bacterium
seq881,Bacteria,Firmicutes,Bacilli,Bacillales,Planococcaceae,Domibacillus,Bacillus sp. MG14
seq882,Bacteria,Acidobacteriota,Acidobacteriae,Solibacterales,Solibacteraceae,Candidatus Solibacter,uncultured bacterium
seq883,Bacteria,Gemmatimonadota,Gemmatimonadetes,Gemmatimonadales,Gemmatimonadaceae,uncultured,uncultured Gemmatimonas sp.
seq884,Bacteria,Actinobacteriota,Thermoleophilia,Gaiellales,uncultured,uncultured bacterium,
seq885,Bacteria,Bacteroidota,Bacteroidia,Cytophagales,Microscillaceae,uncultured,metagenome
seq886,Bacteria,Proteobacteria,Gammaproteobacteria,Steroidobacterales,Steroidobacteraceae,Steroidobacter,uncultured bacterium
seq887,Bacteria,Verrucomicrobiota,Verrucomicrobiae,Pedosphaerales,Pedosphaeraceae,uncultured Verrucomicrobia bacterium,
seq888,Bacteria,Bacteroidota,Bacteroidia,Flavobacteriales,Flavobacteriaceae,Flavobacterium,uncultured bacterium
seq889,Bacteria,Bacteroidota,Bacteroidia,Chitinophagales,Chitinophagaceae,Flavisolibacter,uncultured Bacteroidetes bacterium
seq890,Bacteria,Cyanobacteria,Cyanobacteriia,Chloroplast,Trifolium boissieri,,
seq891,Bacteria,Actinobacteriota,Actinobacteria,Propionibacteriales,Nocardioidaceae,Aeromicrobium,Aeromicrobium sp. HJX17
seq892,Archaea,Crenarchaeota,Nitrososphaeria,Nitrososphaerales,Nitrososphaeraceae,Candidatus Nitrososphaera,uncultured archaeon
seq893,Bacteria,Proteobacteria,Gammaproteobacteria,Burkholderiales,Nitrosomonadaceae,Nitrosospira,Nitrosospira sp.
seq894,ML_predicted_Phylum: Verrucomicrobiota,,,,,,
seq895,Bacteria,Verrucomicrobiota,Verrucomicrobiae,Chthoniobacterales,Chthoniobacteraceae,Chthoniobacter,uncultured bacterium
seq896,Bacteria,Actinobacteriota,Thermoleophilia,Solirubrobacterales,Solirubrobacteraceae,Solirubrobacter,uncultured bacterium
seq897,Bacteria,Myxococcota,bacteriap25,uncultured bacterium,,,
seq898,Bacteria,Bacteroidota,Bacteroidia,Chitinophagales,Chitinophagaceae,Edaphobaculum,uncultured Bacteroidetes bacterium
seq899,Bacteria,Proteobacteria,Alphaproteobacteria,Rhizobiales,D05-2,uncultured bacterium,
seq900,Bacteria,Actinobacteriota,Actinobacteria,Kineosporiales,Kineosporiaceae,uncultured bacterium,
seq901,Bacteria,Actinobacteriota,Thermoleophilia,Solirubrobacterales,67-14,uncultured bacterium,
seq902,Bacteria,NB1-j,uncultured bacterium,,,,
seq903,Bacteria,Actinobacteriota,Thermoleophilia,Gaiellales,uncultured,uncultured bacterium,
seq904,Bacteria,Actinobacteriota,Thermoleophilia,Solirubrobacterales,67-14,uncultured bacterium,
seq905,Bacteria,NB1-j,uncultured bacterium,,,,
seq906,Bacteria,Myxococcota,Polyangia,Polyangiales,Sandaracinaceae,uncultured,uncultured bacterium
seq907,Bacteria,Bacteroidota,Bacteroidia,Chitinophagales,Chitinophagaceae,Terrimonas,uncultured bacterium
seq908,Bacteria,Actinobacteriota,Actinobacteria,Micromonosporales,Micromonosporaceae,Actinoplanes,Actinoplanes sp. RP-AC34
seq909,Bacteria,Acidobacteriota,Blastocatellia,Pyrinomonadales,Pyrinomonadaceae,RB41,uncultured bacterium
seq910,Bacteria,Actinobacteriota,Actinobacteria,Micromonosporales,Micromonosporaceae,Actinoplanes,Actinoplanes missouriensis
seq911,Bacteria,Myxococcota,Polyangia,Polyangiales,BIrii41,metagenome,
seq912,Bacteria,Acidobacteriota,Thermoanaerobaculia,Thermoanaerobaculales,Thermoanaerobaculaceae,Subgroup 10,Acidobacteria bacterium WX184
seq913,Bacteria,Bacteroidota,Bacteroidia,Chitinophagales,Chitinophagaceae,uncultured,uncultured bacterium
seq914,Bacteria,Actinobacteriota,Acidimicrobiia,Microtrichales,uncultured,uncultured bacterium,
seq915,Archaea,Crenarchaeota,Nitrososphaeria,Nitrososphaerales,Nitrososphaeraceae,Candidatus Nitrososphaera,uncultured archaeon
seq916,Bacteria,Actinobacteriota,Actinobacteria,Micrococcales,Microbacteriaceae,Microbacterium,Microbacterium sp. GGC-P15B
seq917,Bacteria,Actinobacteriota,Thermoleophilia,Solirubrobacterales,67-14,uncultured bacterium,
seq918,Bacteria,Acidobacteriota,Blastocatellia,Pyrinomonadales,Pyrinomonadaceae,RB41,uncultured bacterium
seq919,Bacteria,Cyanobacteria,Vampirivibrionia,Obscuribacterales,Obscuribacteraceae,metagenome,
seq920,Bacteria,Proteobacteria,Alphaproteobacteria,Azospirillales,Azospirillaceae,Skermanella,Skermanella stibiiresistens SB22
seq921,Bacteria,Proteobacteria,Gammaproteobacteria,Xanthomonadales,Xanthomonadaceae,Lysobacter,Lysobacter fragariae
seq922,Bacteria,Actinobacteriota,Acidimicrobiia,Microtrichales,uncultured,uncultured bacterium,
seq923,Bacteria,Actinobacteriota,Thermoleophilia,Gaiellales,uncultured,uncultured actinobacterium,
seq924,Bacteria,Acidobacteriota,Blastocatellia,Pyrinomonadales,Pyrinomonadaceae,RB41,uncultured bacterium
seq925,Bacteria,Proteobacteria,Alphaproteobacteria,Rhizobiales,Beijerinckiaceae,Microvirga,uncultured bacterium
seq926,Bacteria,Actinobacteriota,Acidimicrobiia,Microtrichales,uncultured,uncultured Acidimicrobiia bacterium,
seq927,Bacteria,Actinobacteriota,Rubrobacteria,Rubrobacterales,Rubrobacteriaceae,Rubrobacter,uncultured bacterium
seq928,ML_predicted_Phylum: Bacteroidota,,,,,,
seq929,Bacteria,Planctomycetota,Phycisphaerae,Tepidisphaerales,WD2101 soil group,uncultured bacterium,
seq930,Bacteria,Planctomycetota,Planctomycetes,Pirellulales,Pirellulaceae,uncultured,uncultured bacterium
seq931,Bacteria,Planctomycetota,Planctomycetes,Planctomycetales,Rubinisphaeraceae,uncultured,uncultured bacterium
seq932,Bacteria,Bacteroidota,Bacteroidia,Sphingobacteriales,Sphingobacteriaceae,uncultured,metagenome
seq933,Bacteria,Actinobacteriota,Actinobacteria,Micromonosporales,Micromonosporaceae,uncultured,uncultured Catellatospora sp.
seq934,Bacteria,Patescibacteria,Saccharimonadia,Saccharimonadales,YM_S32_TM7_50_20,uncultured bacterium,
seq935,ML_predicted_Phylum: Verrucomicrobiota,,,,,,
seq936,Bacteria,Actinobacteriota,Actinobacteria,Propionibacteriales,Nocardioidaceae,Kribbella,Kribbella sancticallisti
seq937,Bacteria,Patescibacteria,Saccharimonadia,Saccharimonadales,YM_S32_TM7_50_20,uncultured bacterium,
seq938,Bacteria,Bacteroidota,Bacteroidia,Chitinophagales,Chitinophagaceae,uncultured,uncultured bacterium
seq939,Bacteria,Actinobacteriota,Thermoleophilia,Solirubrobacterales,Solirubrobacteraceae,Solirubrobacter,uncultured bacterium
seq940,Bacteria,Verrucomicrobiota,Verrucomicrobiae,Pedosphaerales,Pedosphaeraceae,uncultured bacterium,
seq941,Bacteria,Actinobacteriota,Actinobacteria,Corynebacteriales,Mycobacteriaceae,Mycobacterium,Mycobacterium sp. B6
seq942,Bacteria,Bacteroidota,Bacteroidia,Cytophagales,Spirosomaceae,Dyadobacter,Dyadobacter fermentans
seq943,Bacteria,Chloroflexi,Anaerolineae,SBR1031,A4b,metagenome,
seq944,Bacteria,Verrucomicrobiota,Verrucomicrobiae,Pedosphaerales,Pedosphaeraceae,uncultured Verrucomicrobia bacterium,
seq945,Bacteria,Actinobacteriota,Acidimicrobiia,Microtrichales,uncultured,uncultured Acidimicrobiia bacterium,
seq946,Bacteria,Proteobacteria,Alphaproteobacteria,Rhizobiales,KF-JG30-B3,uncultured bacterium,
seq947,Bacteria,Verrucomicrobiota,Verrucomicrobiae,Pedosphaerales,Pedosphaeraceae,Ellin517,uncultured bacterium
seq948,Bacteria,Actinobacteriota,Acidimicrobiia,Microtrichales,uncultured,uncultured bacterium,
seq949,Bacteria,Actinobacteriota,Actinobacteria,Propionibacteriales,Nocardioidaceae,Aeromicrobium,Aeromicrobium halocynthiae
seq950,Bacteria,Proteobacteria,Alphaproteobacteria,Caulobacterales,Caulobacteraceae,Phenylobacterium,Phenylobacterium sp. P-32
seq951,Bacteria,Acidobacteriota,Blastocatellia,Pyrinomonadales,Pyrinomonadaceae,RB41,uncultured bacterium
seq952,Bacteria,Acidobacteriota,Blastocatellia,Pyrinomonadales,Pyrinomonadaceae,RB41,uncultured bacterium
seq953,Bacteria,Acidobacteriota,Acidobacteriae,Bryobacterales,Bryobacteraceae,Bryobacter,uncultured bacterium
seq954,Bacteria,Actinobacteriota,Thermoleophilia,Gaiellales,uncultured,uncultured bacterium,
seq955,Bacteria,Actinobacteriota,Actinobacteria,Propionibacteriales,Propionibacteriaceae,Microlunatus,uncultured bacterium
seq956,Bacteria,Bacteroidota,Bacteroidia,Chitinophagales,37-13,uncultured bacterium,
seq957,Bacteria,Proteobacteria,Alphaproteobacteria,Rhizobiales,Hyphomicrobiaceae,Pedomicrobium,uncultured bacterium
seq958,Bacteria,Proteobacteria,Alphaproteobacteria,Rhizobiales,Xanthobacteraceae,Rhodoplanes,uncultured bacterium
seq959,Bacteria,Proteobacteria,Gammaproteobacteria,Gammaproteobacteria Incertae Sedis,Unknown Family,Acidibacter,uncultured bacterium
seq960,Bacteria,Proteobacteria,Gammaproteobacteria,Acidiferrobacterales,Acidiferrobacteraceae,Sulfurifustis,uncultured bacterium
seq961,Bacteria,Verrucomicrobiota,Verrucomicrobiae,Pedosphaerales,Pedosphaeraceae,Ellin517,metagenome
seq962,Bacteria,Proteobacteria,Gammaproteobacteria,Burkholderiales,SC-I-84,uncultured bacterium,
seq963,Bacteria,Bacteroidota,Bacteroidia,Chitinophagales,Chitinophagaceae,Ferruginibacter,uncultured bacterium
seq964,Bacteria,Proteobacteria,Gammaproteobacteria,Burkholderiales,Comamonadaceae,Comamonas,uncultured bacterium
seq965,Bacteria,Actinobacteriota,Thermoleophilia,Solirubrobacterales,67-14,uncultured bacterium,
seq966,Bacteria,Acidobacteriota,Vicinamibacteria,Vicinamibacterales,Vicinamibacteraceae,uncultured Acidobacteria bacterium,
seq967,ML_predicted_Phylum: Bacteroidota,,,,,,
seq968,Unclassified,,,,,,
seq969,Bacteria,Bacteroidota,Bacteroidia,Flavobacteriales,Flavobacteriaceae,Flavobacterium,metagenome
seq970,Bacteria,Proteobacteria,Gammaproteobacteria,Burkholderiales,TRA3-20,uncultured bacterium,
seq971,Bacteria,Proteobacteria,Alphaproteobacteria,Rhizobiales,Xanthobacteraceae,Rhodoplanes,uncultured bacterium
seq972,Bacteria,Planctomycetota,Planctomycetes,Pirellulales,Pirellulaceae,Pir4 lineage,uncultured Planctomycetaceae bacterium
seq973,Bacteria,Proteobacteria,Alphaproteobacteria,Sphingomonadales,Sphingomonadaceae,Sphingomonas,uncultured bacterium
seq974,Bacteria,Chloroflexi,KD4-96,uncultured bacterium,,,
seq975,Unclassified,,,,,,
seq976,Bacteria,Acidobacteriota,Vicinamibacteria,Vicinamibacterales,uncultured,uncultured Acidobacteria bacterium,
seq977,Bacteria,Proteobacteria,Alphaproteobacteria,Rhizobiales,Xanthobacteraceae,Tardiphaga,uncultured bacterium
seq978,Bacteria,Proteobacteria,Alphaproteobacteria,Rhizobiales,Xanthobacteraceae,Pseudorhodoplanes,uncultured bacterium
seq979,Bacteria,Myxococcota,Polyangia,Polyangiales,BIrii41,uncultured bacterium,
seq980,Bacteria,Chloroflexi,Anaerolineae,Caldilineales,Caldilineaceae,uncultured,uncultured bacterium
seq981,Archaea,Crenarchaeota,Nitrososphaeria,Nitrososphaerales,Nitrososphaeraceae,uncultured archaeon,
seq982,Bacteria,Bacteroidota,Bacteroidia,Sphingobacteriales,Sphingobacteriaceae,Pedobacter,uncultured bacterium
seq983,Bacteria,Actinobacteriota,Thermoleophilia,Solirubrobacterales,67-14,uncultured bacterium,
seq984,Bacteria,Actinobacteriota,Thermoleophilia,Gaiellales,Gaiellaceae,Gaiella,uncultured bacterium
seq985,Bacteria,Actinobacteriota,Acidimicrobiia,IMCC26256,uncultured bacterium,,
seq986,Bacteria,Firmicutes,Bacilli,Bacillales,Planococcaceae,Lysinibacillus,Lysinibacillus sinduriensis
seq987,Archaea,Crenarchaeota,Nitrososphaeria,Nitrososphaerales,Nitrososphaeraceae,uncultured archaeon,
seq988,Bacteria,Verrucomicrobiota,Verrucomicrobiae,Pedosphaerales,Pedosphaeraceae,uncultured bacterium,
seq989,Unclassified,,,,,,
seq990,Bacteria,Actinobacteriota,Thermoleophilia,Gaiellales,uncultured,uncultured bacterium,
seq991,Bacteria,Acidobacteriota,Vicinamibacteria,Vicinamibacterales,Vicinamibacteraceae,uncultured bacterium,
seq992,Bacteria,Bacteroidota,Bacteroidia,Sphingobacteriales,Sphingobacteriaceae,Solitalea,uncultured bacterium
seq993,Bacteria,Proteobacteria,Alphaproteobacteria,Azospirillales,Azospirillaceae,Skermanella,uncultured Skermanella sp.
seq994,Bacteria,Proteobacteria,Gammaproteobacteria,Burkholderiales,Nitrosomonadaceae,Nitrosospira,Nitrosospira multiformis
seq995,Bacteria,Chloroflexi,Anaerolineae,SBR1031,A4b,metagenome,
seq996,Bacteria,Acidobacteriota,Blastocatellia,Blastocatellales,Blastocatellaceae,uncultured,uncultured Acidobacteria bacterium
seq997,Bacteria,Myxococcota,Polyangia,Polyangiales,Sandaracinaceae,uncultured,metagenome
seq998,Bacteria,Proteobacteria,Alphaproteobacteria,Azospirillales,uncultured,uncultured bacterium,
seq999,Archaea,Crenarchaeota,Nitrososphaeria,Nitrososphaerales,Nitrososphaeraceae,uncultured crenarchaeote,
seq1000,Bacteria,Actinobacteriota,Thermoleophilia,Gaiellales,uncultured,uncultured bacterium,
seq1001,Bacteria,Verrucomicrobiota,Verrucomicrobiae,Opitutales,Opitutaceae,Lacunisphaera,Opitutus sp. GAS368
seq1002,Bacteria,Actinobacteriota,Thermoleophilia,Solirubrobacterales,67-14,uncultured bacterium,
seq1003,Bacteria,Bacteroidota,Bacteroidia,Chitinophagales,Saprospiraceae,uncultured,uncultured bacterium
seq1004,Bacteria,Patescibacteria,Saccharimonadia,Saccharimonadales,uncultured bacterium,,
seq1005,Bacteria,Planctomycetota,Planctomycetes,Pirellulales,Pirellulaceae,Pir4 lineage,Planctomycetaceae bacterium LX124
seq1006,Bacteria,Chloroflexi,KD4-96,uncultured Chloroflexi bacterium,,,
seq1007,Bacteria,Actinobacteriota,Acidimicrobiia,IMCC26256,uncultured bacterium,,
seq1008,Bacteria,Planctomycetota,Phycisphaerae,Tepidisphaerales,WD2101 soil group,uncultured soil bacterium,
seq1009,Bacteria,Acidobacteriota,Blastocatellia,Blastocatellales,Blastocatellaceae,Stenotrophobacter,uncultured Acidobacteria bacterium
seq1010,Unclassified,,,,,,
seq1011,Bacteria,Bacteroidota,Bacteroidia,Chitinophagales,Chitinophagaceae,Chitinophaga,bacterium 36-5-2
seq1012,Bacteria,Planctomycetota,Planctomycetes,Gemmatales,Gemmataceae,uncultured,uncultured soil bacterium
seq1013,Bacteria,Chloroflexi,Chloroflexia,Thermomicrobiales,JG30-KF-CM45,uncultured bacterium,
seq1014,Bacteria,Proteobacteria,Alphaproteobacteria,Rhizobiales,Xanthobacteraceae,uncultured,uncultured bacterium
seq1015,Bacteria,Actinobacteriota,Thermoleophilia,Solirubrobacterales,67-14,uncultured bacterium,
seq1016,Bacteria,Verrucomicrobiota,Verrucomicrobiae,Pedosphaerales,Pedosphaeraceae,uncultured bacterium,
seq1017,ML_predicted_Phylum: Verrucomicrobiota,,,,,,
seq1018,Bacteria,Planctomycetota,Planctomycetes,Pirellulales,Pirellulaceae,uncultured,uncultured bacterium
seq1019,Bacteria,Proteobacteria,Gammaproteobacteria,Burkholderiales,Comamonadaceae,Rhizobacter,Methylibium sp. Gra5
seq1020,Bacteria,Actinobacteriota,Acidimicrobiia,Microtrichales,Iamiaceae,Iamia,uncultured bacterium
seq1021,Bacteria,NB1-j,uncultured bacterium,,,,
seq1022,Bacteria,Acidobacteriota,Blastocatellia,Pyrinomonadales,Pyrinomonadaceae,RB41,uncultured bacterium
seq1023,Bacteria,Acidobacteriota,Vicinamibacteria,Subgroup 17,uncultured bacterium,,
seq1024,Bacteria,Acidobacteriota,Acidobacteriae,Solibacterales,Solibacteraceae,Candidatus Solibacter,uncultured bacterium
seq1025,Bacteria,Acidobacteriota,Subgroup 5,uncultured bacterium,,,
seq1026,Unclassified,,,,,,
seq1027,Bacteria,Bacteroidota,Bacteroidia,Chitinophagales,Chitinophagaceae,Lacibacter,uncultured bacterium
seq1028,Bacteria,Verrucomicrobiota,Verrucomicrobiae,Pedosphaerales,Pedosphaeraceae,uncultured bacterium,
seq1029,Bacteria,Actinobacteriota,Actinobacteria,Pseudonocardiales,Pseudonocardiaceae,Actinophytocola,uncultured bacterium
seq1030,Bacteria,Acidobacteriota,Vicinamibacteria,Vicinamibacterales,uncultured,uncultured Acidobacteria bacterium,
seq1031,Bacteria,Planctomycetota,Phycisphaerae,Phycisphaerales,Phycisphaeraceae,AKYG587,uncultured bacterium
seq1032,Bacteria,Actinobacteriota,Actinobacteria,Propionibacteriales,Nocardioidaceae,Nocardioides,bacterium HHYZS06
seq1033,Bacteria,Proteobacteria,Gammaproteobacteria,Burkholderiales,Nitrosomonadaceae,MND1,uncultured bacterium
seq1034,Unclassified,,,,,,
seq1035,ML_predicted_Phylum: Acidobacteriota,,,,,,
seq1036,Bacteria,Planctomycetota,Planctomycetes,Pirellulales,Pirellulaceae,Pir4 lineage,uncultured planctomycete
seq1037,Bacteria,Proteobacteria,Gammaproteobacteria,Burkholderiales,TRA3-20,uncultured bacterium,
seq1038,Bacteria,Verrucomicrobiota,Verrucomicrobiae,Chthoniobacterales,Chthoniobacteraceae,Chthoniobacter,uncultured bacterium
seq1039,Bacteria,Planctomycetota,OM190,uncultured bacterium,,,
seq1040,Bacteria,Bacteroidota,Bacteroidia,Chitinophagales,Chitinophagaceae,uncultured,uncultured Chitinophagaceae bacterium
seq1041,Bacteria,Proteobacteria,Alphaproteobacteria,Rhizobiales,Rhizobiaceae,Ensifer,Ensifer adhaerens
seq1042,Bacteria,Chloroflexi,Anaerolineae,Caldilineales,Caldilineaceae,Litorilinea,uncultured bacterium
seq1043,Bacteria,Proteobacteria,Alphaproteobacteria,Sphingomonadales,Sphingomonadaceae,uncultured,uncultured bacterium
seq1044,Bacteria,Bacteroidota,Bacteroidia,Chitinophagales,Chitinophagaceae,Flavisolibacter,uncultured bacterium
seq1045,Bacteria,Actinobacteriota,Actinobacteria,Streptomycetales,Streptomycetaceae,Streptomyces,Streptomyces sp. P1303B
seq1046,Bacteria,Chloroflexi,Anaerolineae,SBR1031,A4b,uncultured Chloroflexi bacterium,
seq1047,Bacteria,Proteobacteria,Gammaproteobacteria,Steroidobacterales,Steroidobacteraceae,Steroidobacter,uncultured bacterium
seq1048,Bacteria,Actinobacteriota,Actinobacteria,Corynebacteriales,Mycobacteriaceae,Mycobacterium,uncultured bacterium
seq1049,Bacteria,Bacteroidota,Bacteroidia,Chitinophagales,Saprospiraceae,uncultured,uncultured bacterium
seq1050,Bacteria,Bacteroidota,Bacteroidia,Cytophagales,Microscillaceae,uncultured,bacterium
seq1051,Bacteria,Chloroflexi,Chloroflexia,Chloroflexales,Roseiflexaceae,uncultured,uncultured bacterium
seq1052,Bacteria,Verrucomicrobiota,Verrucomicrobiae,Pedosphaerales,Pedosphaeraceae,uncultured bacterium,
seq1053,Bacteria,Bacteroidota,Bacteroidia,Cytophagales,Microscillaceae,Ohtaekwangia,uncultured bacterium
seq1054,Bacteria,Acidobacteriota,Vicinamibacteria,Vicinamibacterales,uncultured,uncultured bacterium,
seq1055,Bacteria,Actinobacteriota,Acidimicrobiia,Microtrichales,uncultured,uncultured bacterium,
seq1056,Bacteria,Acidobacteriota,Vicinamibacteria,Vicinamibacterales,uncultured,uncultured Acidobacterium sp.,
seq1057,Bacteria,Actinobacteriota,Thermoleophilia,Gaiellales,uncultured,uncultured bacterium,
seq1058,Bacteria,Planctomycetota,Planctomycetes,Pirellulales,Pirellulaceae,Pir4 lineage,uncultured bacterium
seq1059,Bacteria,Actinobacteriota,Actinobacteria,Propionibacteriales,Nocardioidaceae,Aeromicrobium,uncultured bacterium
seq1060,Bacteria,Proteobacteria,Alphaproteobacteria,Azospirillales,Azospirillaceae,Skermanella,uncultured bacterium
seq1061,Bacteria,Actinobacteriota,MB-A2-108,uncultured bacterium,,,
seq1062,ML_predicted_Phylum: Planctomycetota,,,,,,
seq1063,Bacteria,Entotheonellaeota,Entotheonellia,Entotheonellales,Entotheonellaceae,uncultured bacterium,
seq1064,Bacteria,Myxococcota,bacteriap25,uncultured bacterium,,,
seq1065,Bacteria,Proteobacteria,Alphaproteobacteria,Caulobacterales,Caulobacteraceae,Phenylobacterium,metagenome
seq1066,Bacteria,Acidobacteriota,Blastocatellia,Blastocatellales,Blastocatellaceae,JGI 0001001-H03,uncultured bacterium
seq1067,ML_predicted_Phylum: Proteobacteria,,,,,,
seq1068,Bacteria,Bacteroidota,Ignavibacteria,SJA-28,uncultured bacterium,,
seq1069,Bacteria,Proteobacteria,Alphaproteobacteria,Rhizobiales,Xanthobacteraceae,uncultured,uncultured Alphaproteobacteria bacterium
seq1070,Bacteria,Bacteroidota,Bacteroidia,Sphingobacteriales,NS11-12 marine group,metagenome,
seq1071,Bacteria,Chloroflexi,Gitt-GS-136,uncultured bacterium,,,
seq1072,Bacteria,Myxococcota,Polyangia,Polyangiales,BIrii41,uncultured bacterium,
seq1073,Bacteria,Bacteroidota,Bacteroidia,Cytophagales,Microscillaceae,Ohtaekwangia,uncultured bacterium
seq1074,Unclassified,,,,,,
seq1075,ML_predicted_Phylum: Patescibacteria,,,,,,
seq1076,Bacteria,Bacteroidota,Bacteroidia,Chitinophagales,Chitinophagaceae,Parafilimonas,uncultured bacterium
seq1077,ML_predicted_Phylum: Patescibacteria,,,,,,
seq1078,Bacteria,Acidobacteriota,Blastocatellia,11-24,uncultured Acidobacteria bacterium,,
seq1079,Bacteria,Bacteroidota,Bacteroidia,Cytophagales,Microscillaceae,uncultured,uncultured bacterium
seq1080,Bacteria,Proteobacteria,Gammaproteobacteria,PLTA13,uncultured bacterium,,
seq1081,Bacteria,Proteobacteria,Alphaproteobacteria,Rhizobiales,Xanthobacteraceae,uncultured,metagenome
seq1082,Bacteria,Planctomycetota,Phycisphaerae,Tepidisphaerales,WD2101 soil group,uncultured bacterium,
seq1083,Bacteria,Gemmatimonadota,Gemmatimonadetes,Gemmatimonadales,Gemmatimonadaceae,uncultured,uncultured bacterium
seq1084,Bacteria,Acidobacteriota,Blastocatellia,Blastocatellales,Blastocatellaceae,Blastocatella,uncultured bacterium
seq1085,Archaea,Crenarchaeota,Nitrososphaeria,Nitrososphaerales,Nitrososphaeraceae,uncultured archaeon,
seq1086,Bacteria,Gemmatimonadota,Gemmatimonadetes,Gemmatimonadales,Gemmatimonadaceae,uncultured,uncultured bacterium
seq1087,Bacteria,Bacteroidota,Bacteroidia,Cytophagales,Microscillaceae,uncultured,uncultured bacterium
seq1088,Bacteria,Actinobacteriota,Thermoleophilia,Solirubrobacterales,Solirubrobacteraceae,uncultured,uncultured actinobacterium
seq1089,Bacteria,Planctomycetota,Planctomycetes,Pirellulales,Pirellulaceae,Pirellula,uncultured bacterium
seq1090,Bacteria,Bacteroidota,Bacteroidia,Chitinophagales,Chitinophagaceae,Puia,uncultured Niastella sp.
seq1091,Bacteria,Acidobacteriota,Vicinamibacteria,Vicinamibacterales,uncultured,uncultured bacterium,
seq1092,Bacteria,Myxococcota,Polyangia,Haliangiales,Haliangiaceae,Haliangium,uncultured delta proteobacterium
seq1093,Bacteria,Proteobacteria,Alphaproteobacteria,Sphingomonadales,Sphingomonadaceae,Ellin6055,uncultured bacterium
seq1094,Bacteria,Actinobacteriota,Actinobacteria,Micromonosporales,Micromonosporaceae,Actinoplanes,Actinoplanes ianthinogenes
seq1095,Bacteria,Proteobacteria,Alphaproteobacteria,Rhizobiales,Xanthobacteraceae,uncultured,uncultured bacterium
seq1096,Bacteria,Acidobacteriota,Blastocatellia,Blastocatellales,Blastocatellaceae,Stenotrophobacter,Stenotrophobacter terrae
seq1097,Bacteria,Actinobacteriota,Thermoleophilia,Solirubrobacterales,67-14,uncultured bacterium,
seq1098,Bacteria,Actinobacteriota,Actinobacteria,Micromonosporales,Micromonosporaceae,Actinoplanes,Actinoplanes philippinensis
seq1099,Bacteria,Verrucomicrobiota,Verrucomicrobiae,Chthoniobacterales,Chthoniobacteraceae,Candidatus Udaeobacter,uncultured Spartobacteria bacterium
seq1100,Bacteria,Acidobacteriota,Vicinamibacteria,Vicinamibacterales,uncultured,uncultured Acidobacteria bacterium,
seq1101,Bacteria,Bacteroidota,Bacteroidia,Cytophagales,Microscillaceae,Chryseolinea,uncultured bacterium
seq1102,Bacteria,Chloroflexi,Chloroflexia,Chloroflexales,Roseiflexaceae,uncultured,uncultured bacterium
seq1103,Bacteria,Acidobacteriota,Blastocatellia,Pyrinomonadales,Pyrinomonadaceae,RB41,uncultured bacterium
seq1104,Bacteria,Planctomycetota,Phycisphaerae,Tepidisphaerales,WD2101 soil group,uncultured soil bacterium,
seq1105,Bacteria,Acidobacteriota,Vicinamibacteria,Vicinamibacterales,Vicinamibacteraceae,uncultured Saccharibacillus sp.,
seq1106,Bacteria,Bacteroidota,Bacteroidia,Sphingobacteriales,env.OPS 17,uncultured Bacteroidetes bacterium,
seq1107,Bacteria,Actinobacteriota,Acidimicrobiia,Microtrichales,uncultured,uncultured bacterium,
seq1108,Bacteria,Actinobacteriota,Thermoleophilia,Gaiellales,uncultured,uncultured soil bacterium,
seq1109,Bacteria,Proteobacteria,Alphaproteobacteria,Rhizobiales,Xanthobacteraceae,Bradyrhizobium,Bradyrhizobium sp. H22
seq1110,Bacteria,Verrucomicrobiota,Verrucomicrobiae,Chthoniobacterales,Chthoniobacteraceae,Chthoniobacter,metagenome
seq1111,Archaea,Crenarchaeota,Nitrososphaeria,Nitrososphaerales,Nitrososphaeraceae,uncultured archaeon,
seq1112,Bacteria,Proteobacteria,Alphaproteobacteria,Rhizobiales,Rhizobiaceae,Allorhizobium-Neorhizobium-Pararhizobium-Rhizobium,Rhizobium sp. CCBAU 13093
seq1113,Bacteria,Bacteroidota,Ignavibacteria,SJA-28,metagenome,,
seq1114,Bacteria,Bacteroidota,Ignavibacteria,SJA-28,uncultured bacterium,,
seq1115,Bacteria,Acidobacteriota,Holophagae,Subgroup 7,uncultured bacterium,,
seq1116,Bacteria,Proteobacteria,Alphaproteobacteria,Rhizobiales,Devosiaceae,Devosia,uncultured bacterium
seq1117,Archaea,Crenarchaeota,Nitrososphaeria,Nitrososphaerales,Nitrososphaeraceae,uncultured archaeon,
seq1118,Bacteria,Acidobacteriota,Blastocatellia,Pyrinomonadales,Pyrinomonadaceae,RB41,uncultured bacterium
seq1119,Bacteria,Proteobacteria,Gammaproteobacteria,Burkholderiales,Methylophilaceae,Methylotenera,uncultured bacterium
seq1120,Bacteria,Proteobacteria,Gammaproteobacteria,Burkholderiales,Comamonadaceae,Caenimonas,Caenimonas sp. TSX9-5
seq1121,Bacteria,Acidobacteriota,Blastocatellia,Pyrinomonadales,Pyrinomonadaceae,RB41,uncultured bacterium
seq1122,Bacteria,Chloroflexi,KD4-96,uncultured bacterium,,,
seq1123,Bacteria,Proteobacteria,Alphaproteobacteria,Rhizobiales,Xanthobacteraceae,uncultured,uncultured bacterium
seq1124,Bacteria,Actinobacteriota,Actinobacteria,Micrococcales,Intrasporangiaceae,Terrabacter terrigena,
seq1125,Bacteria,Proteobacteria,Gammaproteobacteria,Burkholderiales,SC-I-84,uncultured bacterium,
seq1126,Bacteria,Actinobacteriota,Thermoleophilia,Gaiellales,Gaiellaceae,Gaiella,uncultured actinobacterium
seq1127,Bacteria,Proteobacteria,Alphaproteobacteria,Rhizobiales,Hyphomicrobiaceae,Pedomicrobium,uncultured bacterium
seq1128,Archaea,Crenarchaeota,Nitrososphaeria,Nitrososphaerales,Nitrososphaeraceae,uncultured crenarchaeote,
seq1129,Bacteria,Proteobacteria,Alphaproteobacteria,Rhizobiales,Rhizobiales Incertae Sedis,Nordella,Nordella oligomobilis
seq1130,Bacteria,Verrucomicrobiota,Verrucomicrobiae,Chthoniobacterales,Chthoniobacteraceae,Candidatus Udaeobacter,uncultured bacterium
seq1131,Bacteria,Verrucomicrobiota,Verrucomicrobiae,Opitutales,Opitutaceae,Opitutus,metagenome
seq1132,Bacteria,Myxococcota,bacteriap25,uncultured bacterium,,,
seq1133,Bacteria,Actinobacteriota,Acidimicrobiia,Microtrichales,uncultured,uncultured bacterium,
seq1134,Bacteria,Proteobacteria,Alphaproteobacteria,Rhizobiales,Rhodomicrobiaceae,Rhodomicrobium,uncultured bacterium
seq1135,Bacteria,Bacteroidota,Bacteroidia,Cytophagales,Microscillaceae,uncultured,metagenome
seq1136,Bacteria,Actinobacteriota,Thermoleophilia,Solirubrobacterales,67-14,uncultured bacterium,
seq1137,Bacteria,Chloroflexi,Chloroflexia,Chloroflexales,Roseiflexaceae,uncultured,uncultured bacterium
seq1138,Archaea,Crenarchaeota,Nitrososphaeria,Nitrososphaerales,Nitrososphaeraceae,uncultured crenarchaeote,
seq1139,Unclassified,,,,,,
seq1140,Bacteria,Actinobacteriota,Acidimicrobiia,Microtrichales,Iamiaceae,Iamia,uncultured bacterium
seq1141,Unclassified,,,,,,
seq1142,ML_predicted_Phylum: Bacteroidota,,,,,,
seq1143,Bacteria,Actinobacteriota,Actinobacteria,Pseudonocardiales,Pseudonocardiaceae,Lechevalieria,Lentzea sp. 173316
seq1144,Bacteria,Patescibacteria,Saccharimonadia,Saccharimonadales,YM_S32_TM7_50_20,uncultured bacterium,
seq1145,Bacteria,Firmicutes,Bacilli,Paenibacillales,Paenibacillaceae,Paenibacillus,Paenibacillus sp. K17C
seq1146,ML_predicted_Phylum: Patescibacteria,,,,,,
seq1147,Bacteria,Planctomycetota,Planctomycetes,Pirellulales,Pirellulaceae,Pirellula,uncultured bacterium
seq1148,Bacteria,Actinobacteriota,Actinobacteria,Pseudonocardiales,Pseudonocardiaceae,Pseudonocardia,uncultured bacterium
seq1149,Bacteria,Bacteroidota,Bacteroidia,Chitinophagales,Chitinophagaceae,Ferruginibacter,uncultured bacterium
seq1150,Bacteria,Proteobacteria,Alphaproteobacteria,Sphingomonadales,Sphingomonadaceae,Sphingomonas,uncultured bacterium
seq1151,Bacteria,Myxococcota,bacteriap25,uncultured Desulfuromonadales bacterium,,,
seq1152,Bacteria,Proteobacteria,Alphaproteobacteria,Micropepsales,Micropepsaceae,uncultured,uncultured bacterium
seq1153,Bacteria,Myxococcota,Polyangia,Polyangiales,BIrii41,uncultured bacterium,
seq1154,Bacteria,Actinobacteriota,Thermoleophilia,Gaiellales,uncultured,uncultured bacterium,
seq1155,Bacteria,Myxococcota,Polyangia,Polyangiales,BIrii41,metagenome,
seq1156,Bacteria,Bacteroidota,Bacteroidia,Sphingobacteriales,Sphingobacteriaceae,Mucilaginibacter,Mucilaginibacter puniceus
seq1157,Bacteria,Bacteroidota,Bacteroidia,Cytophagales,Spirosomaceae,Dyadobacter,Dyadobacter crusticola
seq1158,Archaea,Crenarchaeota,Nitrososphaeria,Nitrososphaerales,Nitrososphaeraceae,uncultured archaeon,
seq1159,Bacteria,Myxococcota,Polyangia,Polyangiales,Polyangiaceae,uncultured,uncultured bacterium
seq1160,Bacteria,Patescibacteria,Saccharimonadia,Saccharimonadales,uncultured bacterium,,
seq1161,Bacteria,Proteobacteria,Alphaproteobacteria,Rhizobiales,Hyphomicrobiaceae,Hyphomicrobium,uncultured bacterium
seq1162,Bacteria,Acidobacteriota,Blastocatellia,Pyrinomonadales,Pyrinomonadaceae,RB41,metagenome
seq1163,Bacteria,Proteobacteria,Gammaproteobacteria,Burkholderiales,Oxalobacteraceae,Massilia,Massilia plicata
seq1164,Bacteria,Actinobacteriota,Actinobacteria,Micrococcales,Microbacteriaceae,Microbacterium,Microbacterium phyllosphaerae
seq1165,ML_predicted_Phylum: Bacteroidota,,,,,,
seq1166,Bacteria,Actinobacteriota,Actinobacteria,Pseudonocardiales,Pseudonocardiaceae,Actinomycetospora,uncultured bacterium
seq1167,Bacteria,Acidobacteriota,Blastocatellia,Pyrinomonadales,Pyrinomonadaceae,RB41,uncultured bacterium
seq1168,Bacteria,Verrucomicrobiota,Verrucomicrobiae,Chthoniobacterales,Chthoniobacteraceae,Chthoniobacter,uncultured Verrucomicrobia bacterium
seq1169,Bacteria,Actinobacteriota,Thermoleophilia,Solirubrobacterales,67-14,uncultured bacterium,
seq1170,Bacteria,Actinobacteriota,Actinobacteria,Pseudonocardiales,Pseudonocardiaceae,Pseudonocardia,uncultured bacterium
seq1171,Bacteria,Proteobacteria,Gammaproteobacteria,CCD24,metagenome,,
seq1172,Bacteria,Planctomycetota,Planctomycetes,Planctomycetales,Rubinisphaeraceae,SH-PL14,uncultured bacterium
seq1173,Bacteria,Bacteroidota,Bacteroidia,Chitinophagales,Chitinophagaceae,Niastella,uncultured bacterium
seq1174,Bacteria,Actinobacteriota,Acidimicrobiia,IMCC26256,uncultured bacterium,,
seq1175,Bacteria,Nitrospirota,Nitrospiria,Nitrospirales,Nitrospiraceae,Nitrospira,uncultured Green Bay ferromanganous micronodule bacterium MNF8
seq1176,Unclassified,,,,,,
seq1177,Bacteria,Proteobacteria,Gammaproteobacteria,CCD24,metagenome,,
seq1178,Bacteria,Acidobacteriota,Acidobacteriae,Solibacterales,Solibacteraceae,Candidatus Solibacter,uncultured Acidobacteria bacterium
seq1179,ML_predicted_Phylum: Bacteroidota,,,,,,
seq1180,Bacteria,Chloroflexi,TK10,uncultured bacterium,,,
seq1181,Bacteria,Acidobacteriota,Blastocatellia,Pyrinomonadales,Pyrinomonadaceae,RB41,uncultured Acidobacteria bacterium
seq1182,Bacteria,Proteobacteria,Gammaproteobacteria,Burkholderiales,Comamonadaceae,Piscinibacter,uncultured bacterium
seq1183,Bacteria,Chloroflexi,Dehalococcoidia,S085,uncultured Chloroflexi bacterium,,
seq1184,Bacteria,Planctomycetota,Planctomycetes,Pirellulales,Pirellulaceae,Pirellula,uncultured Planctomycetaceae bacterium
seq1185,Unclassified,,,,,,
seq1186,Bacteria,Verrucomicrobiota,Verrucomicrobiae,Chthoniobacterales,Chthoniobacteraceae,Chthoniobacter,uncultured bacterium
seq1187,Bacteria,Verrucomicrobiota,Verrucomicrobiae,Chthoniobacterales,Chthoniobacteraceae,Chthoniobacter,uncultured Verrucomicrobia bacterium
seq1188,Unclassified,,,,,,
seq1189,Bacteria,Planctomycetota,Planctomycetes,Pirellulales,Pirellulaceae,Pir4 lineage,uncultured bacterium
seq1190,Bacteria,Bacteroidota,Bacteroidia,Chitinophagales,Chitinophagaceae,uncultured,uncultured bacterium
seq1191,Archaea,Crenarchaeota,Nitrososphaeria,Nitrososphaerales,Nitrososphaeraceae,uncultured archaeon,
seq1192,Bacteria,Bacteroidota,Bacteroidia,Sphingobacteriales,KD3-93,metagenome,
seq1193,Bacteria,Cyanobacteria,Cyanobacteriia,Chloroplast,Cypripedium macranthos,,
seq1194,Bacteria,Actinobacteriota,Thermoleophilia,Solirubrobacterales,67-14,uncultured bacterium,
seq1195,Unclassified,,,,,,
seq1196,Bacteria,Planctomycetota,Planctomycetes,Pirellulales,Pirellulaceae,Pirellula,uncultured bacterium
seq1197,Bacteria,Planctomycetota,Planctomycetes,Pirellulales,Pirellulaceae,Pir4 lineage,uncultured bacterium
seq1198,Bacteria,Planctomycetota,Planctomycetes,Pirellulales,Pirellulaceae,Pirellula,uncultured bacterium
seq1199,Bacteria,Verrucomicrobiota,Verrucomicrobiae,Opitutales,Opitutaceae,Opitutus,metagenome
seq1200,Bacteria,Actinobacteriota,Actinobacteria,Pseudonocardiales,Pseudonocardiaceae,Actinophytocola,Actinophytocola sp. YIM 75635
seq1201,Bacteria,Bacteroidota,Bacteroidia,Sphingobacteriales,env.OPS 17,uncultured bacterium,
seq1202,Bacteria,Actinobacteriota,Actinobacteria,Streptosporangiales,Thermomonosporaceae,Actinocorallia,Actinocorallia longicatena
seq1203,Bacteria,Acidobacteriota,Vicinamibacteria,Vicinamibacterales,uncultured,uncultured Acidobacteria bacterium,
seq1204,Bacteria,Planctomycetota,Phycisphaerae,Phycisphaerales,Phycisphaeraceae,AKYG587,uncultured bacterium
seq1205,Bacteria,Acidobacteriota,Vicinamibacteria,Vicinamibacterales,Vicinamibacteraceae,uncultured,uncultured Acidobacteria bacterium
seq1206,Bacteria,Verrucomicrobiota,Verrucomicrobiae,Pedosphaerales,Pedosphaeraceae,uncultured bacterium,
seq1207,Bacteria,Verrucomicrobiota,Verrucomicrobiae,Pedosphaerales,Pedosphaeraceae,uncultured bacterium,
seq1208,Bacteria,Acidobacteriota,Vicinamibacteria,Subgroup 17,uncultured Acidobacteria bacterium,,
seq1209,Bacteria,Chloroflexi,Dehalococcoidia,S085,uncultured bacterium,,
seq1210,Bacteria,Chloroflexi,Chloroflexia,Chloroflexales,Roseiflexaceae,uncultured,uncultured bacterium
seq1211,Bacteria,Verrucomicrobiota,Verrucomicrobiae,Chthoniobacterales,Chthoniobacteraceae,Chthoniobacter,uncultured Verrucomicrobia bacterium
seq1212,Bacteria,Acidobacteriota,Vicinamibacteria,Vicinamibacterales,uncultured,uncultured bacterium,
seq1213,Bacteria,Proteobacteria,Alphaproteobacteria,Rhizobiales,Beijerinckiaceae,Microvirga,uncultured Microvirga sp.
seq1214,Bacteria,Actinobacteriota,Acidimicrobiia,Microtrichales,Ilumatobacteraceae,CL500-29 marine group,uncultured bacterium
seq1215,Bacteria,Patescibacteria,Saccharimonadia,Saccharimonadales,uncultured Candidatus Saccharibacteria bacterium,,
seq1216,Bacteria,Acidobacteriota,Vicinamibacteria,Subgroup 17,uncultured Holophaga sp.,,
seq1217,Bacteria,Myxococcota,Polyangia,Haliangiales,Haliangiaceae,Haliangium,uncultured bacterium
seq1218,ML_predicted_Phylum: Patescibacteria,,,,,,
seq1219,Bacteria,Planctomycetota,Phycisphaerae,Tepidisphaerales,WD2101 soil group,uncultured Planctomycetia bacterium,
seq1220,Bacteria,Acidobacteriota,Blastocatellia,Blastocatellales,Blastocatellaceae,JGI 0001001-H03,uncultured Acidobacterium sp.
seq1221,Bacteria,Proteobacteria,Gammaproteobacteria,Burkholderiales,Comamonadaceae,Ramlibacter,uncultured bacterium
seq1222,Bacteria,Patescibacteria,Saccharimonadia,Saccharimonadales,uncultured Candidatus Saccharibacteria bacterium,,
seq1223,Bacteria,Myxococcota,bacteriap25,uncultured bacterium,,,
seq1224,Bacteria,Actinobacteriota,Actinobacteria,Micrococcales,Micrococcaceae,Paenarthrobacter,Paenarthrobacter nitroguajacolicus
seq1225,Bacteria,Acidobacteriota,Vicinamibacteria,Vicinamibacterales,Vicinamibacteraceae,uncultured bacterium,
seq1226,Bacteria,Bacteroidota,Bacteroidia,Chitinophagales,Chitinophagaceae,Ferruginibacter,uncultured Bacteroidetes bacterium
seq1227,Bacteria,Proteobacteria,Gammaproteobacteria,Burkholderiales,Oxalobacteraceae,Noviherbaspirillum,uncultured bacterium
seq1228,Bacteria,Actinobacteriota,Thermoleophilia,Gaiellales,uncultured,uncultured bacterium,
seq1229,Bacteria,Gemmatimonadota,Gemmatimonadetes,Gemmatimonadales,Gemmatimonadaceae,uncultured,uncultured bacterium
seq1230,Bacteria,Bacteroidota,Bacteroidia,Chitinophagales,Chitinophagaceae,Ferruginibacter,uncultured Chitinophagaceae bacterium
seq1231,Bacteria,RCP2-54,uncultured bacterium,,,,
seq1232,Bacteria,Actinobacteriota,Thermoleophilia,Solirubrobacterales,67-14,uncultured bacterium,
seq1233,Bacteria,Bacteroidota,Kapabacteria,Kapabacteriales,uncultured bacterium,,
seq1234,Bacteria,Verrucomicrobiota,Verrucomicrobiae,Chthoniobacterales,Chthoniobacteraceae,Chthoniobacter,uncultured Verrucomicrobia bacterium
seq1235,Bacteria,Acidobacteriota,Blastocatellia,Pyrinomonadales,Pyrinomonadaceae,RB41,uncultured bacterium
seq1236,Bacteria,Proteobacteria,Gammaproteobacteria,Xanthomonadales,Xanthomonadaceae,Lysobacter,Lysobacter ginsengisoli
seq1237,Bacteria,Actinobacteriota,Actinobacteria,Micromonosporales,Micromonosporaceae,Virgisporangium,uncultured bacterium
seq1238,Bacteria,Proteobacteria,Gammaproteobacteria,Burkholderiales,TRA3-20,uncultured bacterium,
seq1239,Bacteria,Proteobacteria,Alphaproteobacteria,Rhizobiales,uncultured,uncultured bacterium,
seq1240,Bacteria,Planctomycetota,Planctomycetes,Pirellulales,Pirellulaceae,Pirellula,uncultured Pasteuria sp.
seq1241,Bacteria,Actinobacteriota,Acidimicrobiia,Microtrichales,uncultured,uncultured bacterium,
seq1242,Bacteria,Proteobacteria,Alphaproteobacteria,Sphingomonadales,Sphingomonadaceae,Sphingomonas,uncultured bacterium
seq1243,Bacteria,Proteobacteria,Alphaproteobacteria,Rhizobiales,Beijerinckiaceae,Bosea,Bosea sp. LC087
seq1244,Bacteria,Proteobacteria,Alphaproteobacteria,Rhizobiales,Methyloligellaceae,uncultured,alpha proteobacterium LS7-MT
seq1245,Bacteria,Acidobacteriota,Blastocatellia,Pyrinomonadales,Pyrinomonadaceae,RB41,uncultured bacterium
seq1246,Bacteria,Chloroflexi,TK10,uncultured bacterium,,,
seq1247,Bacteria,Acidobacteriota,Blastocatellia,Pyrinomonadales,Pyrinomonadaceae,RB41,uncultured Acidobacteria bacterium
seq1248,Unclassified,,,,,,
seq1249,Bacteria,Acidobacteriota,Blastocatellia,Pyrinomonadales,Pyrinomonadaceae,RB41,uncultured bacterium
seq1250,Bacteria,Planctomycetota,Planctomycetes,Pirellulales,Pirellulaceae,Pir4 lineage,uncultured Pirellula sp.
seq1251,Bacteria,Bdellovibrionota,Bdellovibrionia,Bdellovibrionales,Bdellovibrionaceae,Bdellovibrio,uncultured bacterium
seq1252,Bacteria,Actinobacteriota,Actinobacteria,Propionibacteriales,Nocardioidaceae,Nocardioides,uncultured bacterium
seq1253,Bacteria,Bacteroidota,Bacteroidia,Chitinophagales,Chitinophagaceae,Edaphobaculum,uncultured bacterium
seq1254,Bacteria,Nitrospirota,Nitrospiria,Nitrospirales,Nitrospiraceae,Nitrospira,uncultured bacterium
seq1255,Bacteria,Acidobacteriota,Blastocatellia,11-24,uncultured bacterium,,
seq1256,Bacteria,Actinobacteriota,Actinobacteria,Propionibacteriales,Nocardioidaceae,Nocardioides,uncultured bacterium
seq1257,Bacteria,Proteobacteria,Gammaproteobacteria,Xanthomonadales,Rhodanobacteraceae,uncultured,uncultured bacterium
seq1258,Bacteria,Acidobacteriota,Blastocatellia,Pyrinomonadales,Pyrinomonadaceae,RB41,uncultured bacterium
seq1259,Bacteria,Bacteroidota,Bacteroidia,Cytophagales,Microscillaceae,Ohtaekwangia,uncultured Bacteroidetes bacterium
seq1260,Bacteria,Proteobacteria,Alphaproteobacteria,Sphingomonadales,Sphingomonadaceae,Sphingomonas,Sphingomonas sp. CCBAU 45299
seq1261,Bacteria,Actinobacteriota,Acidimicrobiia,Microtrichales,Iamiaceae,Iamia,uncultured Actinomycetales bacterium
seq1262,Bacteria,Planctomycetota,Planctomycetes,Pirellulales,Pirellulaceae,uncultured,uncultured bacterium
seq1263,Bacteria,Planctomycetota,Planctomycetes,Pirellulales,Pirellulaceae,Pirellula,uncultured bacterium
seq1264,Bacteria,Planctomycetota,Planctomycetes,Pirellulales,Pirellulaceae,Pirellula,uncultured bacterium
seq1265,Bacteria,Bacteroidota,Bacteroidia,Sphingobacteriales,Sphingobacteriaceae,Mucilaginibacter,Pedobacter sp. JC2492
seq1266,Bacteria,Bacteroidota,Bacteroidia,Chitinophagales,Chitinophagaceae,Segetibacter,uncultured bacterium
seq1267,Bacteria,Verrucomicrobiota,Verrucomicrobiae,Pedosphaerales,Pedosphaeraceae,uncultured subdivision 3 bacterium,
seq1268,ML_predicted_Phylum: Bacteroidota,,,,,,
seq1269,Bacteria,Acidobacteriota,Blastocatellia,Pyrinomonadales,Pyrinomonadaceae,RB41,uncultured bacterium
seq1270,Bacteria,Proteobacteria,Alphaproteobacteria,Dongiales,Dongiaceae,Dongia,uncultured soil bacterium
seq1271,Bacteria,Chloroflexi,Dehalococcoidia,S085,uncultured bacterium,,
seq1272,Bacteria,Acidobacteriota,Blastocatellia,Pyrinomonadales,Pyrinomonadaceae,RB41,uncultured Acidobacteria bacterium
seq1273,Bacteria,Bacteroidota,Bacteroidia,Chitinophagales,Chitinophagaceae,Niastella,uncultured bacterium
seq1274,Archaea,Crenarchaeota,Nitrososphaeria,Nitrososphaerales,Nitrososphaeraceae,uncultured crenarchaeote,
seq1275,Bacteria,Actinobacteriota,MB-A2-108,uncultured bacterium,,,
seq1276,Bacteria,NB1-j,uncultured bacterium,,,,
seq1277,Bacteria,Actinobacteriota,Acidimicrobiia,Microtrichales,uncultured,uncultured bacterium,
seq1278,Bacteria,Proteobacteria,Alphaproteobacteria,uncultured,uncultured bacterium,,
seq1279,Bacteria,Actinobacteriota,Actinobacteria,Streptosporangiales,Thermomonosporaceae,Actinomadura,Streptomyces sp. FXJ1.1129
seq1280,Bacteria,Actinobacteriota,Acidimicrobiia,Microtrichales,uncultured,uncultured bacterium,
seq1281,Bacteria,Actinobacteriota,Actinobacteria,Propionibacteriales,Propionibacteriaceae,Microlunatus,uncultured bacterium
seq1282,Bacteria,Armatimonadota,Fimbriimonadia,Fimbriimonadales,Fimbriimonadaceae,uncultured bacterium,
seq1283,Bacteria,Proteobacteria,Alphaproteobacteria,Rhizobiales,Beijerinckiaceae,Microvirga,Microvirga makkahensis
seq1284,Bacteria,Actinobacteriota,Thermoleophilia,Gaiellales,uncultured,uncultured bacterium,
seq1285,Bacteria,Actinobacteriota,Actinobacteria,Propionibacteriales,Propionibacteriaceae,uncultured,uncultured bacterium
seq1286,Bacteria,Bacteroidota,Bacteroidia,Cytophagales,Microscillaceae,uncultured,uncultured bacterium
seq1287,Bacteria,Actinobacteriota,Actinobacteria,Micrococcales,Microbacteriaceae,Homoserinibacter,Leifsonia sp. FZ113
seq1288,Bacteria,Acidobacteriota,Vicinamibacteria,Vicinamibacterales,uncultured,uncultured bacterium,
seq1289,Bacteria,Verrucomicrobiota,Verrucomicrobiae,Chthoniobacterales,Chthoniobacteraceae,Candidatus Udaeobacter,uncultured bacterium
seq1290,Bacteria,Patescibacteria,Saccharimonadia,Saccharimonadales,uncultured bacterium,,
seq1291,Bacteria,Actinobacteriota,Acidimicrobiia,Microtrichales,uncultured,uncultured bacterium,
seq1292,Bacteria,Proteobacteria,Alphaproteobacteria,Sphingomonadales,Sphingomonadaceae,Sphingomonas,Sphingomonadaceae bacterium S10
seq1293,Bacteria,Bacteroidota,Bacteroidia,Chitinophagales,Chitinophagaceae,Ferruginibacter,uncultured bacterium
seq1294,Bacteria,Proteobacteria,Gammaproteobacteria,Burkholderiales,Nitrosomonadaceae,MND1,uncultured bacterium
seq1295,Bacteria,Acidobacteriota,Vicinamibacteria,Vicinamibacterales,Vicinamibacteraceae,uncultured bacterium,
seq1296,Bacteria,Proteobacteria,Alphaproteobacteria,Reyranellales,Reyranellaceae,Reyranella,uncultured bacterium
seq1297,Archaea,Crenarchaeota,Nitrososphaeria,Nitrososphaerales,Nitrososphaeraceae,Candidatus Nitrocosmicus,uncultured archaeon
seq1298,Bacteria,Proteobacteria,Alphaproteobacteria,Rhizobiales,Rhizobiaceae,Mesorhizobium,Rhizobium sp. WC-2006
seq1299,Bacteria,Myxococcota,Polyangia,Haliangiales,Haliangiaceae,Haliangium,uncultured bacterium
seq1300,Bacteria,Proteobacteria,Gammaproteobacteria,Burkholderiales,TRA3-20,uncultured bacterium,
seq1301,Bacteria,Acidobacteriota,Vicinamibacteria,Vicinamibacterales,uncultured,uncultured Acidobacteria bacterium,
seq1302,Bacteria,Gemmatimonadota,Gemmatimonadetes,Gemmatimonadales,Gemmatimonadaceae,uncultured,uncultured Gemmatimonadetes bacterium
seq1303,Bacteria,Actinobacteriota,Thermoleophilia,Gaiellales,uncultured,uncultured actinobacterium,
seq1304,Bacteria,Planctomycetota,Planctomycetes,Gemmatales,Gemmataceae,uncultured,uncultured bacterium
seq1305,Bacteria,Acidobacteriota,Acidobacteriae,Bryobacterales,Bryobacteraceae,Bryobacter,uncultured bacterium
seq1306,Bacteria,Proteobacteria,Alphaproteobacteria,Rhizobiales,Hyphomicrobiaceae,Pedomicrobium,uncultured bacterium
seq1307,ML_predicted_Phylum: Chloroflexi,,,,,,
seq1308,Bacteria,Myxococcota,bacteriap25,uncultured bacterium,,,
seq1309,Bacteria,Actinobacteriota,Actinobacteria,Propionibacteriales,Nocardioidaceae,Nocardioides,Nocardioides sp. Sco-B22
seq1310,Bacteria,Proteobacteria,Alphaproteobacteria,Rhizobiales,Xanthobacteraceae,Rhodoplanes,uncultured bacterium
seq1311,ML_predicted_Phylum: Planctomycetota,,,,,,
seq1312,Bacteria,Entotheonellaeota,Entotheonellia,Entotheonellales,Entotheonellaceae,Candidatus Entotheonella,uncultured bacterium
seq1313,Bacteria,Bacteroidota,Bacteroidia,Chitinophagales,Saprospiraceae,uncultured,metagenome
seq1314,Bacteria,Verrucomicrobiota,Verrucomicrobiae,Chthoniobacterales,Xiphinematobacteraceae,Candidatus Xiphinematobacter,metagenome
seq1315,Bacteria,Actinobacteriota,Acidimicrobiia,IMCC26256,uncultured bacterium,,
seq1316,Bacteria,Patescibacteria,Saccharimonadia,Saccharimonadales,Saccharimonadaceae,TM7a,uncultured bacterium
seq1317,Bacteria,Bacteroidota,Bacteroidia,Cytophagales,Microscillaceae,uncultured,uncultured bacterium
seq1318,Bacteria,Planctomycetota,Phycisphaerae,Tepidisphaerales,WD2101 soil group,uncultured bacterium,
seq1319,Bacteria,Bacteroidota,Bacteroidia,Sphingobacteriales,NS11-12 marine group,uncultured bacterium,
seq1320,Bacteria,Bacteroidota,Bacteroidia,Sphingobacteriales,Sphingobacteriaceae,Mucilaginibacter,uncultured Sphingobacteriaceae bacterium
seq1321,Bacteria,Proteobacteria,Alphaproteobacteria,Azospirillales,Azospirillaceae,Skermanella,uncultured soil bacterium
seq1322,Bacteria,Bacteroidota,Bacteroidia,Cytophagales,Microscillaceae,Ohtaekwangia,uncultured bacterium
seq1323,ML_predicted_Phylum: Verrucomicrobiota,,,,,,
seq1324,Bacteria,Actinobacteriota,Thermoleophilia,Gaiellales,uncultured,uncultured bacterium,
seq1325,Archaea,Crenarchaeota,Nitrososphaeria,Nitrososphaerales,Nitrososphaeraceae,uncultured archaeon,
seq1326,Bacteria,Verrucomicrobiota,Verrucomicrobiae,Opitutales,Opitutaceae,Opitutus,metagenome
seq1327,Bacteria,Proteobacteria,Gammaproteobacteria,Burkholderiales,TRA3-20,uncultured beta proteobacterium,
seq1328,Bacteria,Planctomycetota,Phycisphaerae,Tepidisphaerales,WD2101 soil group,uncultured bacterium,
seq1329,Bacteria,Proteobacteria,Alphaproteobacteria,Azospirillales,Azospirillaceae,Skermanella,uncultured bacterium
seq1330,Bacteria,Acidobacteriota,Vicinamibacteria,Vicinamibacterales,uncultured,uncultured bacterium,
seq1331,Bacteria,Actinobacteriota,Acidimicrobiia,Microtrichales,uncultured,uncultured Acidimicrobiia bacterium,
seq1332,Archaea,Crenarchaeota,Nitrososphaeria,Nitrososphaerales,Nitrososphaeraceae,uncultured crenarchaeote,
seq1333,Bacteria,Acidobacteriota,Blastocatellia,Pyrinomonadales,Pyrinomonadaceae,RB41,uncultured bacterium
seq1334,Bacteria,Planctomycetota,Phycisphaerae,Tepidisphaerales,WD2101 soil group,uncultured Planctomycetia bacterium,
seq1335,Bacteria,Actinobacteriota,Actinobacteria,Micromonosporales,Micromonosporaceae,Catellatospora,Catellatospora sp. YIM 65268
seq1336,Bacteria,Planctomycetota,Planctomycetes,Planctomycetales,Schlesneriaceae,Schlesneria,uncultured bacterium
seq1337,Bacteria,Bacteroidota,Bacteroidia,Flavobacteriales,Crocinitomicaceae,Fluviicola,Candidatus Fluviicola riflensis
seq1338,Bacteria,Myxococcota,Polyangia,Polyangiales,Sandaracinaceae,uncultured,uncultured bacterium
seq1339,Bacteria,Acidobacteriota,Vicinamibacteria,Vicinamibacterales,uncultured,uncultured Acidobacteria bacterium,
seq1340,Bacteria,Patescibacteria,Saccharimonadia,Saccharimonadales,YM_S32_TM7_50_20,uncultured Candidatus Saccharibacteria bacterium,
seq1341,Bacteria,Bacteroidota,Bacteroidia,Cytophagales,Microscillaceae,uncultured,uncultured bacterium
seq1342,Bacteria,Verrucomicrobiota,Verrucomicrobiae,Chthoniobacterales,Chthoniobacteraceae,Chthoniobacter,uncultured Verrucomicrobia bacterium
seq1343,Bacteria,Bacteroidota,Bacteroidia,Cytophagales,Microscillaceae,uncultured,uncultured bacterium
seq1344,Bacteria,Patescibacteria,Saccharimonadia,Saccharimonadales,uncultured bacterium,,
seq1345,Bacteria,Bacteroidota,Bacteroidia,Sphingobacteriales,env.OPS 17,uncultured Bacteroidetes bacterium,
seq1346,Bacteria,Acidobacteriota,Blastocatellia,Blastocatellales,Blastocatellaceae,Stenotrophobacter,uncultured bacterium gp4
seq1347,Bacteria,Bacteroidota,Bacteroidia,Chitinophagales,Chitinophagaceae,Rurimicrobium,uncultured bacterium
seq1348,Unclassified,,,,,,
seq1349,ML_predicted_Phylum: Bacteroidota,,,,,,
seq1350,Bacteria,Bacteroidota,Bacteroidia,Chitinophagales,Chitinophagaceae,Puia,uncultured bacterium
seq1351,Bacteria,Proteobacteria,Alphaproteobacteria,Reyranellales,Reyranellaceae,Reyranella,alpha proteobacterium CN37
seq1352,Bacteria,Chloroflexi,Anaerolineae,RBG-13-54-9,uncultured bacterium,,
seq1353,Bacteria,Proteobacteria,Gammaproteobacteria,Xanthomonadales,Xanthomonadaceae,Lysobacter,Lysobacter soli
seq1354,Bacteria,Verrucomicrobiota,Verrucomicrobiae,Chthoniobacterales,Xiphinematobacteraceae,Candidatus Xiphinematobacter,metagenome
seq1355,Bacteria,Proteobacteria,Alphaproteobacteria,Rickettsiales,Mitochondria,Sclerospora graminicola,
seq1356,Bacteria,Actinobacteriota,Acidimicrobiia,Microtrichales,Ilumatobacteraceae,uncultured,uncultured bacterium
seq1357,Bacteria,Actinobacteriota,Actinobacteria,Micromonosporales,Micromonosporaceae,Asanoa,Asanoa hainanensis
seq1358,ML_predicted_Phylum: Proteobacteria,,,,,,
seq1359,Unclassified,,,,,,
seq1360,Bacteria,Gemmatimonadota,Gemmatimonadetes,Gemmatimonadales,Gemmatimonadaceae,uncultured,uncultured Gemmatimonadetes bacterium
seq1361,Bacteria,Chloroflexi,Anaerolineae,SBR1031,A4b,uncultured bacterium,
seq1362,Bacteria,Proteobacteria,Alphaproteobacteria,Rhizobiales,Rhodomicrobiaceae,Rhodomicrobium,uncultured bacterium
seq1363,Bacteria,Bacteroidota,Bacteroidia,Cytophagales,Microscillaceae,Ohtaekwangia,Ohtaekwangia koreensis
seq1364,Bacteria,Proteobacteria,Alphaproteobacteria,Sphingomonadales,Sphingomonadaceae,Ellin6055,uncultured bacterium
seq1365,Bacteria,Verrucomicrobiota,Verrucomicrobiae,Opitutales,Opitutaceae,Opitutus,uncultured bacterium
seq1366,Bacteria,Chloroflexi,Chloroflexia,Thermomicrobiales,JG30-KF-CM45,metagenome,
seq1367,Bacteria,Bacteroidota,Bacteroidia,Flavobacteriales,Flavobacteriaceae,Flavobacterium,uncultured bacterium
seq1368,Bacteria,Bacteroidota,Bacteroidia,Cytophagales,Microscillaceae,Ohtaekwangia,metagenome
seq1369,Bacteria,Verrucomicrobiota,Verrucomicrobiae,Chthoniobacterales,Chthoniobacteraceae,Chthoniobacter,uncultured bacterium
seq1370,Bacteria,Dependentiae,Babeliae,Babeliales,Vermiphilaceae,uncultured bacterium,
seq1371,Bacteria,Myxococcota,Polyangia,Haliangiales,Haliangiaceae,Haliangium,uncultured bacterium
seq1372,Bacteria,Planctomycetota,Planctomycetes,Gemmatales,Gemmataceae,uncultured,uncultured bacterium
seq1373,Bacteria,Actinobacteriota,Actinobacteria,Propionibacteriales,Nocardioidaceae,Nocardioides,Nocardioides oleivorans
seq1374,Bacteria,Actinobacteriota,Actinobacteria,Kineosporiales,Kineosporiaceae,Kineosporia,Kineosporia rhamnosa
seq1375,Bacteria,Actinobacteriota,Actinobacteria,Micrococcales,Microbacteriaceae,uncultured,uncultured bacterium
seq1376,Unclassified,,,,,,
seq1377,Bacteria,Bacteroidota,Bacteroidia,Cytophagales,Microscillaceae,uncultured,uncultured bacterium
seq1378,Bacteria,Myxococcota,Myxococcia,Myxococcales,Myxococcaceae,uncultured bacterium,
seq1379,Bacteria,Planctomycetota,OM190,uncultured bacterium,,,
seq1380,Bacteria,Patescibacteria,Saccharimonadia,Saccharimonadales,Saccharimonadaceae,TM7a,uncultured bacterium
seq1381,Bacteria,Proteobacteria,Gammaproteobacteria,Gammaproteobacteria Incertae Sedis,Unknown Family,Acidibacter,uncultured bacterium
seq1382,ML_predicted_Phylum: Planctomycetota,,,,,,
seq1383,Bacteria,Bacteroidota,Bacteroidia,Cytophagales,Microscillaceae,Ohtaekwangia,metagenome
seq1384,Bacteria,Planctomycetota,Planctomycetes,Pirellulales,Pirellulaceae,Pirellula,uncultured bacterium
seq1385,Bacteria,Planctomycetota,Planctomycetes,Gemmatales,Gemmataceae,Gemmata,uncultured bacterium
seq1386,Bacteria,Acidobacteriota,Blastocatellia,Blastocatellales,Blastocatellaceae,Stenotrophobacter,uncultured bacterium
seq1387,Bacteria,Actinobacteriota,Thermoleophilia,Gaiellales,uncultured,uncultured bacterium,
seq1388,Unclassified,,,,,,
seq1389,Bacteria,Cyanobacteria,Cyanobacteriia,Chloroplast,uncultured bacterium,,
seq1390,Bacteria,Proteobacteria,Alphaproteobacteria,Rhizobiales,Xanthobacteraceae,uncultured,uncultured bacterium
seq1391,Bacteria,Bacteroidota,Bacteroidia,Cytophagales,Microscillaceae,Ohtaekwangia,metagenome
seq1392,Bacteria,Myxococcota,Polyangia,Polyangiales,Sandaracinaceae,uncultured,uncultured bacterium
seq1393,Bacteria,Myxococcota,Polyangia,Polyangiales,Sandaracinaceae,uncultured,uncultured bacterium
seq1394,Bacteria,Patescibacteria,Saccharimonadia,Saccharimonadales,uncultured bacterium,,
seq1395,Bacteria,Proteobacteria,Gammaproteobacteria,Enterobacterales,Enterobacteriaceae,Raoultella,Raoultella planticola
seq1396,Bacteria,Bacteroidota,Bacteroidia,Chitinophagales,Chitinophagaceae,Ferruginibacter,metagenome
seq1397,Bacteria,Bacteroidota,Bacteroidia,Chitinophagales,uncultured,uncultured bacterium,
seq1398,Bacteria,Chloroflexi,TK10,uncultured bacterium,,,
seq1399,Bacteria,Patescibacteria,Saccharimonadia,Saccharimonadales,uncultured bacterium,,
seq1400,Bacteria,Proteobacteria,Alphaproteobacteria,uncultured,uncultured bacterium,,
seq1401,Bacteria,Actinobacteriota,Actinobacteria,Propionibacteriales,Nocardioidaceae,Nocardioides,uncultured bacterium
seq1402,Bacteria,Acidobacteriota,Holophagae,Subgroup 7,uncultured bacterium,,
seq1403,Bacteria,Acidobacteriota,Acidobacteriae,Bryobacterales,Bryobacteraceae,Bryobacter,uncultured bacterium
seq1404,Bacteria,Proteobacteria,Gammaproteobacteria,Burkholderiales,Nitrosomonadaceae,Ellin6067,uncultured bacterium
seq1405,Bacteria,Acidobacteriota,Blastocatellia,Pyrinomonadales,Pyrinomonadaceae,RB41,uncultured bacterium
seq1406,Bacteria,Verrucomicrobiota,Verrucomicrobiae,Opitutales,Opitutaceae,Opitutus,uncultured soil bacterium
seq1407,Bacteria,Actinobacteriota,Actinobacteria,Micromonosporales,Micromonosporaceae,Actinoplanes,Actinoplanes auranticolor
seq1408,Bacteria,Actinobacteriota,MB-A2-108,uncultured bacterium,,,
seq1409,Bacteria,Verrucomicrobiota,Verrucomicrobiae,Chthoniobacterales,Chthoniobacteraceae,Chthoniobacter,uncultured bacterium
seq1410,Bacteria,Planctomycetota,Planctomycetes,Pirellulales,Pirellulaceae,Pirellula,uncultured bacterium
seq1411,Bacteria,Proteobacteria,Alphaproteobacteria,Rhizobiales,Rhodomicrobiaceae,Rhodomicrobium,uncultured bacterium
seq1412,Bacteria,Acidobacteriota,Blastocatellia,Pyrinomonadales,Pyrinomonadaceae,RB41,uncultured Acidobacteria bacterium
seq1413,ML_predicted_Phylum: Acidobacteriota,,,,,,
seq1414,Bacteria,Proteobacteria,Gammaproteobacteria,Burkholderiales,TRA3-20,uncultured bacterium,
seq1415,Bacteria,Actinobacteriota,Acidimicrobiia,Microtrichales,Ilumatobacteraceae,CL500-29 marine group,uncultured bacterium
seq1416,Bacteria,Bacteroidota,Bacteroidia,Chitinophagales,Chitinophagaceae,Pseudoflavitalea,metagenome
seq1417,Bacteria,Actinobacteriota,Actinobacteria,Pseudonocardiales,Pseudonocardiaceae,Pseudonocardia,Pseudonocardia hispaniensis
seq1418,Bacteria,Proteobacteria,Gammaproteobacteria,CCD24,uncultured bacterium,,
seq1419,Bacteria,Planctomycetota,OM190,uncultured bacterium,,,
seq1420,Bacteria,Actinobacteriota,Actinobacteria,Pseudonocardiales,Pseudonocardiaceae,Actinomycetospora,Actinomycetospora sp. FXJ1.556
seq1421,Bacteria,Planctomycetota,Planctomycetes,Pirellulales,Pirellulaceae,Pirellula,uncultured bacterium
seq1422,Bacteria,Myxococcota,Myxococcia,Myxococcales,Myxococcaceae,uncultured,uncultured bacterium
seq1423,Bacteria,Proteobacteria,Alphaproteobacteria,Rhizobiales,Beijerinckiaceae,Microvirga,uncultured bacterium
seq1424,Bacteria,Actinobacteriota,Actinobacteria,Pseudonocardiales,Pseudonocardiaceae,Actinomycetospora,Actinomycetospora sp. FXJ1.556
seq1425,Bacteria,Proteobacteria,Alphaproteobacteria,Caulobacterales,Caulobacteraceae,Phenylobacterium,uncultured bacterium
seq1426,ML_predicted_Phylum: Actinobacteriota,,,,,,
seq1427,Bacteria,Actinobacteriota,Acidimicrobiia,Microtrichales,Ilumatobacteraceae,uncultured,uncultured bacterium
seq1428,Bacteria,Planctomycetota,Planctomycetes,Pirellulales,Pirellulaceae,Pirellula,uncultured bacterium
seq1429,Bacteria,Proteobacteria,Alphaproteobacteria,Rhizobiales,Beijerinckiaceae,uncultured,uncultured bacterium
seq1430,Bacteria,Proteobacteria,Gammaproteobacteria,Burkholderiales,TRA3-20,uncultured bacterium,
seq1431,Bacteria,Proteobacteria,Alphaproteobacteria,Rhizobiales,Xanthobacteraceae,uncultured,uncultured bacterium
seq1432,Bacteria,Planctomycetota,Planctomycetes,Pirellulales,Pirellulaceae,Pir4 lineage,uncultured bacterium
seq1433,Bacteria,Actinobacteriota,Actinobacteria,Propionibacteriales,Propionibacteriaceae,Microlunatus,Microlunatus sp.
seq1434,Bacteria,Actinobacteriota,Acidimicrobiia,Microtrichales,Ilumatobacteraceae,uncultured,uncultured bacterium
seq1435,Bacteria,Bacteroidota,Bacteroidia,Chitinophagales,Saprospiraceae,uncultured,uncultured bacterium
seq1436,Bacteria,Chloroflexi,Chloroflexia,Chloroflexales,Roseiflexaceae,uncultured,uncultured bacterium
seq1437,Bacteria,Acidobacteriota,Vicinamibacteria,Vicinamibacterales,Vicinamibacteraceae,uncultured bacterium,
seq1438,Bacteria,Proteobacteria,Alphaproteobacteria,Rhizobiales,Xanthobacteraceae,Afipia,Afipia sp. 9(2017)
seq1439,Bacteria,Acidobacteriota,Vicinamibacteria,Vicinamibacterales,uncultured,uncultured bacterium,
seq1440,Bacteria,Actinobacteriota,Thermoleophilia,Gaiellales,uncultured,uncultured bacterium,
seq1441,Bacteria,Bacteroidota,Bacteroidia,Cytophagales,Microscillaceae,uncultured,uncultured bacterium
seq1442,Bacteria,Acidobacteriota,Blastocatellia,Pyrinomonadales,Pyrinomonadaceae,RB41,uncultured Acidobacteria bacterium
seq1443,Bacteria,Proteobacteria,Gammaproteobacteria,Xanthomonadales,Rhodanobacteraceae,uncultured,uncultured bacterium
seq1444,Bacteria,Actinobacteriota,Actinobacteria,Micromonosporales,Micromonosporaceae,Actinoplanes,Actinoplanes digitatis
seq1445,Bacteria,Chloroflexi,KD4-96,uncultured bacterium,,,
seq1446,Bacteria,Actinobacteriota,Actinobacteria,Pseudonocardiales,Pseudonocardiaceae,Pseudonocardia,Pseudonocardia sp. D1A36
seq1447,ML_predicted_Phylum: Acidobacteriota,,,,,,
seq1448,Bacteria,Planctomycetota,Planctomycetes,Gemmatales,Gemmataceae,uncultured,uncultured bacterium
seq1449,Bacteria,Proteobacteria,Alphaproteobacteria,Rhizobiales,Xanthobacteraceae,Bradyrhizobium,uncultured bacterium
seq1450,Bacteria,Bacteroidota,Kapabacteria,Kapabacteriales,uncultured bacterium #0319-6E22,,
seq1451,Bacteria,Acidobacteriota,Subgroup 11,uncultured Acidobacteria bacterium,,,
seq1452,ML_predicted_Phylum: Cyanobacteria,,,,,,
seq1453,Bacteria,Planctomycetota,Planctomycetes,Pirellulales,Pirellulaceae,Pirellula,uncultured bacterium
seq1454,Bacteria,Cyanobacteria,Cyanobacteriia,Chloroplast,Xylochloris irregularis,,
seq1455,Bacteria,Actinobacteriota,Thermoleophilia,Gaiellales,Gaiellaceae,Gaiella,uncultured bacterium
seq1456,Bacteria,Bacteroidota,Bacteroidia,Sphingobacteriales,Sphingobacteriaceae,Pedobacter,uncultured bacterium
seq1457,Bacteria,Proteobacteria,Alphaproteobacteria,Rhizobiales,Xanthobacteraceae,uncultured,uncultured bacterium
seq1458,Bacteria,Actinobacteriota,Actinobacteria,Pseudonocardiales,Pseudonocardiaceae,Pseudonocardia,Pseudonocardia sp.
seq1459,Bacteria,Proteobacteria,Gammaproteobacteria,Burkholderiales,Comamonadaceae,Ideonella,uncultured Comamonadaceae bacterium
seq1460,Bacteria,Actinobacteriota,MB-A2-108,uncultured Actinomycetales bacterium,,,
seq1461,Bacteria,Bacteroidota,Bacteroidia,Chitinophagales,37-13,uncultured bacterium,
seq1462,Bacteria,Bacteroidota,Bacteroidia,Chitinophagales,Saprospiraceae,uncultured,uncultured bacterium
seq1463,Bacteria,Myxococcota,bacteriap25,metagenome,,,
seq1464,Bacteria,Proteobacteria,Alphaproteobacteria,Rhizobiales,Rhizobiales Incertae Sedis,Nordella,Nordella oligomobilis
seq1465,Bacteria,Acidobacteriota,Blastocatellia,Blastocatellales,Blastocatellaceae,uncultured,uncultured Acidobacteria bacterium
seq1466,Bacteria,Actinobacteriota,Thermoleophilia,Solirubrobacterales,67-14,uncultured Rubrobacteria bacterium,
seq1467,Bacteria,Planctomycetota,Planctomycetes,Gemmatales,Gemmataceae,uncultured,uncultured bacterium
seq1468,Bacteria,Bacteroidota,Bacteroidia,Cytophagales,Microscillaceae,uncultured,uncultured Bacteroidetes bacterium
seq1469,Bacteria,Acidobacteriota,Vicinamibacteria,Vicinamibacterales,uncultured,uncultured Acidobacteria bacterium,
seq1470,Bacteria,Proteobacteria,Gammaproteobacteria,Burkholderiales,TRA3-20,metagenome,
seq1471,Bacteria,Actinobacteriota,Thermoleophilia,Gaiellales,uncultured,uncultured bacterium,
seq1472,Bacteria,Methylomirabilota,Methylomirabilia,Rokubacteriales,uncultured bacterium,,
seq1473,ML_predicted_Phylum: Proteobacteria,,,,,,
seq1474,Bacteria,Bacteroidota,Bacteroidia,Chitinophagales,Chitinophagaceae,uncultured,Panacibacter ginsenosidivorans
seq1475,Bacteria,Gemmatimonadota,AKAU4049,uncultured bacterium,,,
seq1476,ML_predicted_Phylum: Planctomycetota,,,,,,
seq1477,ML_predicted_Phylum: Patescibacteria,,,,,,
seq1478,Bacteria,Acidobacteriota,Blastocatellia,Pyrinomonadales,Pyrinomonadaceae,RB41,uncultured bacterium
seq1479,Bacteria,Proteobacteria,Gammaproteobacteria,Burkholderiales,TRA3-20,metagenome,
seq1480,Bacteria,Planctomycetota,Planctomycetes,Pirellulales,Pirellulaceae,Pir4 lineage,uncultured bacterium
seq1481,Bacteria,Planctomycetota,Planctomycetes,Pirellulales,Pirellulaceae,Pir4 lineage,uncultured bacterium
seq1482,Bacteria,Chloroflexi,Anaerolineae,SBR1031,uncultured bacterium,,
seq1483,Bacteria,Planctomycetota,Planctomycetes,Pirellulales,Pirellulaceae,Pir4 lineage,uncultured bacterium
seq1484,Bacteria,Bacteroidota,Bacteroidia,Chitinophagales,Chitinophagaceae,Sediminibacterium,Sediminibacterium aquarii
seq1485,Bacteria,Verrucomicrobiota,Verrucomicrobiae,Chthoniobacterales,Chthoniobacteraceae,Chthoniobacter,metagenome
seq1486,Bacteria,Planctomycetota,Planctomycetes,Pirellulales,Pirellulaceae,Pirellula,metagenome
seq1487,Bacteria,Acidobacteriota,Vicinamibacteria,Vicinamibacterales,Vicinamibacteraceae,uncultured bacterium,
seq1488,Bacteria,Proteobacteria,Alphaproteobacteria,Rhizobiales,Xanthobacteraceae,Bradyrhizobium,metagenome
seq1489,Bacteria,Bacteroidota,Bacteroidia,Chitinophagales,Chitinophagaceae,Edaphobaculum,Sphingobacterium sp. P-7
seq1490,Bacteria,Cyanobacteria,Cyanobacteriia,Chloroplast,Lyellia platycarpa,,
seq1491,Bacteria,Acidobacteriota,Blastocatellia,Pyrinomonadales,Pyrinomonadaceae,RB41,uncultured bacterium
seq1492,Bacteria,Acidobacteriota,Vicinamibacteria,Vicinamibacterales,uncultured,uncultured bacterium,
seq1493,Bacteria,Acidobacteriota,Vicinamibacteria,Vicinamibacterales,Vicinamibacteraceae,uncultured Acidobacteria bacterium,
seq1494,Bacteria,Actinobacteriota,Actinobacteria,Propionibacteriales,Nocardioidaceae,Aeromicrobium,uncultured bacterium
seq1495,Bacteria,Verrucomicrobiota,Verrucomicrobiae,Pedosphaerales,Pedosphaeraceae,Ellin517,metagenome
seq1496,ML_predicted_Phylum: Verrucomicrobiota,,,,,,
seq1497,Bacteria,Bacteroidota,Bacteroidia,Chitinophagales,uncultured,uncultured bacterium,
seq1498,Bacteria,Verrucomicrobiota,Verrucomicrobiae,Chthoniobacterales,Chthoniobacteraceae,Chthoniobacter,uncultured Verrucomicrobia bacterium
seq1499,Bacteria,Chloroflexi,TK10,uncultured bacterium,,,
seq1500,Bacteria,Actinobacteriota,Acidimicrobiia,IMCC26256,uncultured bacterium,,
seq1501,Bacteria,Bacteroidota,Bacteroidia,Sphingobacteriales,env.OPS 17,uncultured Sphingobacteriales bacterium,
seq1502,Bacteria,Bacteroidota,Bacteroidia,Chitinophagales,Chitinophagaceae,Edaphobaculum,uncultured bacterium
seq1503,Bacteria,Bacteroidota,Bacteroidia,Chitinophagales,Chitinophagaceae,Terrimonas,uncultured bacterium
seq1504,Bacteria,Actinobacteriota,Acidimicrobiia,Microtrichales,Ilumatobacteraceae,uncultured,uncultured bacterium
seq1505,Bacteria,Gemmatimonadota,Gemmatimonadetes,Gemmatimonadales,Gemmatimonadaceae,uncultured,uncultured Gemmatimonadetes bacterium
seq1506,Bacteria,Proteobacteria,Alphaproteobacteria,Rhizobiales,Rhizobiales Incertae Sedis,Nordella,uncultured bacterium
seq1507,Bacteria,Bacteroidota,Bacteroidia,Chitinophagales,Chitinophagaceae,Edaphobaculum,uncultured bacterium
seq1508,Bacteria,Acidobacteriota,Blastocatellia,Blastocatellales,Blastocatellaceae,Stenotrophobacter,uncultured bacterium gp4
seq1509,Bacteria,Actinobacteriota,Acidimicrobiia,Microtrichales,uncultured,uncultured bacterium,
seq1510,Bacteria,Proteobacteria,Alphaproteobacteria,Sphingomonadales,Sphingomonadaceae,uncultured,Sphingosinicella sp.
seq1511,Bacteria,Proteobacteria,Gammaproteobacteria,Pseudomonadales,Pseudohongiellaceae,BIyi10,metagenome
seq1512,Bacteria,Actinobacteriota,Thermoleophilia,uncultured,uncultured bacterium,,
seq1513,Bacteria,Myxococcota,bacteriap25,uncultured bacterium,,,
seq1514,Bacteria,Acidobacteriota,Subgroup 5,uncultured bacterium,,,
seq1515,ML_predicted_Phylum: Patescibacteria,,,,,,
seq1516,Bacteria,Proteobacteria,Alphaproteobacteria,Sphingomonadales,Sphingomonadaceae,uncultured,uncultured bacterium
seq1517,Bacteria,Actinobacteriota,Thermoleophilia,Solirubrobacterales,67-14,uncultured bacterium,
seq1518,Bacteria,Bacteroidota,Bacteroidia,Chitinophagales,Chitinophagaceae,Taibaiella,uncultured bacterium
seq1519,Bacteria,Bacteroidota,Bacteroidia,Cytophagales,Microscillaceae,Ohtaekwangia,uncultured Bacteroidetes bacterium
seq1520,ML_predicted_Phylum: Bacteroidota,,,,,,
seq1521,Bacteria,Firmicutes,Bacilli,Bacillales,Bacillaceae,Bacillus,Bacillus pseudomycoides
seq1522,Bacteria,Cyanobacteria,Vampirivibrionia,Obscuribacterales,Obscuribacteraceae,uncultured bacterium,
seq1523,Bacteria,Proteobacteria,Alphaproteobacteria,Rhizobiales,Beijerinckiaceae,FFCH5858,uncultured Rhizobiales bacterium
seq1524,Bacteria,Acidobacteriota,Blastocatellia,Blastocatellales,Blastocatellaceae,Blastocatella,uncultured Acidobacteria bacterium
seq1525,Bacteria,Actinobacteriota,Acidimicrobiia,Microtrichales,Iamiaceae,Iamia,uncultured bacterium
seq1526,Bacteria,Bacteroidota,Bacteroidia,Sphingobacteriales,AKYH767,uncultured bacterium,
seq1527,Bacteria,Bacteroidota,Bacteroidia,Chitinophagales,Chitinophagaceae,uncultured,uncultured Flavisolibacter sp.
seq1528,Bacteria,Proteobacteria,Gammaproteobacteria,Burkholderiales,SC-I-84,uncultured bacterium,
seq1529,Bacteria,Elusimicrobiota,Lineage IIb,uncultured soil bacterium,,,
seq1530,Bacteria,Verrucomicrobiota,Verrucomicrobiae,Chthoniobacterales,Chthoniobacteraceae,Candidatus Udaeobacter,uncultured Spartobacteria bacterium
seq1531,Bacteria,Chloroflexi,Gitt-GS-136,uncultured Chloroflexus sp.,,,
seq1532,Bacteria,Chloroflexi,KD4-96,uncultured Chloroflexi bacterium,,,
seq1533,Bacteria,Proteobacteria,Gammaproteobacteria,Burkholderiales,Comamonadaceae,Ideonella,uncultured Comamonadaceae bacterium
seq1534,Archaea,Crenarchaeota,Nitrososphaeria,Nitrososphaerales,Nitrososphaeraceae,uncultured crenarchaeote,
seq1535,Bacteria,Acidobacteriota,Vicinamibacteria,Vicinamibacterales,uncultured,uncultured Acidobacteria bacterium,
seq1536,Bacteria,Verrucomicrobiota,Verrucomicrobiae,Pedosphaerales,Pedosphaeraceae,uncultured Verrucomicrobia bacterium,
seq1537,Bacteria,Acidobacteriota,Vicinamibacteria,Subgroup 17,uncultured bacterium,,
seq1538,Archaea,Crenarchaeota,Nitrososphaeria,Nitrososphaerales,Nitrososphaeraceae,uncultured archaeon,
seq1539,Bacteria,Myxococcota,bacteriap25,uncultured bacterium,,,
seq1540,Archaea,Crenarchaeota,Nitrososphaeria,Nitrososphaerales,Nitrososphaeraceae,uncultured crenarchaeote,
seq1541,Bacteria,Proteobacteria,Gammaproteobacteria,Steroidobacterales,Steroidobacteraceae,Steroidobacter,uncultured gamma proteobacterium
seq1542,Bacteria,Bacteroidota,Bacteroidia,Chitinophagales,37-13,metagenome,
seq1543,Archaea,Crenarchaeota,Nitrososphaeria,Nitrososphaerales,Nitrososphaeraceae,uncultured archaeon,
seq1544,Bacteria,Verrucomicrobiota,Verrucomicrobiae,Chthoniobacterales,Chthoniobacteraceae,Candidatus Udaeobacter,uncultured bacterium
seq1545,Bacteria,Acidobacteriota,Blastocatellia,Blastocatellales,Blastocatellaceae,JGI 0001001-H03,uncultured bacterium
seq1546,Bacteria,Actinobacteriota,Acidimicrobiia,Microtrichales,Iamiaceae,Iamia,uncultured bacterium
seq1547,Bacteria,Bacteroidota,Bacteroidia,Chitinophagales,Chitinophagaceae,Flavitalea,uncultured bacterium
seq1548,Bacteria,Proteobacteria,Alphaproteobacteria,Sphingomonadales,Sphingomonadaceae,Sphingomonas,uncultured bacterium
seq1549,Bacteria,Verrucomicrobiota,Verrucomicrobiae,Pedosphaerales,Pedosphaeraceae,uncultured bacterium,
seq1550,Archaea,Crenarchaeota,Nitrososphaeria,Nitrososphaerales,Nitrososphaeraceae,uncultured crenarchaeote,
seq1551,Bacteria,Bacteroidota,Bacteroidia,Cytophagales,Microscillaceae,uncultured,uncultured bacterium
seq1552,Archaea,Thermoplasmatota,Thermoplasmata,Marine Group II,uncultured archaeon,,
seq1553,Bacteria,Actinobacteriota,Actinobacteria,Corynebacteriales,Mycobacteriaceae,Mycobacterium,Mycobacterium genavense
seq1554,Unclassified,,,,,,
seq1555,Bacteria,Chloroflexi,Anaerolineae,Anaerolineales,Anaerolineaceae,uncultured,metagenome
seq1556,Bacteria,Acidobacteriota,Acidobacteriae,Bryobacterales,Bryobacteraceae,Bryobacter,uncultured bacterium
seq1557,Bacteria,Proteobacteria,Alphaproteobacteria,Rhizobiales,Xanthobacteraceae,Tardiphaga,Tardiphaga robiniae
seq1558,Bacteria,Actinobacteriota,Actinobacteria,Streptomycetales,Streptomycetaceae,Streptomyces,Actinoalloteichus cyanogriseus
seq1559,Bacteria,Actinobacteriota,Thermoleophilia,Gaiellales,Gaiellaceae,Gaiella,uncultured bacterium
seq1560,Bacteria,Bacteroidota,Bacteroidia,Chitinophagales,Chitinophagaceae,Niastella,uncultured bacterium
seq1561,Archaea,Crenarchaeota,Nitrososphaeria,Nitrososphaerales,Nitrososphaeraceae,uncultured crenarchaeote,
seq1562,Bacteria,Proteobacteria,Alphaproteobacteria,Rhizobiales,Xanthobacteraceae,Rhodoplanes,uncultured bacterium
seq1563,Bacteria,Proteobacteria,Alphaproteobacteria,Rhizobiales,Hyphomicrobiaceae,Pedomicrobium,uncultured Hyphomicrobiaceae bacterium
seq1564,Bacteria,Acidobacteriota,Blastocatellia,Elev-16S-573,uncultured bacterium,,
seq1565,Bacteria,Acidobacteriota,Subgroup 5,metagenome,,,
seq1566,Bacteria,Actinobacteriota,Actinobacteria,Streptomycetales,Streptomycetaceae,Streptomyces,Streptomyces globosus
seq1567,Bacteria,Patescibacteria,Saccharimonadia,Saccharimonadales,uncultured soil bacterium,,
seq1568,Bacteria,Bacteroidota,Bacteroidia,Chitinophagales,Saprospiraceae,uncultured,uncultured bacterium
seq1569,Bacteria,Actinobacteriota,Thermoleophilia,Solirubrobacterales,67-14,uncultured bacterium,
seq1570,Bacteria,Bacteroidota,Bacteroidia,Cytophagales,Microscillaceae,Ohtaekwangia,uncultured bacterium
seq1571,Bacteria,Acidobacteriota,Acidobacteriae,Solibacterales,Solibacteraceae,Candidatus Solibacter,uncultured bacterium
seq1572,Bacteria,Acidobacteriota,Thermoanaerobaculia,Thermoanaerobaculales,Thermoanaerobaculaceae,Subgroup 10,uncultured bacterium
seq1573,Bacteria,Proteobacteria,Gammaproteobacteria,Burkholderiales,Comamonadaceae,uncultured,uncultured bacterium
seq1574,Bacteria,Myxococcota,bacteriap25,uncultured bacterium,,,
seq1575,Bacteria,Actinobacteriota,Thermoleophilia,Solirubrobacterales,Solirubrobacteraceae,uncultured,uncultured bacterium
seq1576,Bacteria,Patescibacteria,Saccharimonadia,Saccharimonadales,uncultured Candidatus Saccharibacteria bacterium,,
seq1577,Bacteria,Actinobacteriota,Thermoleophilia,Gaiellales,uncultured,uncultured bacterium,
seq1578,Bacteria,Acidobacteriota,Blastocatellia,Pyrinomonadales,Pyrinomonadaceae,RB41,uncultured Acidobacteria bacterium
seq1579,Bacteria,Bacteroidota,Bacteroidia,Cytophagales,Microscillaceae,uncultured,uncultured bacterium
seq1580,Bacteria,Actinobacteriota,Thermoleophilia,Gaiellales,Gaiellaceae,Gaiella,uncultured bacterium
seq1581,Bacteria,Verrucomicrobiota,Verrucomicrobiae,Pedosphaerales,Pedosphaeraceae,uncultured subdivision 3 bacterium,
seq1582,Bacteria,Nitrospirota,Nitrospiria,Nitrospirales,Nitrospiraceae,Nitrospira,Nitrospira sp.
seq1583,Bacteria,Planctomycetota,Phycisphaerae,Tepidisphaerales,WD2101 soil group,uncultured bacterium,
seq1584,Archaea,Crenarchaeota,Nitrososphaeria,Nitrososphaerales,Nitrososphaeraceae,Candidatus Nitrososphaera,uncultured bacterium
seq1585,Bacteria,Bacteroidota,Bacteroidia,Chitinophagales,Chitinophagaceae,uncultured,uncultured bacterium
seq1586,Bacteria,Bacteroidota,Kapabacteria,Kapabacteriales,metagenome,,
seq1587,Bacteria,Entotheonellaeota,Entotheonellia,Entotheonellales,Entotheonellaceae,Candidatus Entotheonella,uncultured bacterium
seq1588,Bacteria,Chloroflexi,Anaerolineae,Anaerolineales,Anaerolineaceae,uncultured,uncultured bacterium
seq1589,Bacteria,Verrucomicrobiota,Verrucomicrobiae,Chthoniobacterales,Chthoniobacteraceae,Candidatus Udaeobacter,uncultured bacterium
seq1590,Bacteria,Actinobacteriota,Thermoleophilia,Gaiellales,uncultured,uncultured actinobacterium,
seq1591,Archaea,Crenarchaeota,Nitrososphaeria,Nitrososphaerales,Nitrososphaeraceae,uncultured archaeon,
seq1592,Bacteria,Actinobacteriota,Acidimicrobiia,IMCC26256,uncultured bacterium,,
seq1593,Bacteria,Bacteroidota,Bacteroidia,Chitinophagales,Chitinophagaceae,uncultured,uncultured Niastella sp.
seq1594,Bacteria,Gemmatimonadota,Gemmatimonadetes,Gemmatimonadales,Gemmatimonadaceae,uncultured,uncultured bacterium
seq1595,Bacteria,Acidobacteriota,Subgroup 5,uncultured Acidobacteria bacterium,,,
seq1596,Bacteria,Planctomycetota,Planctomycetes,Planctomycetales,uncultured,metagenome,
seq1597,Bacteria,Actinobacteriota,Actinobacteria,Micrococcales,Microbacteriaceae,Galbitalea,Frigoribacterium faeni
seq1598,Bacteria,Proteobacteria,Gammaproteobacteria,Burkholderiales,Comamonadaceae,Rhodoferax,metagenome
seq1599,Bacteria,Acidobacteriota,Blastocatellia,Pyrinomonadales,Pyrinomonadaceae,RB41,uncultured bacterium
seq1600,Bacteria,Acidobacteriota,Blastocatellia,Pyrinomonadales,Pyrinomonadaceae,RB41,uncultured Acidobacteria bacterium
seq1601,Bacteria,Planctomycetota,Planctomycetes,Pirellulales,Pirellulaceae,uncultured,uncultured bacterium
seq1602,Bacteria,Acidobacteriota,Vicinamibacteria,Vicinamibacterales,Vicinamibacteraceae,uncultured Acidobacteria bacterium,
seq1603,Bacteria,Acidobacteriota,Vicinamibacteria,Vicinamibacterales,uncultured,uncultured bacterium,
seq1604,ML_predicted_Phylum: Verrucomicrobiota,,,,,,
seq1605,Bacteria,Bacteroidota,Bacteroidia,Cytophagales,Microscillaceae,uncultured,uncultured Ohtaekwangia sp.
seq1606,Bacteria,Gemmatimonadota,Gemmatimonadetes,Gemmatimonadales,Gemmatimonadaceae,uncultured,uncultured bacterium
seq1607,Bacteria,Proteobacteria,Gammaproteobacteria,Pseudomonadales,Pseudomonadaceae,Pseudomonas,Pseudomonas sp. PIGB5
seq1608,Bacteria,Bacteroidota,Bacteroidia,Chitinophagales,Chitinophagaceae,uncultured,uncultured bacterium
seq1609,Bacteria,Actinobacteriota,MB-A2-108,uncultured bacterium,,,
seq1610,Bacteria,Proteobacteria,Alphaproteobacteria,Sphingomonadales,Sphingomonadaceae,Sphingomonas,uncultured bacterium
seq1611,Bacteria,Firmicutes,Bacilli,Bacillales,Bacillaceae,Bacillus,Bacillus sp. PP_B3A.0
seq1612,Bacteria,Verrucomicrobiota,Verrucomicrobiae,Pedosphaerales,Pedosphaeraceae,uncultured Verrucomicrobia bacterium,
seq1613,Bacteria,Planctomycetota,Phycisphaerae,Tepidisphaerales,WD2101 soil group,uncultured bacterium,
seq1614,Bacteria,Planctomycetota,Planctomycetes,Planctomycetales,Rubinisphaeraceae,SH-PL14,uncultured planctomycete
seq1615,Bacteria,Planctomycetota,Planctomycetes,Pirellulales,Pirellulaceae,Blastopirellula,uncultured planctomycete
seq1616,Bacteria,Elusimicrobiota,Lineage IIb,uncultured bacterium,,,
seq1617,Bacteria,Verrucomicrobiota,Verrucomicrobiae,Chthoniobacterales,Chthoniobacteraceae,Chthoniobacter,metagenome
seq1618,Bacteria,Bacteroidota,Bacteroidia,Sphingobacteriales,NS11-12 marine group,uncultured bacterium,
seq1619,Bacteria,Acidobacteriota,Blastocatellia,Blastocatellales,Blastocatellaceae,Blastocatella,uncultured bacterium
seq1620,Bacteria,Bacteroidota,Bacteroidia,Chitinophagales,Chitinophagaceae,Ferruginibacter,uncultured bacterium
seq1621,Bacteria,Verrucomicrobiota,Verrucomicrobiae,Chthoniobacterales,Xiphinematobacteraceae,Candidatus Xiphinematobacter,uncultured bacterium
seq1622,Archaea,Crenarchaeota,Nitrososphaeria,Nitrososphaerales,Nitrososphaeraceae,uncultured archaeon,
seq1623,Bacteria,Actinobacteriota,Thermoleophilia,Solirubrobacterales,Solirubrobacteraceae,Solirubrobacter,uncultured bacterium
seq1624,Bacteria,Acidobacteriota,Blastocatellia,Pyrinomonadales,Pyrinomonadaceae,RB41,uncultured bacterium
seq1625,Bacteria,Bacteroidota,Bacteroidia,Chitinophagales,Chitinophagaceae,Puia,uncultured bacterium
seq1626,Bacteria,Acidobacteriota,Blastocatellia,11-24,uncultured bacterium,,
seq1627,Bacteria,Verrucomicrobiota,Verrucomicrobiae,Verrucomicrobiales,Verrucomicrobiaceae,uncultured,uncultured bacterium
seq1628,Bacteria,Patescibacteria,Saccharimonadia,Saccharimonadales,WWH38,uncultured soil bacterium,
seq1629,Bacteria,Bacteroidota,Bacteroidia,Chitinophagales,Chitinophagaceae,Ferruginibacter,uncultured bacterium
seq1630,Unclassified,,,,,,
seq1631,Bacteria,Verrucomicrobiota,Verrucomicrobiae,Pedosphaerales,Pedosphaeraceae,uncultured,uncultured bacterium
seq1632,Bacteria,Cyanobacteria,Cyanobacteriia,Synechococcales,Cyanobiaceae,Cyanobium PCC-6307,Microcystis elabens
seq1633,Bacteria,Planctomycetota,Planctomycetes,Pirellulales,Pirellulaceae,Pirellula,uncultured bacterium
seq1634,Bacteria,Verrucomicrobiota,Verrucomicrobiae,Pedosphaerales,Pedosphaeraceae,uncultured Verrucomicrobia bacterium,
seq1635,Bacteria,Actinobacteriota,Actinobacteria,0319-7L14,uncultured bacterium,,
seq1636,Bacteria,Actinobacteriota,Thermoleophilia,Gaiellales,Gaiellaceae,Gaiella,uncultured bacterium
seq1637,Bacteria,Bacteroidota,Bacteroidia,Chitinophagales,Chitinophagaceae,Flavisolibacter,uncultured bacterium
seq1638,Bacteria,Actinobacteriota,Actinobacteria,Propionibacteriales,Propionibacteriaceae,Microlunatus,uncultured bacterium
seq1639,Bacteria,Myxococcota,Polyangia,Haliangiales,Haliangiaceae,Haliangium,uncultured Myxococcales bacterium
seq1640,Bacteria,Planctomycetota,Planctomycetes,Pirellulales,Pirellulaceae,Pirellula,uncultured bacterium
seq1641,Bacteria,Proteobacteria,Alphaproteobacteria,Azospirillales,Azospirillaceae,Skermanella,uncultured bacterium
seq1642,Bacteria,Proteobacteria,Alphaproteobacteria,Tistrellales,Geminicoccaceae,uncultured,uncultured bacterium
seq1643,Bacteria,Bacteroidota,Bacteroidia,Cytophagales,Microscillaceae,Ohtaekwangia,uncultured bacterium
seq1644,Bacteria,Bacteroidota,Bacteroidia,Sphingobacteriales,Sphingobacteriaceae,uncultured,uncultured bacterium
seq1645,Bacteria,Acidobacteriota,Blastocatellia,Blastocatellales,Blastocatellaceae,JGI 0001001-H03,metagenome
seq1646,Bacteria,Verrucomicrobiota,Verrucomicrobiae,Chthoniobacterales,Xiphinematobacteraceae,Candidatus Xiphinematobacter,uncultured bacterium
seq1647,Bacteria,Acidobacteriota,Blastocatellia,Blastocatellales,Blastocatellaceae,Stenotrophobacter,uncultured bacterium gp4
seq1648,Bacteria,Actinobacteriota,Acidimicrobiia,IMCC26256,metagenome,,
seq1649,Bacteria,Acidobacteriota,Vicinamibacteria,Vicinamibacterales,uncultured,uncultured Acidobacteriales bacterium,
seq1650,Bacteria,Acidobacteriota,Blastocatellia,Blastocatellales,Blastocatellaceae,OLB17,uncultured bacterium
seq1651,Bacteria,Gemmatimonadota,Gemmatimonadetes,Gemmatimonadales,Gemmatimonadaceae,uncultured,uncultured bacterium
seq1652,Bacteria,Bacteroidota,Bacteroidia,Cytophagales,Microscillaceae,uncultured,uncultured bacterium
seq1653,Bacteria,Bacteroidota,Bacteroidia,Chitinophagales,Chitinophagaceae,uncultured,uncultured bacterium
seq1654,Bacteria,Actinobacteriota,Actinobacteria,Pseudonocardiales,Pseudonocardiaceae,Crossiella,uncultured bacterium
seq1655,Bacteria,RCP2-54,uncultured bacterium,,,,
seq1656,Bacteria,Nitrospirota,Nitrospiria,Nitrospirales,Nitrospiraceae,Nitrospira,uncultured bacterium
seq1657,Bacteria,Actinobacteriota,Thermoleophilia,Solirubrobacterales,Solirubrobacteraceae,Patulibacter,uncultured bacterium
seq1658,Bacteria,Acidobacteriota,Vicinamibacteria,Vicinamibacterales,uncultured,uncultured bacterium,
seq1659,Bacteria,Proteobacteria,Alphaproteobacteria,Rhizobiales,uncultured,uncultured Alphaproteobacteria bacterium,
seq1660,ML_predicted_Phylum: Acidobacteriota,,,,,,
seq1661,Unclassified,,,,,,
seq1662,Bacteria,Bacteroidota,Bacteroidia,Chitinophagales,Chitinophagaceae,Dinghuibacter,uncultured bacterium
seq1663,Bacteria,Actinobacteriota,Actinobacteria,Streptomycetales,Streptomycetaceae,Streptomyces,Streptomyces sp. A7024
seq1664,Bacteria,Myxococcota,bacteriap25,uncultured bacterium,,,
seq1665,Bacteria,Bacteroidota,Bacteroidia,Sphingobacteriales,Sphingobacteriaceae,Pedobacter,Pedobacter nyackensis
seq1666,Bacteria,Planctomycetota,Planctomycetes,Pirellulales,Pirellulaceae,Pirellula,uncultured bacterium
seq1667,Bacteria,Bacteroidota,Bacteroidia,Chitinophagales,Chitinophagaceae,Edaphobaculum,uncultured bacterium
seq1668,Bacteria,Acidobacteriota,Blastocatellia,11-24,uncultured bacterium,,
seq1669,Unclassified,,,,,,
seq1670,Bacteria,Bacteroidota,Bacteroidia,Chitinophagales,Chitinophagaceae,Ferruginibacter,uncultured Chitinophagaceae bacterium
seq1671,Bacteria,Methylomirabilota,Methylomirabilia,Rokubacteriales,uncultured bacterium,,
seq1672,Bacteria,Actinobacteriota,Thermoleophilia,Solirubrobacterales,67-14,uncultured bacterium,
seq1673,Bacteria,Acidobacteriota,Holophagae,Subgroup 7,uncultured Acidobacteria bacterium,,
seq1674,Bacteria,Actinobacteriota,Thermoleophilia,Solirubrobacterales,67-14,uncultured bacterium,
seq1675,Bacteria,Proteobacteria,Alphaproteobacteria,Sphingomonadales,Sphingomonadaceae,Altererythrobacter,uncultured bacterium
seq1676,Bacteria,Bacteroidota,Bacteroidia,Chitinophagales,Chitinophagaceae,Puia,uncultured Niastella sp.
seq1677,Unclassified,,,,,,
seq1678,Bacteria,Proteobacteria,Gammaproteobacteria,Burkholderiales,Comamonadaceae,Variovorax,Variovorax paradoxus
seq1679,Bacteria,Chloroflexi,Anaerolineae,SBR1031,A4b,uncultured soil bacterium,
seq1680,Bacteria,Bacteroidota,Bacteroidia,Chitinophagales,Chitinophagaceae,Ferruginibacter,uncultured bacterium
seq1681,Archaea,Crenarchaeota,Nitrososphaeria,Nitrososphaerales,Nitrososphaeraceae,Candidatus Nitrososphaera,uncultured archaeon
seq1682,ML_predicted_Phylum: Actinobacteriota,,,,,,
seq1683,Bacteria,Acidobacteriota,Subgroup 5,uncultured bacterium,,,
seq1684,Unclassified,,,,,,
seq1685,Bacteria,Proteobacteria,Gammaproteobacteria,Burkholderiales,Nitrosomonadaceae,Ellin6067,bacterium Ellin6067
seq1686,Bacteria,Actinobacteriota,Actinobacteria,Micrococcales,Microbacteriaceae,Microbacterium,Microbacterium deminutum
seq1687,ML_predicted_Phylum: Proteobacteria,,,,,,
seq1688,Bacteria,Planctomycetota,Phycisphaerae,Tepidisphaerales,WD2101 soil group,uncultured soil bacterium,
seq1689,Bacteria,Proteobacteria,Gammaproteobacteria,Burkholderiales,TRA3-20,uncultured bacterium,
seq1690,Bacteria,Chloroflexi,Anaerolineae,SBR1031,A4b,uncultured bacterium,
seq1691,Bacteria,Proteobacteria,Gammaproteobacteria,Steroidobacterales,Steroidobacteraceae,Steroidobacter,uncultured Steroidobacter sp.
seq1692,Bacteria,Chloroflexi,Anaerolineae,Caldilineales,Caldilineaceae,uncultured,uncultured bacterium
seq1693,Bacteria,Actinobacteriota,Actinobacteria,Micrococcales,Microbacteriaceae,Leifsonia,Leifsonia psychrotolerans
seq1694,Bacteria,Proteobacteria,Gammaproteobacteria,Xanthomonadales,Xanthomonadaceae,Lysobacter,Lysobacter sp. YS-37
seq1695,Bacteria,Actinobacteriota,Thermoleophilia,Gaiellales,Gaiellaceae,Gaiella,uncultured bacterium
seq1696,Bacteria,Acidobacteriota,Blastocatellia,Blastocatellales,Blastocatellaceae,Stenotrophobacter,Acidobacteria bacterium IGE-018
seq1697,Bacteria,Proteobacteria,Alphaproteobacteria,Rhizobiales,Hyphomicrobiaceae,Pedomicrobium,metagenome
seq1698,Bacteria,Proteobacteria,Alphaproteobacteria,Reyranellales,Reyranellaceae,Reyranella,uncultured bacterium
seq1699,Bacteria,Bacteroidota,Bacteroidia,Cytophagales,Microscillaceae,Ohtaekwangia,uncultured bacterium
seq1700,Bacteria,Bacteroidota,Bacteroidia,Chitinophagales,Chitinophagaceae,Taibaiella,Taibaiella koreensis
seq1701,Bacteria,Acidobacteriota,Blastocatellia,11-24,uncultured Acidobacteria bacterium,,
seq1702,Bacteria,Verrucomicrobiota,Verrucomicrobiae,Pedosphaerales,Pedosphaeraceae,Ellin517,uncultured soil bacterium
seq1703,Bacteria,Bacteroidota,Bacteroidia,Sphingobacteriales,AKYH767,uncultured bacterium,
seq1704,Bacteria,Proteobacteria,Gammaproteobacteria,Xanthomonadales,Xanthomonadaceae,Lysobacter,Lysobacter dokdonensis
seq1705,Bacteria,Acidobacteriota,Blastocatellia,Pyrinomonadales,Pyrinomonadaceae,RB41,uncultured Acidobacteria bacterium
seq1706,Bacteria,Proteobacteria,Alphaproteobacteria,Sphingomonadales,Sphingomonadaceae,Sphingomonas,uncultured bacterium
seq1707,Bacteria,NB1-j,uncultured bacterium,,,,
seq1708,ML_predicted_Phylum: Planctomycetota,,,,,,
seq1709,Bacteria,Acidobacteriota,Acidobacteriae,Solibacterales,Solibacteraceae,Candidatus Solibacter,uncultured bacterium
seq1710,Bacteria,Patescibacteria,Saccharimonadia,Saccharimonadales,metagenome,,
seq1711,Bacteria,Actinobacteriota,Thermoleophilia,Gaiellales,uncultured,uncultured bacterium,
seq1712,Bacteria,Bacteroidota,Bacteroidia,Chitinophagales,Chitinophagaceae,Terrimonas,uncultured bacterium
seq1713,Bacteria,Patescibacteria,Saccharimonadia,Saccharimonadales,uncultured Candidatus Saccharibacteria bacterium,,
seq1714,Bacteria,Bacteroidota,Bacteroidia,Cytophagales,Spirosomaceae,Dyadobacter,uncultured bacterium
seq1715,Unclassified,,,,,,
seq1716,Bacteria,Proteobacteria,Gammaproteobacteria,Burkholderiales,Nitrosomonadaceae,Ellin6067,uncultured bacterium
seq1717,Bacteria,Bacteroidota,Bacteroidia,Sphingobacteriales,NS11-12 marine group,uncultured bacterium,
seq1718,Bacteria,Proteobacteria,Alphaproteobacteria,Rhizobiales,Rhizobiaceae,Allorhizobium-Neorhizobium-Pararhizobium-Rhizobium,Rhizobium endophyticum
seq1719,Bacteria,Planctomycetota,Planctomycetes,Planctomycetales,Gimesiaceae,uncultured,uncultured bacterium
seq1720,Bacteria,Bacteroidota,Bacteroidia,Flavobacteriales,Flavobacteriaceae,Flavobacterium,Flavobacterium sp. NW20
seq1721,Bacteria,Proteobacteria,Gammaproteobacteria,Burkholderiales,TRA3-20,uncultured bacterium,
seq1722,ML_predicted_Phylum: Bacteroidota,,,,,,
seq1723,Bacteria,Myxococcota,Polyangia,Polyangiales,BIrii41,uncultured bacterium,
seq1724,Bacteria,Acidobacteriota,Blastocatellia,Pyrinomonadales,Pyrinomonadaceae,RB41,uncultured bacterium
seq1725,Bacteria,Verrucomicrobiota,Verrucomicrobiae,Pedosphaerales,Pedosphaeraceae,uncultured bacterium,
seq1726,Bacteria,Bacteroidota,Bacteroidia,Chitinophagales,Chitinophagaceae,uncultured,uncultured bacterium
seq1727,Bacteria,Cyanobacteria,Cyanobacteriia,Chloroplast,uncultured alga,,
seq1728,Bacteria,Bacteroidota,Bacteroidia,Chitinophagales,Chitinophagaceae,Taibaiella,uncultured bacterium
seq1729,Bacteria,Proteobacteria,Alphaproteobacteria,Sphingomonadales,Sphingomonadaceae,Altererythrobacter,uncultured Erythrobacteraceae bacterium
seq1730,Unclassified,,,,,,
seq1731,ML_predicted_Phylum: Patescibacteria,,,,,,
seq1732,ML_predicted_Phylum: Proteobacteria,,,,,,
seq1733,Bacteria,Bacteroidota,Bacteroidia,Chitinophagales,Chitinophagaceae,Terrimonas,uncultured Chitinophagaceae bacterium
seq1734,Bacteria,Bacteroidota,Bacteroidia,Sphingobacteriales,env.OPS 17,metagenome,
seq1735,Bacteria,Myxococcota,Polyangia,Polyangiales,Sandaracinaceae,uncultured,metagenome
seq1736,Bacteria,Bacteroidota,Bacteroidia,Cytophagales,Microscillaceae,uncultured,uncultured bacterium
seq1737,Bacteria,Bacteroidota,Bacteroidia,Sphingobacteriales,Sphingobacteriaceae,Pedobacter,Pedobacter lotistagni
seq1738,Bacteria,Chloroflexi,TK10,uncultured bacterium,,,
seq1739,Bacteria,Actinobacteriota,Acidimicrobiia,Microtrichales,uncultured,uncultured actinobacterium,
seq1740,Bacteria,Bacteroidota,Bacteroidia,Sphingobacteriales,Sphingobacteriaceae,Pedobacter,Pedobacter sp. THG-J5
seq1741,Bacteria,Verrucomicrobiota,Verrucomicrobiae,Chthoniobacterales,Chthoniobacteraceae,Chthoniobacter,uncultured Spartobacteria bacterium
seq1742,Bacteria,Bacteroidota,Bacteroidia,Chitinophagales,Chitinophagaceae,Puia,uncultured bacterium
seq1743,Bacteria,Proteobacteria,Gammaproteobacteria,Burkholderiales,Burkholderiaceae,Burkholderia-Caballeronia-Paraburkholderia,Burkholderia sp. DF4EH6
seq1744,Bacteria,Verrucomicrobiota,Verrucomicrobiae,Chthoniobacterales,Chthoniobacteraceae,Chthoniobacter,uncultured bacterium
seq1745,Bacteria,Actinobacteriota,Actinobacteria,Micromonosporales,Micromonosporaceae,Virgisporangium,uncultured bacterium
seq1746,Bacteria,Verrucomicrobiota,Verrucomicrobiae,Pedosphaerales,Pedosphaeraceae,metagenome,
seq1747,Bacteria,Patescibacteria,Saccharimonadia,Saccharimonadales,metagenome,,
seq1748,Bacteria,Patescibacteria,Saccharimonadia,Saccharimonadales,YM_S32_TM7_50_20,uncultured bacterium,
seq1749,Bacteria,Chloroflexi,Anaerolineae,SBR1031,A4b,uncultured bacterium,
seq1750,Bacteria,Patescibacteria,Saccharimonadia,Saccharimonadales,uncultured bacterium,,
seq1751,Bacteria,Actinobacteriota,Thermoleophilia,Solirubrobacterales,67-14,uncultured bacterium,
seq1752,Bacteria,Actinobacteriota,Actinobacteria,Streptomycetales,Streptomycetaceae,Streptomyces,Streptomyces sp. 19504
seq1753,Bacteria,Bacteroidota,Bacteroidia,Chitinophagales,Saprospiraceae,uncultured,uncultured bacterium
seq1754,Bacteria,Bacteroidota,Bacteroidia,Chitinophagales,Chitinophagaceae,Edaphobaculum,uncultured bacterium
seq1755,Bacteria,Actinobacteriota,Actinobacteria,Frankiales,Sporichthyaceae,uncultured,uncultured Sporichthya sp.
seq1756,Bacteria,Acidobacteriota,Vicinamibacteria,Vicinamibacterales,Vicinamibacteraceae,uncultured Acidobacteria bacterium,
seq1757,Bacteria,Planctomycetota,Phycisphaerae,Phycisphaerales,Phycisphaeraceae,AKYG587,uncultured bacterium
seq1758,Bacteria,Bacteroidota,Bacteroidia,Cytophagales,Microscillaceae,uncultured,uncultured bacterium
seq1759,Bacteria,Acidobacteriota,Acidobacteriae,Bryobacterales,Bryobacteraceae,Bryobacter,metagenome
seq1760,Bacteria,Acidobacteriota,Blastocatellia,Pyrinomonadales,Pyrinomonadaceae,RB41,uncultured bacterium
seq1761,Bacteria,Bacteroidota,Bacteroidia,Cytophagales,Microscillaceae,uncultured,uncultured bacterium
seq1762,Bacteria,Actinobacteriota,Acidimicrobiia,Microtrichales,uncultured,uncultured bacterium,
seq1763,Bacteria,Acidobacteriota,Blastocatellia,Pyrinomonadales,Pyrinomonadaceae,RB41,uncultured bacterium
seq1764,Bacteria,Acidobacteriota,Thermoanaerobaculia,Thermoanaerobaculales,Thermoanaerobaculaceae,Subgroup 10,uncultured bacterium
seq1765,Bacteria,Actinobacteriota,Actinobacteria,Propionibacteriales,Nocardioidaceae,Nocardioides,uncultured bacterium
seq1766,Bacteria,Acidobacteriota,Acidobacteriae,Bryobacterales,Bryobacteraceae,Bryobacter,uncultured Acidobacteria bacterium
seq1767,Bacteria,Patescibacteria,Saccharimonadia,Saccharimonadales,uncultured Candidatus Saccharibacteria bacterium,,
seq1768,Bacteria,Bacteroidota,Bacteroidia,Cytophagales,Microscillaceae,uncultured,uncultured bacterium
seq1769,Bacteria,Verrucomicrobiota,Verrucomicrobiae,Chthoniobacterales,Chthoniobacteraceae,Chthoniobacter,uncultured bacterium
seq1770,Bacteria,Bacteroidota,Bacteroidia,Sphingobacteriales,Sphingobacteriaceae,Pedobacter,Pedobacter edaphicus
seq1771,Bacteria,Acidobacteriota,Blastocatellia,11-24,uncultured bacterium,,
seq1772,Bacteria,Bacteroidota,Bacteroidia,Bacteroidetes VC2.1 Bac22,uncultured bacterium,,
seq1773,ML_predicted_Phylum: Patescibacteria,,,,,,
seq1774,Bacteria,Actinobacteriota,Actinobacteria,Pseudonocardiales,Pseudonocardiaceae,Pseudonocardia,Pseudonocardia sp. ACT-0146
seq1775,Bacteria,Bacteroidota,Bacteroidia,Chitinophagales,Chitinophagaceae,Edaphobaculum,uncultured bacterium
seq1776,Bacteria,Gemmatimonadota,Gemmatimonadetes,Gemmatimonadales,Gemmatimonadaceae,Gemmatimonas,uncultured bacterium
seq1777,Bacteria,Proteobacteria,Alphaproteobacteria,Sphingomonadales,Sphingomonadaceae,Sphingomonas,Sphingomonas sp.
seq1778,ML_predicted_Phylum: Actinobacteriota,,,,,,
seq1779,Bacteria,Bacteroidota,Bacteroidia,Cytophagales,Microscillaceae,uncultured,uncultured bacterium
seq1780,Bacteria,Myxococcota,Polyangia,Polyangiales,Sandaracinaceae,uncultured,uncultured bacterium
seq1781,Unclassified,,,,,,
seq1782,Bacteria,Bacteroidota,Bacteroidia,Chitinophagales,Chitinophagaceae,Edaphobaculum,uncultured soil bacterium
seq1783,Unclassified,,,,,,
seq1784,Bacteria,Proteobacteria,Gammaproteobacteria,Enterobacterales,Enterobacteriaceae,Klebsiella,Klebsiella pneumoniae subsp. ozaenae
seq1785,Bacteria,Verrucomicrobiota,Verrucomicrobiae,Chthoniobacterales,Chthoniobacteraceae,Candidatus Udaeobacter,Verrucomicrobia bacterium OR-59
seq1786,Bacteria,Bacteroidota,Bacteroidia,Cytophagales,Microscillaceae,Chryseolinea,uncultured bacterium
seq1787,Bacteria,Myxococcota,Polyangia,Haliangiales,Haliangiaceae,Haliangium,uncultured bacterium
seq1788,Bacteria,Bacteroidota,Bacteroidia,Sphingobacteriales,Sphingobacteriaceae,Mucilaginibacter,Mucilaginibacter calamicampi
seq1789,Bacteria,Actinobacteriota,Actinobacteria,Corynebacteriales,Nocardiaceae,Rhodococcus,Rhodococcus sp. THG-J10
seq1790,Bacteria,Proteobacteria,Gammaproteobacteria,Pseudomonadales,Pseudomonadaceae,Pseudomonas,Pseudomonas sp. HME6891
seq1791,Bacteria,Planctomycetota,Planctomycetes,Pirellulales,Pirellulaceae,Pirellula,uncultured bacterium
seq1792,Bacteria,Bacteroidota,Bacteroidia,Chitinophagales,Chitinophagaceae,Taibaiella,Taibaiella sp.
seq1793,Bacteria,Planctomycetota,Planctomycetes,Pirellulales,Pirellulaceae,Pir4 lineage,uncultured bacterium
seq1794,Unclassified,,,,,,
seq1795,Bacteria,Actinobacteriota,Thermoleophilia,Solirubrobacterales,Solirubrobacteraceae,Solirubrobacter,uncultured bacterium
seq1796,Bacteria,Patescibacteria,Saccharimonadia,Saccharimonadales,uncultured bacterium,,
seq1797,Bacteria,Acidobacteriota,Blastocatellia,Pyrinomonadales,Pyrinomonadaceae,RB41,uncultured bacterium
seq1798,Bacteria,SAR324 clade(Marine group B),uncultured bacterium,,,,
seq1799,Bacteria,Proteobacteria,Gammaproteobacteria,Burkholderiales,Comamonadaceae,Ottowia,Acidovorax avenae
seq1800,Bacteria,Acidobacteriota,Blastocatellia,DS-100,uncultured Acidobacteria bacterium,,
seq1801,Bacteria,Actinobacteriota,Actinobacteria,Pseudonocardiales,Pseudonocardiaceae,Actinophytocola,uncultured bacterium
seq1802,Bacteria,Actinobacteriota,Thermoleophilia,Gaiellales,uncultured,uncultured bacterium,
seq1803,Bacteria,Actinobacteriota,Actinobacteria,Micromonosporales,Micromonosporaceae,Phytohabitans,uncultured bacterium
seq1804,Bacteria,Actinobacteriota,Rubrobacteria,Rubrobacterales,Rubrobacteriaceae,Rubrobacter,uncultured bacterium
seq1805,Bacteria,Actinobacteriota,Actinobacteria,Propionibacteriales,Nocardioidaceae,Nocardioides,uncultured bacterium
seq1806,Bacteria,Bacteroidota,Bacteroidia,Cytophagales,Microscillaceae,uncultured,uncultured bacterium
seq1807,ML_predicted_Phylum: Planctomycetota,,,,,,
seq1808,Bacteria,Patescibacteria,Saccharimonadia,Saccharimonadales,uncultured Candidatus Saccharibacteria bacterium,,
seq1809,Bacteria,Proteobacteria,Alphaproteobacteria,Rhizobiales,Xanthobacteraceae,uncultured,uncultured bacterium
seq1810,Bacteria,Bacteroidota,Bacteroidia,Sphingobacteriales,AKYH767,uncultured bacterium,
seq1811,Bacteria,Bacteroidota,Bacteroidia,Cytophagales,Microscillaceae,uncultured,uncultured bacterium
seq1812,Bacteria,Acidobacteriota,Blastocatellia,Pyrinomonadales,Pyrinomonadaceae,RB41,uncultivated soil bacterium clone S023
seq1813,Bacteria,Verrucomicrobiota,Verrucomicrobiae,Chthoniobacterales,Chthoniobacteraceae,Chthoniobacter,uncultured Verrucomicrobia bacterium
seq1814,Bacteria,Verrucomicrobiota,Chlamydiae,Chlamydiales,Parachlamydiaceae,uncultured,metagenome
seq1815,Bacteria,Bacteroidota,Bacteroidia,Flavobacteriales,Flavobacteriaceae,Flavobacterium,uncultured Flavobacterium sp.
seq1816,Bacteria,Actinobacteriota,Thermoleophilia,Solirubrobacterales,Solirubrobacteraceae,Parviterribacter,uncultured bacterium
seq1817,Bacteria,Bacteroidota,Bacteroidia,Chitinophagales,Chitinophagaceae,Flavitalea,Flavitalea populi
seq1818,Bacteria,Firmicutes,Bacilli,Bacillales,Bacillaceae,Bacillus,Bacillus sp. DHXJ22
seq1819,Bacteria,Bacteroidota,Bacteroidia,Chitinophagales,Chitinophagaceae,Ferruginibacter,uncultured Ferruginibacter sp.
seq1820,Bacteria,Actinobacteriota,Thermoleophilia,Gaiellales,uncultured,uncultured bacterium,
seq1821,Bacteria,Planctomycetota,Planctomycetes,Pirellulales,Pirellulaceae,Pirellula,uncultured bacterium
seq1822,Bacteria,Chloroflexi,KD4-96,uncultured bacterium,,,
seq1823,Bacteria,Proteobacteria,Gammaproteobacteria,Salinisphaerales,Solimonadaceae,Polycyclovorans,uncultured gamma proteobacterium
seq1824,Unclassified,,,,,,
seq1825,Bacteria,Myxococcota,Polyangia,Polyangiales,BIrii41,metagenome,
seq1826,Bacteria,Bacteroidota,Bacteroidia,Chitinophagales,Chitinophagaceae,Ferruginibacter,uncultured Bacteroidetes bacterium
seq1827,Bacteria,Actinobacteriota,Thermoleophilia,Gaiellales,uncultured,uncultured bacterium,
seq1828,Bacteria,Proteobacteria,Gammaproteobacteria,Burkholderiales,Nitrosomonadaceae,MND1,uncultured bacterium
seq1829,Bacteria,Verrucomicrobiota,Verrucomicrobiae,Chthoniobacterales,Chthoniobacteraceae,Candidatus Udaeobacter,uncultured bacterium
seq1830,Bacteria,Actinobacteriota,Acidimicrobiia,Microtrichales,Ilumatobacteraceae,uncultured,uncultured bacterium
seq1831,Bacteria,Planctomycetota,Planctomycetes,Pirellulales,Pirellulaceae,Pir4 lineage,uncultured bacterium
seq1832,Bacteria,Actinobacteriota,Actinobacteria,Streptomycetales,Streptomycetaceae,Streptomyces,Streptomyces sp.
seq1833,Bacteria,Acidobacteriota,Blastocatellia,Pyrinomonadales,Pyrinomonadaceae,RB41,uncultured Acidobacteria bacterium
seq1834,Bacteria,Bacteroidota,Bacteroidia,Chitinophagales,Chitinophagaceae,Terrimonas,uncultured bacterium
seq1835,Bacteria,Actinobacteriota,Actinobacteria,Pseudonocardiales,Pseudonocardiaceae,Actinomycetospora,Actinomycetospora sp. FXJ1.556
seq1836,Bacteria,Gemmatimonadota,Gemmatimonadetes,Gemmatimonadales,Gemmatimonadaceae,uncultured,uncultured Gemmatimonadales bacterium
seq1837,Bacteria,Gemmatimonadota,Gemmatimonadetes,Gemmatimonadales,Gemmatimonadaceae,uncultured,uncultured Gemmatimonas sp.
seq1838,Bacteria,Proteobacteria,Alphaproteobacteria,Rhizobiales,Xanthobacteraceae,uncultured,alpha proteobacterium Shinshu-th1
seq1839,Bacteria,Bacteroidota,Bacteroidia,Chitinophagales,Chitinophagaceae,Niastella,uncultured bacterium
seq1840,Bacteria,Proteobacteria,Gammaproteobacteria,Burkholderiales,TRA3-20,metagenome,
seq1841,Bacteria,Bdellovibrionota,Oligoflexia,Oligoflexales,Oligoflexaceae,Oligoflexus,uncultured bacterium
seq1842,ML_predicted_Phylum: Bacteroidota,,,,,,
seq1843,Bacteria,Acidobacteriota,Blastocatellia,Pyrinomonadales,Pyrinomonadaceae,RB41,uncultured bacterium
seq1844,Bacteria,Acidobacteriota,Blastocatellia,11-24,uncultured soil bacterium,,
seq1845,Bacteria,Planctomycetota,Planctomycetes,Pirellulales,Pirellulaceae,Pir4 lineage,metagenome
seq1846,Bacteria,Verrucomicrobiota,Verrucomicrobiae,Opitutales,Opitutaceae,Opitutus,uncultured Verrucomicrobia bacterium
seq1847,Bacteria,Proteobacteria,Alphaproteobacteria,Sphingomonadales,Sphingomonadaceae,Ellin6055,uncultured bacterium
seq1848,Bacteria,Verrucomicrobiota,Verrucomicrobiae,Chthoniobacterales,Chthoniobacteraceae,Candidatus Udaeobacter,uncultured bacterium
seq1849,Bacteria,Actinobacteriota,MB-A2-108,uncultured bacterium,,,
seq1850,Bacteria,Planctomycetota,Planctomycetes,Gemmatales,Gemmataceae,uncultured,uncultured bacterium
seq1851,Bacteria,Bacteroidota,Bacteroidia,Cytophagales,Microscillaceae,Ohtaekwangia,metagenome
seq1852,Bacteria,Methylomirabilota,Methylomirabilia,Rokubacteriales,uncultured bacterium,,
seq1853,ML_predicted_Phylum: Actinobacteriota,,,,,,
seq1854,Bacteria,Planctomycetota,Planctomycetes,Pirellulales,Pirellulaceae,Pir4 lineage,uncultured bacterium
seq1855,Bacteria,Chloroflexi,Anaerolineae,Ardenticatenales,uncultured,uncultured bacterium,
seq1856,Bacteria,Bacteroidota,Bacteroidia,Chitinophagales,Chitinophagaceae,Segetibacter,uncultured bacterium
seq1857,Bacteria,Proteobacteria,Alphaproteobacteria,Rhizobiales,Xanthobacteraceae,Rhodoplanes,metagenome
seq1858,Bacteria,Proteobacteria,Alphaproteobacteria,Sphingomonadales,Sphingomonadaceae,uncultured,uncultured bacterium
seq1859,ML_predicted_Phylum: Chloroflexi,,,,,,
seq1860,Bacteria,Acidobacteriota,Vicinamibacteria,Vicinamibacterales,Vicinamibacteraceae,uncultured bacterium,
seq1861,ML_predicted_Phylum: Planctomycetota,,,,,,
seq1862,Bacteria,Bacteroidota,Bacteroidia,Chitinophagales,Chitinophagaceae,Terrimonas,uncultured Bacteroidetes bacterium
seq1863,Bacteria,Actinobacteriota,Acidimicrobiia,IMCC26256,uncultured Cellulomonadaceae bacterium,,
seq1864,Bacteria,Gemmatimonadota,Gemmatimonadetes,Gemmatimonadales,Gemmatimonadaceae,uncultured,uncultured bacterium
seq1865,Bacteria,Acidobacteriota,Blastocatellia,Pyrinomonadales,Pyrinomonadaceae,RB41,uncultured bacterium
seq1866,Bacteria,Myxococcota,Polyangia,Polyangiales,Phaselicystidaceae,Phaselicystis,metagenome
seq1867,Bacteria,Verrucomicrobiota,Verrucomicrobiae,Chthoniobacterales,Chthoniobacteraceae,Candidatus Udaeobacter,uncultured Verrucomicrobia bacterium
seq1868,Bacteria,Actinobacteriota,Actinobacteria,Propionibacteriales,Nocardioidaceae,Nocardioides,Nocardioides sp. AK112
seq1869,Bacteria,Actinobacteriota,Thermoleophilia,uncultured,uncultured bacterium,,
seq1870,Bacteria,Chloroflexi,Chloroflexia,Thermomicrobiales,AKYG1722,uncultured bacterium,
seq1871,Bacteria,Chloroflexi,Anaerolineae,Anaerolineales,Anaerolineaceae,UTCFX1,uncultured bacterium
seq1872,Bacteria,Actinobacteriota,Acidimicrobiia,uncultured,metagenome,,
seq1873,Bacteria,Fibrobacterota,Fibrobacteria,Fibrobacterales,Fibrobacteraceae,possible genus 04,uncultured bacterium
seq1874,Bacteria,Planctomycetota,Phycisphaerae,Tepidisphaerales,WD2101 soil group,uncultured bacterium,
seq1875,Bacteria,Acidobacteriota,Blastocatellia,Pyrinomonadales,Pyrinomonadaceae,RB41,uncultured Acidobacteria bacterium
seq1876,Bacteria,Actinobacteriota,Actinobacteria,Propionibacteriales,Nocardioidaceae,Marmoricola,Marmoricola sp.
seq1877,Bacteria,Planctomycetota,Phycisphaerae,Tepidisphaerales,WD2101 soil group,uncultured planctomycete,
seq1878,Bacteria,Bdellovibrionota,Oligoflexia,Oligoflexales,Oligoflexaceae,Oligoflexus,uncultured bacterium
seq1879,Bacteria,Actinobacteriota,Actinobacteria,Micrococcales,Microbacteriaceae,Frondihabitans,Microbacteriaceae bacterium CaO4A
seq1880,Bacteria,Bacteroidota,Bacteroidia,Chitinophagales,Chitinophagaceae,Niastella,uncultured Niastella sp.
seq1881,Bacteria,Actinobacteriota,Thermoleophilia,Solirubrobacterales,Solirubrobacteraceae,Solirubrobacter,uncultured bacterium
seq1882,Unclassified,,,,,,
seq1883,Bacteria,Bacteroidota,Bacteroidia,Chitinophagales,Chitinophagaceae,Puia,uncultured Niastella sp.
seq1884,Unclassified,,,,,,
seq1885,Bacteria,Proteobacteria,Alphaproteobacteria,Rhizobiales,Methyloligellaceae,uncultured,uncultured bacterium
seq1886,Bacteria,Myxococcota,Polyangia,Haliangiales,Haliangiaceae,Haliangium,uncultured bacterium
seq1887,Bacteria,Acidobacteriota,Blastocatellia,Pyrinomonadales,Pyrinomonadaceae,RB41,uncultured bacterium
seq1888,Unclassified,,,,,,
seq1889,Bacteria,Acidobacteriota,Blastocatellia,Blastocatellales,Blastocatellaceae,JGI 0001001-H03,uncultured bacterium
seq1890,Bacteria,Acidobacteriota,Thermoanaerobaculia,Thermoanaerobaculales,Thermoanaerobaculaceae,Subgroup 10,uncultured Alphaproteobacteria bacterium
seq1891,Bacteria,Acidobacteriota,Vicinamibacteria,Vicinamibacterales,uncultured,uncultured bacterium,
seq1892,Unclassified,,,,,,
seq1893,Bacteria,Myxococcota,Myxococcia,Myxococcales,Myxococcaceae,P3OB-42,uncultured bacterium
seq1894,Bacteria,Chloroflexi,Anaerolineae,SBR1031,A4b,uncultured bacterium,
seq1895,Bacteria,Firmicutes,Bacilli,Paenibacillales,Paenibacillaceae,Paenibacillus,Paenibacillus sp. 4cultural_95
seq1896,Bacteria,Bacteroidota,Bacteroidia,Sphingobacteriales,Sphingobacteriaceae,Pedobacter,Pedobacter sp. 4236
seq1897,Bacteria,Verrucomicrobiota,Verrucomicrobiae,Pedosphaerales,Pedosphaeraceae,ADurb.Bin063-1,uncultured bacterium
seq1898,Bacteria,Verrucomicrobiota,Verrucomicrobiae,Pedosphaerales,Pedosphaeraceae,uncultured Verrucomicrobia bacterium,
seq1899,Bacteria,Acidobacteriota,Vicinamibacteria,Vicinamibacterales,uncultured,uncultured bacterium,
seq1900,Bacteria,Acidobacteriota,Blastocatellia,Pyrinomonadales,Pyrinomonadaceae,RB41,uncultured bacterium
seq1901,Bacteria,Actinobacteriota,Rubrobacteria,Rubrobacterales,Rubrobacteriaceae,Rubrobacter,uncultured bacterium
seq1902,Bacteria,Acidobacteriota,Vicinamibacteria,Vicinamibacterales,Vicinamibacteraceae,uncultured,uncultured Acidobacteriales bacterium
seq1903,Bacteria,Actinobacteriota,Rubrobacteria,Rubrobacterales,Rubrobacteriaceae,Rubrobacter,uncultured bacterium
seq1904,Bacteria,Patescibacteria,Saccharimonadia,Saccharimonadales,uncultured bacterium,,
seq1905,Bacteria,Proteobacteria,Alphaproteobacteria,Rhizobiales,Xanthobacteraceae,uncultured,metagenome
seq1906,Bacteria,Actinobacteriota,Acidimicrobiia,IMCC26256,uncultured bacterium,,
seq1907,Bacteria,Proteobacteria,Alphaproteobacteria,Sphingomonadales,Sphingomonadaceae,uncultured,uncultured bacterium
seq1908,Bacteria,Proteobacteria,Gammaproteobacteria,Xanthomonadales,Xanthomonadaceae,Lysobacter,Lysobacter dokdonensis
seq1909,Bacteria,Proteobacteria,Alphaproteobacteria,Sphingomonadales,Sphingomonadaceae,Sphingomonas,uncultured bacterium
seq1910,Bacteria,Bacteroidota,Bacteroidia,Chitinophagales,Chitinophagaceae,Puia,uncultured Niastella sp.
seq1911,Bacteria,Verrucomicrobiota,Verrucomicrobiae,Chthoniobacterales,Chthoniobacteraceae,Chthoniobacter,metagenome
seq1912,Bacteria,Planctomycetota,Phycisphaerae,Tepidisphaerales,WD2101 soil group,uncultured bacterium,
seq1913,Bacteria,Bacteroidota,Bacteroidia,Chitinophagales,Chitinophagaceae,Ferruginibacter,uncultured Chitinophaga sp.
seq1914,Bacteria,Verrucomicrobiota,Verrucomicrobiae,Opitutales,Opitutaceae,Lacunisphaera,uncultured bacterium
seq1915,Bacteria,Actinobacteriota,Thermoleophilia,Solirubrobacterales,67-14,uncultured bacterium,
seq1916,Bacteria,Myxococcota,Polyangia,Haliangiales,Haliangiaceae,Haliangium,uncultured bacterium
seq1917,Bacteria,Bacteroidota,Bacteroidia,Flavobacteriales,Crocinitomicaceae,Fluviicola,Candidatus Fluviicola riflensis
seq1918,Unclassified,,,,,,
seq1919,Bacteria,Bdellovibrionota,Oligoflexia,Oligoflexales,Oligoflexaceae,Oligoflexus,uncultured bacterium
seq1920,Bacteria,Bacteroidota,Bacteroidia,Sphingobacteriales,Sphingobacteriaceae,Mucilaginibacter,uncultured bacterium
seq1921,ML_predicted_Phylum: Bacteroidota,,,,,,
seq1922,Bacteria,Actinobacteriota,Thermoleophilia,Solirubrobacterales,67-14,uncultured bacterium,
seq1923,Bacteria,Actinobacteriota,Actinobacteria,Micrococcales,Microbacteriaceae,Agromyces,Agromyces italicus
seq1924,Bacteria,Acidobacteriota,Vicinamibacteria,Vicinamibacterales,Vicinamibacteraceae,uncultured Acidobacteria bacterium,
seq1925,Bacteria,Proteobacteria,Alphaproteobacteria,Rickettsiales,Mitochondria,Gleditsia sinensis,
seq1926,Bacteria,Acidobacteriota,Vicinamibacteria,Vicinamibacterales,uncultured,uncultured Acidobacteria bacterium,
seq1927,Bacteria,Actinobacteriota,Thermoleophilia,Gaiellales,Gaiellaceae,Gaiella,uncultured bacterium
seq1928,Bacteria,Proteobacteria,Alphaproteobacteria,Micropepsales,Micropepsaceae,uncultured,metagenome
seq1929,Bacteria,Acidobacteriota,Blastocatellia,Pyrinomonadales,Pyrinomonadaceae,RB41,uncultured bacterium
seq1930,Archaea,Crenarchaeota,Nitrososphaeria,Nitrososphaerales,Nitrososphaeraceae,uncultured archaeon,
seq1931,Bacteria,Actinobacteriota,Acidimicrobiia,Microtrichales,Iamiaceae,Iamia,uncultured bacterium
seq1932,Bacteria,Proteobacteria,Alphaproteobacteria,Tistrellales,Geminicoccaceae,Candidatus Alysiosphaera,uncultured bacterium
seq1933,Bacteria,Chloroflexi,KD4-96,uncultured Chloroflexi bacterium,,,
seq1934,Bacteria,Proteobacteria,Alphaproteobacteria,Elsterales,uncultured,uncultured bacterium,
seq1935,Bacteria,Actinobacteriota,Actinobacteria,Corynebacteriales,Mycobacteriaceae,Mycobacterium,Mycobacterium pyrenivorans
seq1936,Bacteria,Verrucomicrobiota,Verrucomicrobiae,Chthoniobacterales,Chthoniobacteraceae,Candidatus Udaeobacter,uncultured Verrucomicrobia bacterium
seq1937,Bacteria,Acidobacteriota,Subgroup 5,uncultured Acidobacteria bacterium,,,
seq1938,Bacteria,Proteobacteria,Gammaproteobacteria,Burkholderiales,Comamonadaceae,Rubrivivax,beta proteobacterium HS5/S24542
seq1939,Bacteria,Planctomycetota,Planctomycetes,Pirellulales,Pirellulaceae,Pir4 lineage,uncultured bacterium
seq1940,Bacteria,Proteobacteria,Alphaproteobacteria,Rhizobiales,Xanthobacteraceae,Bradyrhizobium,Bradyrhizobium sp. GSM-406
seq1941,Bacteria,Myxococcota,Polyangia,Polyangiales,BIrii41,metagenome,
seq1942,Unclassified,,,,,,
seq1943,ML_predicted_Phylum: Patescibacteria,,,,,,
seq1944,Bacteria,Bacteroidota,Bacteroidia,Flavobacteriales,Flavobacteriaceae,Flavobacterium,arsenic-oxidizing bacterium C12
seq1945,Bacteria,Firmicutes,Bacilli,Bacillales,Planococcaceae,Paenisporosarcina,Sporosarcina sp. TPD23
seq1946,Bacteria,Bdellovibrionota,Bdellovibrionia,Bdellovibrionales,Bdellovibrionaceae,Bdellovibrio,uncultured bacterium
seq1947,Bacteria,Planctomycetota,OM190,uncultured bacterium,,,
seq1948,Bacteria,Proteobacteria,Gammaproteobacteria,R7C24,uncultured gamma proteobacterium,,
seq1949,Bacteria,Firmicutes,Bacilli,Bacillales,Bacillaceae,Bacillus,Bacillus sp. HX11
seq1950,Bacteria,Firmicutes,Bacilli,Bacillales,Bacillaceae,Bacillus,uncultured bacterium
seq1951,Bacteria,Myxococcota,Polyangia,Haliangiales,Haliangiaceae,Haliangium,uncultured bacterium
seq1952,Bacteria,Bacteroidota,Bacteroidia,Chitinophagales,Chitinophagaceae,uncultured,uncultured bacterium
seq1953,Bacteria,Chloroflexi,Anaerolineae,Caldilineales,Caldilineaceae,uncultured,uncultured bacterium
seq1954,Bacteria,Firmicutes,Bacilli,Bacillales,Planococcaceae,Psychrobacillus,Psychrobacillus sp.
seq1955,Bacteria,Acidobacteriota,Blastocatellia,Pyrinomonadales,Pyrinomonadaceae,RB41,uncultured bacterium
seq1956,Bacteria,Actinobacteriota,Acidimicrobiia,Microtrichales,uncultured,uncultured Acidimicrobiia bacterium,
seq1957,Bacteria,Actinobacteriota,Acidimicrobiia,Microtrichales,Ilumatobacteraceae,uncultured,uncultured actinobacterium
seq1958,Bacteria,Firmicutes,Bacilli,Bacillales,Bacillaceae,Bacillus,Bacillus horneckiae
seq1959,Bacteria,Entotheonellaeota,Entotheonellia,Entotheonellales,Entotheonellaceae,uncultured bacterium,
seq1960,Bacteria,Acidobacteriota,Vicinamibacteria,Vicinamibacterales,uncultured,uncultured bacterium,
seq1961,Bacteria,Actinobacteriota,Thermoleophilia,Gaiellales,uncultured,uncultured bacterium,
seq1962,Bacteria,Myxococcota,Polyangia,Haliangiales,Haliangiaceae,Haliangium,uncultured bacterium
seq1963,Bacteria,Chloroflexi,Anaerolineae,SBR1031,A4b,uncultured bacterium,
seq1964,Bacteria,Proteobacteria,Gammaproteobacteria,CCD24,metagenome,,
seq1965,Bacteria,Planctomycetota,Planctomycetes,Pirellulales,Pirellulaceae,uncultured,uncultured bacterium
seq1966,Bacteria,Proteobacteria,Gammaproteobacteria,Burkholderiales,Nitrosomonadaceae,Ellin6067,uncultured soil bacterium
seq1967,Bacteria,Planctomycetota,Planctomycetes,Gemmatales,Gemmataceae,uncultured,uncultured bacterium
seq1968,Bacteria,Actinobacteriota,Acidimicrobiia,Microtrichales,uncultured,uncultured bacterium,
seq1969,Archaea,Crenarchaeota,Nitrososphaeria,Nitrososphaerales,Nitrososphaeraceae,uncultured crenarchaeote,
seq1970,Bacteria,Planctomycetota,Planctomycetes,Gemmatales,Gemmataceae,uncultured,uncultured bacterium
seq1971,Bacteria,Acidobacteriota,Blastocatellia,Pyrinomonadales,Pyrinomonadaceae,RB41,uncultured bacterium
seq1972,Bacteria,Planctomycetota,Phycisphaerae,CCM11a,uncultured bacterium,,
seq1973,Bacteria,Proteobacteria,Alphaproteobacteria,Rhizobiales,Rhizobiaceae,Allorhizobium-Neorhizobium-Pararhizobium-Rhizobium,Pararhizobium giardinii
seq1974,Bacteria,Entotheonellaeota,Entotheonellia,Entotheonellales,Entotheonellaceae,uncultured bacterium,
seq1975,Bacteria,Verrucomicrobiota,Verrucomicrobiae,Pedosphaerales,Pedosphaeraceae,uncultured bacterium,
seq1976,Bacteria,Actinobacteriota,Thermoleophilia,Gaiellales,uncultured,uncultured bacterium,
seq1977,Unclassified,,,,,,
seq1978,Bacteria,Myxococcota,bacteriap25,uncultured bacterium,,,
seq1979,Bacteria,Proteobacteria,Alphaproteobacteria,Rhizobiales,Beijerinckiaceae,Microvirga,uncultured bacterium
seq1980,Bacteria,Acidobacteriota,Blastocatellia,Pyrinomonadales,Pyrinomonadaceae,RB41,uncultured Acidobacteria bacterium
seq1981,Bacteria,Acidobacteriota,Blastocatellia,Pyrinomonadales,Pyrinomonadaceae,RB41,uncultured Acidobacteria bacterium
seq1982,Bacteria,Proteobacteria,Alphaproteobacteria,Rhizobiales,Xanthobacteraceae,uncultured bacterium,
seq1983,Bacteria,Actinobacteriota,Thermoleophilia,Solirubrobacterales,67-14,uncultured bacterium,
seq1984,Archaea,Crenarchaeota,Nitrososphaeria,Nitrososphaerales,Nitrososphaeraceae,uncultured archaeon,
seq1985,Bacteria,Planctomycetota,Planctomycetes,Pirellulales,Pirellulaceae,uncultured,uncultured bacterium
seq1986,Bacteria,Acidobacteriota,Vicinamibacteria,Vicinamibacterales,Vicinamibacteraceae,uncultured Acidobacteria bacterium,
seq1987,Bacteria,Actinobacteriota,Acidimicrobiia,Microtrichales,Ilumatobacteraceae,CL500-29 marine group,metagenome
seq1988,Bacteria,Proteobacteria,Gammaproteobacteria,Burkholderiales,Nitrosomonadaceae,MND1,uncultured bacterium
seq1989,Bacteria,Planctomycetota,Planctomycetes,Pirellulales,Pirellulaceae,Pirellula,uncultured bacterium
seq1990,Bacteria,Proteobacteria,Alphaproteobacteria,Rhizobiales,Xanthobacteraceae,Bradyrhizobium,Bradyrhizobium sp. JR008
seq1991,Bacteria,Actinobacteriota,Thermoleophilia,Solirubrobacterales,67-14,uncultured bacterium,
seq1992,ML_predicted_Phylum: Patescibacteria,,,,,,
seq1993,Unclassified,,,,,,
seq1994,Bacteria,Methylomirabilota,Methylomirabilia,Rokubacteriales,uncultured bacterium,,
seq1995,Bacteria,Bacteroidota,Bacteroidia,Sphingobacteriales,env.OPS 17,uncultured Bacteroidetes bacterium,
seq1996,Bacteria,Verrucomicrobiota,Verrucomicrobiae,Chthoniobacterales,Chthoniobacteraceae,Chthoniobacter,metagenome
seq1997,Bacteria,Planctomycetota,Phycisphaerae,Tepidisphaerales,WD2101 soil group,uncultured bacterium,
seq1998,Bacteria,Myxococcota,bacteriap25,uncultured bacterium,,,
seq1999,Bacteria,Myxococcota,Polyangia,Polyangiales,Sandaracinaceae,uncultured,uncultured bacterium
seq2000,ML_predicted_Phylum: Bacteroidota,,,,,,
seq2001,Bacteria,Actinobacteriota,Thermoleophilia,Solirubrobacterales,67-14,uncultured bacterium,
seq2002,Bacteria,Gemmatimonadota,Gemmatimonadetes,Gemmatimonadales,Gemmatimonadaceae,uncultured,uncultured bacterium
seq2003,Bacteria,Desulfobacterota,Desulfuromonadia,PB19,uncultured bacterium,,
seq2004,Bacteria,Actinobacteriota,Thermoleophilia,Solirubrobacterales,67-14,uncultured bacterium,
seq2005,Bacteria,Planctomycetota,Planctomycetes,Planctomycetales,uncultured,metagenome,
seq2006,Bacteria,Chloroflexi,P2-11E,uncultured bacterium,,,
seq2007,Bacteria,Myxococcota,bacteriap25,uncultured bacterium,,,
seq2008,Bacteria,Patescibacteria,Saccharimonadia,Saccharimonadales,YM_S32_TM7_50_20,uncultured Candidatus Saccharibacteria bacterium,
seq2009,Bacteria,Acidobacteriota,Blastocatellia,Pyrinomonadales,Pyrinomonadaceae,RB41,uncultured bacterium
seq2010,Bacteria,Verrucomicrobiota,Verrucomicrobiae,Verrucomicrobiales,Verrucomicrobiaceae,Roseimicrobium,uncultured bacterium
seq2011,Bacteria,Actinobacteriota,Rubrobacteria,Rubrobacterales,Rubrobacteriaceae,Rubrobacter,uncultured Rubrobacter sp.
seq2012,Bacteria,Acidobacteriota,Vicinamibacteria,Vicinamibacterales,uncultured,uncultured bacterium,
seq2013,ML_predicted_Phylum: Patescibacteria,,,,,,
seq2014,Bacteria,Myxococcota,Polyangia,Polyangiales,BIrii41,uncultured bacterium,
seq2015,Bacteria,Bacteroidota,Bacteroidia,Chitinophagales,uncultured,uncultured bacterium,
seq2016,Bacteria,Actinobacteriota,Thermoleophilia,Solirubrobacterales,67-14,metagenome,
seq2017,ML_predicted_Phylum: Actinobacteriota,,,,,,
seq2018,Bacteria,Actinobacteriota,Acidimicrobiia,uncultured,uncultured bacterium,,
seq2019,Bacteria,Actinobacteriota,Thermoleophilia,uncultured,uncultured bacterium,,
seq2020,Bacteria,Proteobacteria,Alphaproteobacteria,Rhizobiales,Xanthobacteraceae,uncultured,uncultured bacterium
seq2021,Bacteria,Planctomycetota,Planctomycetes,Pirellulales,Pirellulaceae,Pirellula,uncultured planctomycete
seq2022,Archaea,Crenarchaeota,Nitrososphaeria,Nitrososphaerales,Nitrososphaeraceae,uncultured euryarchaeote,
seq2023,Bacteria,Methylomirabilota,Methylomirabilia,Rokubacteriales,uncultured bacterium,,
seq2024,ML_predicted_Phylum: Bacteroidota,,,,,,
seq2025,Bacteria,Myxococcota,Polyangia,Polyangiales,Polyangiaceae,Pajaroellobacter,uncultured bacterium
seq2026,Bacteria,Planctomycetota,Planctomycetes,Pirellulales,Pirellulaceae,Pirellula,uncultured bacterium
seq2027,Bacteria,Cyanobacteria,Cyanobacteriia,Chloroplast,Chlorella sp. ArM0029B,,
seq2028,Bacteria,Actinobacteriota,Thermoleophilia,Gaiellales,uncultured,uncultured soil bacterium,
seq2029,Bacteria,Bacteroidota,Bacteroidia,Chitinophagales,Chitinophagaceae,Edaphobaculum,uncultured bacterium
seq2030,Bacteria,Actinobacteriota,Actinobacteria,Propionibacteriales,Nocardioidaceae,Nocardioides,Nocardioides sp. MSL 21
seq2031,Bacteria,Verrucomicrobiota,Verrucomicrobiae,Chthoniobacterales,Chthoniobacteraceae,Chthoniobacter,metagenome
seq2032,Bacteria,Actinobacteriota,Thermoleophilia,Solirubrobacterales,67-14,uncultured actinobacterium,
seq2033,Unclassified,,,,,,
seq2034,Bacteria,Bacteroidota,Bacteroidia,Sphingobacteriales,env.OPS 17,uncultured bacterium,
seq2035,Bacteria,Bacteroidota,Bacteroidia,Sphingobacteriales,env.OPS 17,uncultured bacterium,
seq2036,ML_predicted_Phylum: Bacteroidota,,,,,,
seq2037,Bacteria,Planctomycetota,Planctomycetes,Pirellulales,Pirellulaceae,Pir4 lineage,uncultured Pirellula sp.
seq2038,ML_predicted_Phylum: Bacteroidota,,,,,,
seq2039,Bacteria,Proteobacteria,Gammaproteobacteria,Burkholderiales,A21b,uncultured bacterium,
seq2040,Bacteria,Actinobacteriota,Actinobacteria,Micromonosporales,Micromonosporaceae,Virgisporangium,Virgisporangium ochraceum
seq2041,Bacteria,Acidobacteriota,Blastocatellia,Pyrinomonadales,Pyrinomonadaceae,RB41,uncultured bacterium
seq2042,Bacteria,Chloroflexi,Anaerolineae,SBR1031,A4b,uncultured bacterium,
seq2043,Bacteria,Planctomycetota,Planctomycetes,Pirellulales,Pirellulaceae,Pirellula,uncultured soil bacterium
seq2044,Bacteria,Actinobacteriota,Thermoleophilia,Gaiellales,Gaiellaceae,Gaiella,uncultured bacterium
seq2045,Bacteria,Bacteroidota,Bacteroidia,Chitinophagales,uncultured,uncultured bacterium,
seq2046,Bacteria,Bacteroidota,Bacteroidia,Chitinophagales,Chitinophagaceae,Terrimonas,uncultured bacterium
seq2047,Bacteria,Acidobacteriota,Acidobacteriae,Bryobacterales,Bryobacteraceae,Bryobacter,uncultured Acidobacteria bacterium
seq2048,Bacteria,Myxococcota,Polyangia,Polyangiales,BIrii41,uncultured bacterium,
seq2049,ML_predicted_Phylum: Bacteroidota,,,,,,
seq2050,Bacteria,Patescibacteria,Saccharimonadia,Saccharimonadales,uncultured bacterium,,
seq2051,Bacteria,Chloroflexi,Gitt-GS-136,uncultured bacterium,,,
seq2052,Bacteria,Proteobacteria,Gammaproteobacteria,Burkholderiales,A21b,uncultured bacterium,
seq2053,Bacteria,Actinobacteriota,Actinobacteria,Pseudonocardiales,Pseudonocardiaceae,Actinomycetospora,Actinomycetospora corticicola
seq2054,Bacteria,Actinobacteriota,Thermoleophilia,Gaiellales,Gaiellaceae,Gaiella,uncultured bacterium
seq2055,Bacteria,Acidobacteriota,Blastocatellia,11-24,metagenome,,
seq2056,Bacteria,Chloroflexi,Chloroflexia,Chloroflexales,Roseiflexaceae,uncultured,uncultured Chloroflexaceae bacterium
seq2057,ML_predicted_Phylum: Patescibacteria,,,,,,
seq2058,ML_predicted_Phylum: Patescibacteria,,,,,,
seq2059,Bacteria,Bacteroidota,Bacteroidia,Chitinophagales,Saprospiraceae,uncultured,uncultured bacterium
seq2060,Bacteria,Bacteroidota,Bacteroidia,Chitinophagales,Saprospiraceae,uncultured,uncultured Sphingobacteriales bacterium
seq2061,Bacteria,Actinobacteriota,Actinobacteria,Corynebacteriales,Nocardiaceae,Rhodococcus,Rhodococcus erythropolis
seq2062,Bacteria,Proteobacteria,Alphaproteobacteria,Caulobacterales,Caulobacteraceae,Brevundimonas,Brevundimonas subvibrioides
seq2063,Bacteria,Actinobacteriota,Actinobacteria,Propionibacteriales,Nocardioidaceae,Nocardioides,Nocardioides sp.
seq2064,Unclassified,,,,,,
seq2065,Bacteria,Acidobacteriota,Vicinamibacteria,Vicinamibacterales,Vicinamibacteraceae,uncultured bacterium,
seq2066,Bacteria,Bacteroidota,Bacteroidia,Chitinophagales,Chitinophagaceae,uncultured,uncultured bacterium
seq2067,Bacteria,Acidobacteriota,Subgroup 5,uncultured bacterium,,,
seq2068,Bacteria,Proteobacteria,Alphaproteobacteria,Rhizobiales,Rhizobiales Incertae Sedis,Bauldia,uncultured bacterium
seq2069,Bacteria,Acidobacteriota,Blastocatellia,Blastocatellales,Blastocatellaceae,JGI 0001001-H03,uncultured bacterium
seq2070,Bacteria,Actinobacteriota,Actinobacteria,Pseudonocardiales,Pseudonocardiaceae,Actinomycetospora,Actinomycetospora sp. FXJ1.556
seq2071,Bacteria,Planctomycetota,Planctomycetes,Pirellulales,Pirellulaceae,Pir4 lineage,uncultured bacterium
seq2072,ML_predicted_Phylum: Planctomycetota,,,,,,
seq2073,Bacteria,Acidobacteriota,Subgroup 25,uncultured bacterium,,,
seq2074,Bacteria,Verrucomicrobiota,Verrucomicrobiae,Pedosphaerales,Pedosphaeraceae,uncultured bacterium,
seq2075,Bacteria,Acidobacteriota,Blastocatellia,Pyrinomonadales,Pyrinomonadaceae,RB41,uncultured bacterium
seq2076,Bacteria,Myxococcota,bacteriap25,metagenome,,,
seq2077,Bacteria,Chloroflexi,Anaerolineae,Caldilineales,Caldilineaceae,uncultured,uncultured bacterium
seq2078,Bacteria,Bacteroidota,Bacteroidia,Sphingobacteriales,env.OPS 17,metagenome,
seq2079,Unclassified,,,,,,
seq2080,Bacteria,Actinobacteriota,Acidimicrobiia,Microtrichales,uncultured,uncultured bacterium,
seq2081,ML_predicted_Phylum: Verrucomicrobiota,,,,,,
seq2082,ML_predicted_Phylum: Planctomycetota,,,,,,
seq2083,Unclassified,,,,,,
seq2084,Bacteria,Chloroflexi,Gitt-GS-136,uncultured bacterium,,,
seq2085,Bacteria,Bacteroidota,Bacteroidia,Chitinophagales,Chitinophagaceae,uncultured,uncultured bacterium
seq2086,ML_predicted_Phylum: Chloroflexi,,,,,,
seq2087,Bacteria,Bacteroidota,Bacteroidia,Flavobacteriales,Flavobacteriaceae,Flavobacterium,metagenome
seq2088,Bacteria,Acidobacteriota,Acidobacteriae,Bryobacterales,Bryobacteraceae,Bryobacter,metagenome
seq2089,Bacteria,Bacteroidota,Bacteroidia,Cytophagales,Microscillaceae,Hassallia,uncultured soil bacterium
seq2090,Bacteria,Bacteroidota,Bacteroidia,Chitinophagales,Chitinophagaceae,Pseudoflavitalea,Flavitalea sp. enrichment culture
seq2091,Bacteria,Bacteroidota,Bacteroidia,Cytophagales,Microscillaceae,uncultured,uncultured bacterium
seq2092,Bacteria,Actinobacteriota,Actinobacteria,Micromonosporales,Micromonosporaceae,Asanoa,uncultured bacterium
seq2093,Bacteria,Chloroflexi,Dehalococcoidia,S085,uncultured bacterium,,
seq2094,Bacteria,Chloroflexi,Gitt-GS-136,uncultured bacterium,,,
seq2095,Bacteria,Verrucomicrobiota,Verrucomicrobiae,Pedosphaerales,Pedosphaeraceae,metagenome,
seq2096,Bacteria,Bacteroidota,Bacteroidia,Chitinophagales,Chitinophagaceae,uncultured,uncultured bacterium
seq2097,Bacteria,Cyanobacteria,Cyanobacteriia,Chloroplast,Oryza sativa Japonica Group (Japanese rice),,
seq2098,Unclassified,,,,,,
seq2099,ML_predicted_Phylum: Bacteroidota,,,,,,
seq2100,ML_predicted_Phylum: Firmicutes,,,,,,
seq2101,Bacteria,Planctomycetota,Planctomycetes,Pirellulales,Pirellulaceae,Pir4 lineage,uncultured bacterium
seq2102,Bacteria,Actinobacteriota,Thermoleophilia,Solirubrobacterales,Solirubrobacteraceae,Solirubrobacter,uncultured bacterium
seq2103,Archaea,Crenarchaeota,Nitrososphaeria,Nitrososphaerales,Nitrososphaeraceae,uncultured archaeon,
seq2104,Unclassified,,,,,,
seq2105,Bacteria,Patescibacteria,Parcubacteria,uncultured bacterium,,,
seq2106,Bacteria,Acidobacteriota,Blastocatellia,Blastocatellales,Blastocatellaceae,Stenotrophobacter,Stenotrophobacter terrae
seq2107,Bacteria,Bacteroidota,Bacteroidia,Cytophagales,Microscillaceae,uncultured,uncultured bacterium
seq2108,Bacteria,Planctomycetota,Planctomycetes,Gemmatales,Gemmataceae,uncultured,uncultured bacterium
seq2109,Bacteria,Planctomycetota,Planctomycetes,Planctomycetales,Schlesneriaceae,Schlesneria,uncultured prokaryote
seq2110,Bacteria,Planctomycetota,Planctomycetes,Pirellulales,Pirellulaceae,Pirellula,uncultured bacterium
seq2111,Bacteria,Gemmatimonadota,Gemmatimonadetes,Gemmatimonadales,Gemmatimonadaceae,Gemmatimonas,uncultured bacterium
seq2112,Bacteria,Bacteroidota,Bacteroidia,Cytophagales,Microscillaceae,Ohtaekwangia,uncultured bacterium
seq2113,Bacteria,Bacteroidota,Bacteroidia,Cytophagales,Microscillaceae,uncultured,metagenome
seq2114,Bacteria,Bacteroidota,Bacteroidia,Sphingobacteriales,AKYH767,metagenome,
seq2115,Bacteria,Bacteroidota,Bacteroidia,Flavobacteriales,NS9 marine group,metagenome,
seq2116,ML_predicted_Phylum: Patescibacteria,,,,,,
seq2117,Archaea,Crenarchaeota,Nitrososphaeria,Nitrososphaerales,Nitrososphaeraceae,uncultured crenarchaeote,
seq2118,Bacteria,Bacteroidota,Bacteroidia,Flavobacteriales,Flavobacteriaceae,Flavobacterium,Flavobacterium sp. ASB 3-3
seq2119,Bacteria,Myxococcota,Polyangia,Polyangiales,Sandaracinaceae,uncultured,metagenome
seq2120,Bacteria,Bacteroidota,Bacteroidia,Chitinophagales,Chitinophagaceae,uncultured,uncultured Chitinophagaceae bacterium
seq2121,Bacteria,Actinobacteriota,MB-A2-108,uncultured bacterium,,,
seq2122,Bacteria,Verrucomicrobiota,Verrucomicrobiae,Chthoniobacterales,Chthoniobacteraceae,Candidatus Udaeobacter,uncultured bacterium
seq2123,Bacteria,Bacteroidota,Bacteroidia,Flavobacteriales,NS9 marine group,uncultured bacterium,
seq2124,Bacteria,Acidobacteriota,Blastocatellia,11-24,uncultured bacterium,,
seq2125,Bacteria,Patescibacteria,Saccharimonadia,Saccharimonadales,uncultured Candidatus Saccharibacteria bacterium,,
seq2126,Bacteria,Bacteroidota,Bacteroidia,Flavobacteriales,Flavobacteriaceae,Flavobacterium,uncultured bacterium
seq2127,Bacteria,Proteobacteria,Alphaproteobacteria,Sphingomonadales,Sphingomonadaceae,Ellin6055,uncultured bacterium
seq2128,ML_predicted_Phylum: Patescibacteria,,,,,,
seq2129,Bacteria,Bacteroidota,Bacteroidia,Flavobacteriales,Flavobacteriaceae,Flavobacterium,uncultured bacterium
seq2130,Bacteria,Bacteroidota,Bacteroidia,Chitinophagales,Chitinophagaceae,Terrimonas,uncultured bacterium
seq2131,Unclassified,,,,,,
seq2132,Bacteria,Bacteroidota,Bacteroidia,Flavobacteriales,Flavobacteriaceae,Flavobacterium,uncultured Bacteroidetes bacterium
seq2133,ML_predicted_Phylum: Chloroflexi,,,,,,
seq2134,Bacteria,Acidobacteriota,Subgroup 5,uncultured Acidobacteria bacterium,,,
seq2135,Bacteria,Bacteroidota,Bacteroidia,Sphingobacteriales,AKYH767,metagenome,
seq2136,Bacteria,Gemmatimonadota,Gemmatimonadetes,Gemmatimonadales,Gemmatimonadaceae,uncultured,uncultured Gemmatimonas sp.
seq2137,Bacteria,Myxococcota,Polyangia,Polyangiales,BIrii41,uncultured bacterium,
seq2138,Bacteria,Chloroflexi,Anaerolineae,SBR1031,A4b,uncultured bacterium,
seq2139,Bacteria,Bdellovibrionota,Oligoflexia,Oligoflexales,Oligoflexaceae,Oligoflexus,uncultured bacterium
seq2140,Bacteria,Actinobacteriota,Thermoleophilia,Gaiellales,uncultured,uncultured bacterium,
seq2141,ML_predicted_Phylum: Patescibacteria,,,,,,
seq2142,Bacteria,Bacteroidota,Bacteroidia,Cytophagales,Hymenobacteraceae,Adhaeribacter,metagenome
seq2143,Bacteria,Gemmatimonadota,Gemmatimonadetes,Gemmatimonadales,Gemmatimonadaceae,uncultured,uncultured bacterium
seq2144,Bacteria,Proteobacteria,Alphaproteobacteria,Rhizobiales,Xanthobacteraceae,uncultured bacterium,
seq2145,Bacteria,Acidobacteriota,Holophagae,Subgroup 7,uncultured bacterium,,
seq2146,Bacteria,Proteobacteria,Alphaproteobacteria,Sphingomonadales,Sphingomonadaceae,Sphingomonas,uncultured Sphingomonas sp.
seq2147,Bacteria,Proteobacteria,Gammaproteobacteria,Burkholderiales,Nitrosomonadaceae,Ellin6067,uncultured bacterium
seq2148,Bacteria,Verrucomicrobiota,Verrucomicrobiae,Chthoniobacterales,01D2Z36,metagenome,
seq2149,Bacteria,Planctomycetota,Phycisphaerae,Tepidisphaerales,WD2101 soil group,uncultured planctomycete,
seq2150,Bacteria,Proteobacteria,Alphaproteobacteria,Sphingomonadales,Sphingomonadaceae,Sphingomonas,Sphingomonas wittichii
seq2151,Bacteria,Verrucomicrobiota,Verrucomicrobiae,Chthoniobacterales,Chthoniobacteraceae,Chthoniobacter,metagenome
seq2152,Bacteria,MBNT15,uncultured bacterium,,,,
seq2153,Bacteria,Actinobacteriota,Thermoleophilia,Gaiellales,uncultured,uncultured bacterium,
seq2154,ML_predicted_Phylum: Myxococcota,,,,,,
seq2155,Bacteria,Gemmatimonadota,Gemmatimonadetes,Gemmatimonadales,Gemmatimonadaceae,uncultured,uncultured bacterium
seq2156,Archaea,Crenarchaeota,Nitrososphaeria,Nitrososphaerales,Nitrososphaeraceae,uncultured crenarchaeote,
seq2157,Bacteria,Acidobacteriota,Blastocatellia,Pyrinomonadales,Pyrinomonadaceae,RB41,uncultured Acidobacteria bacterium
seq2158,Bacteria,Acidobacteriota,Blastocatellia,Pyrinomonadales,Pyrinomonadaceae,RB41,uncultured bacterium
seq2159,Bacteria,Proteobacteria,Gammaproteobacteria,Burkholderiales,TRA3-20,uncultured bacterium,
seq2160,Bacteria,Myxococcota,bacteriap25,uncultured bacterium,,,
seq2161,Bacteria,Proteobacteria,Gammaproteobacteria,Burkholderiales,Nitrosomonadaceae,MND1,uncultured bacterium
seq2162,Bacteria,Gemmatimonadota,Gemmatimonadetes,Gemmatimonadales,Gemmatimonadaceae,uncultured,uncultured bacterium
seq2163,Bacteria,Actinobacteriota,Thermoleophilia,Gaiellales,Gaiellaceae,Gaiella,uncultured bacterium
seq2164,Bacteria,Actinobacteriota,Thermoleophilia,Gaiellales,uncultured,uncultured bacterium,
seq2165,Bacteria,Acidobacteriota,Vicinamibacteria,Vicinamibacterales,Vicinamibacteraceae,uncultured bacterium,
seq2166,Bacteria,Acidobacteriota,Blastocatellia,Pyrinomonadales,Pyrinomonadaceae,RB41,uncultured bacterium
seq2167,Bacteria,Acidobacteriota,Blastocatellia,Pyrinomonadales,Pyrinomonadaceae,RB41,uncultured bacterium
seq2168,Bacteria,Bacteroidota,Bacteroidia,Chitinophagales,Chitinophagaceae,Terrimonas,uncultured bacterium
seq2169,Bacteria,Bacteroidota,Bacteroidia,Chitinophagales,Chitinophagaceae,Edaphobaculum,uncultured bacterium
seq2170,Bacteria,Actinobacteriota,Thermoleophilia,Solirubrobacterales,67-14,uncultured bacterium,
seq2171,Bacteria,Cyanobacteria,Cyanobacteriia,Chloroplast,uncultured Chlorophyta,,
seq2172,Unclassified,,,,,,
seq2173,Bacteria,Acidobacteriota,Blastocatellia,Pyrinomonadales,Pyrinomonadaceae,RB41,uncultured Acidobacteria bacterium
seq2174,Archaea,Crenarchaeota,Nitrososphaeria,Nitrososphaerales,Nitrososphaeraceae,uncultured crenarchaeote,
seq2175,Bacteria,Verrucomicrobiota,Verrucomicrobiae,Chthoniobacterales,Chthoniobacteraceae,Candidatus Udaeobacter,uncultured bacterium
seq2176,Bacteria,Bacteroidota,Bacteroidia,Cytophagales,Microscillaceae,Ohtaekwangia,metagenome
seq2177,Bacteria,Actinobacteriota,Thermoleophilia,Gaiellales,uncultured,uncultured bacterium,
seq2178,Bacteria,Proteobacteria,Alphaproteobacteria,uncultured,uncultured bacterium,,
seq2179,Bacteria,Methylomirabilota,Methylomirabilia,Rokubacteriales,uncultured bacterium,,
seq2180,Bacteria,Actinobacteriota,Thermoleophilia,Solirubrobacterales,67-14,uncultured bacterium,
seq2181,Bacteria,Proteobacteria,Alphaproteobacteria,Rhizobiales,D05-2,uncultured bacterium,
seq2182,Bacteria,Verrucomicrobiota,Verrucomicrobiae,Pedosphaerales,Pedosphaeraceae,uncultured subdivision 3 bacterium,
seq2183,Bacteria,Actinobacteriota,Acidimicrobiia,Microtrichales,Ilumatobacteraceae,uncultured,uncultured bacterium
seq2184,Bacteria,Acidobacteriota,Blastocatellia,11-24,uncultured bacterium,,
seq2185,Bacteria,Desulfobacterota,uncultured,uncultured bacterium,,,
seq2186,Bacteria,Chloroflexi,Anaerolineae,SBR1031,A4b,uncultured Caldilineaceae bacterium,
seq2187,Bacteria,Proteobacteria,Alphaproteobacteria,Caulobacterales,Hyphomonadaceae,Hirschia,uncultured bacterium
seq2188,ML_predicted_Phylum: Bacteroidota,,,,,,
seq2189,Bacteria,Acidobacteriota,Blastocatellia,Pyrinomonadales,Pyrinomonadaceae,RB41,uncultured bacterium
seq2190,Bacteria,Gemmatimonadota,Gemmatimonadetes,Gemmatimonadales,Gemmatimonadaceae,Gemmatimonas,uncultured bacterium
seq2191,Bacteria,Acidobacteriota,Blastocatellia,Pyrinomonadales,Pyrinomonadaceae,RB41,uncultured bacterium
seq2192,ML_predicted_Phylum: Actinobacteriota,,,,,,
seq2193,Bacteria,Acidobacteriota,Blastocatellia,Blastocatellales,Blastocatellaceae,uncultured,uncultured Acidobacteria bacterium
seq2194,Bacteria,Chloroflexi,Anaerolineae,SBR1031,A4b,uncultured soil bacterium,
seq2195,Bacteria,Methylomirabilota,Methylomirabilia,Rokubacteriales,uncultured Candidatus Rokubactera bacterium,,
seq2196,Bacteria,Entotheonellaeota,Entotheonellia,Entotheonellales,Entotheonellaceae,uncultured bacterium,
seq2197,Bacteria,Actinobacteriota,Actinobacteria,Micromonosporales,Micromonosporaceae,Dactylosporangium,uncultured bacterium
seq2198,Bacteria,Bacteroidota,Bacteroidia,Sphingobacteriales,env.OPS 17,uncultured bacterium,
seq2199,Bacteria,Proteobacteria,Gammaproteobacteria,Burkholderiales,Nitrosomonadaceae,Ellin6067,metagenome
seq2200,Bacteria,Acidobacteriota,Vicinamibacteria,Vicinamibacterales,uncultured,uncultured Acidobacteria bacterium,
seq2201,Bacteria,Actinobacteriota,Thermoleophilia,Solirubrobacterales,Solirubrobacteraceae,Solirubrobacter,uncultured bacterium
seq2202,Bacteria,Acidobacteriota,Vicinamibacteria,Subgroup 17,uncultured Acidobacteria bacterium,,
seq2203,Bacteria,Acidobacteriota,Acidobacteriae,Bryobacterales,Bryobacteraceae,Bryobacter,uncultured bacterium
seq2204,Bacteria,Planctomycetota,Planctomycetes,Pirellulales,Pirellulaceae,Pir4 lineage,uncultured bacterium
seq2205,Bacteria,Verrucomicrobiota,Verrucomicrobiae,Pedosphaerales,Pedosphaeraceae,uncultured bacterium,
seq2206,Bacteria,Patescibacteria,Saccharimonadia,Saccharimonadales,metagenome,,
seq2207,ML_predicted_Phylum: Verrucomicrobiota,,,,,,
seq2208,Bacteria,Actinobacteriota,Actinobacteria,Propionibacteriales,Propionibacteriaceae,uncultured,uncultured bacterium
seq2209,Bacteria,Verrucomicrobiota,Verrucomicrobiae,Opitutales,Opitutaceae,Opitutus,Verrucomicrobia bacterium
seq2210,Bacteria,Cyanobacteria,Cyanobacteriia,Chloroplast,uncultured Chlorophyta,,
seq2211,Bacteria,Acidobacteriota,Blastocatellia,Pyrinomonadales,Pyrinomonadaceae,RB41,uncultured Acidobacteria bacterium
seq2212,Bacteria,Proteobacteria,Alphaproteobacteria,Rhizobiales,Xanthobacteraceae,uncultured,uncultured bacterium
seq2213,Bacteria,Proteobacteria,Gammaproteobacteria,Burkholderiales,SC-I-84,uncultured bacterium,
seq2214,Bacteria,Chloroflexi,Anaerolineae,Caldilineales,Caldilineaceae,uncultured,uncultured bacterium
seq2215,ML_predicted_Phylum: Patescibacteria,,,,,,
seq2216,Bacteria,Bacteroidota,Bacteroidia,Cytophagales,Hymenobacteraceae,Adhaeribacter,uncultured Bacteroidetes bacterium
seq2217,Bacteria,Actinobacteriota,Thermoleophilia,Gaiellales,Gaiellaceae,Gaiella,uncultured bacterium
seq2218,Bacteria,Actinobacteriota,Thermoleophilia,Gaiellales,uncultured,uncultured actinobacterium,
seq2219,ML_predicted_Phylum: Bacteroidota,,,,,,
seq2220,Bacteria,Actinobacteriota,Thermoleophilia,Gaiellales,Gaiellaceae,Gaiella,uncultured bacterium
seq2221,Bacteria,Actinobacteriota,Thermoleophilia,Gaiellales,uncultured,uncultured bacterium,
seq2222,Bacteria,Actinobacteriota,Thermoleophilia,Solirubrobacterales,67-14,uncultured bacterium,
seq2223,Bacteria,Acidobacteriota,Blastocatellia,Pyrinomonadales,Pyrinomonadaceae,RB41,uncultured bacterium
seq2224,Bacteria,Planctomycetota,Pla4 lineage,metagenome,,,
seq2225,Bacteria,Planctomycetota,Planctomycetes,Gemmatales,Gemmataceae,uncultured,uncultured bacterium
seq2226,ML_predicted_Phylum: Acidobacteriota,,,,,,
seq2227,Bacteria,Myxococcota,bacteriap25,metagenome,,,
seq2228,Bacteria,Proteobacteria,Alphaproteobacteria,Azospirillales,Azospirillaceae,Skermanella,Skermanella aerolata
seq2229,Bacteria,Acidobacteriota,Blastocatellia,Pyrinomonadales,Pyrinomonadaceae,RB41,metagenome
seq2230,Bacteria,Acidobacteriota,Vicinamibacteria,Vicinamibacterales,uncultured,uncultured Acidobacteria bacterium,
seq2231,Bacteria,Chloroflexi,Anaerolineae,SBR1031,A4b,uncultured bacterium,
seq2232,Archaea,Crenarchaeota,Nitrososphaeria,Nitrososphaerales,Nitrososphaeraceae,uncultured archaeon,
seq2233,Bacteria,Bacteroidota,Bacteroidia,Cytophagales,Microscillaceae,uncultured,Sorangium cellulosum
seq2234,Bacteria,Actinobacteriota,Acidimicrobiia,IMCC26256,uncultured bacterium,,
seq2235,Unclassified,,,,,,
seq2236,Bacteria,Acidobacteriota,Blastocatellia,Pyrinomonadales,Pyrinomonadaceae,RB41,uncultured bacterium
seq2237,Bacteria,Proteobacteria,Gammaproteobacteria,Pseudomonadales,Moraxellaceae,Acinetobacter,Acinetobacter oleivorans
seq2238,Unclassified,,,,,,
seq2239,Bacteria,Actinobacteriota,Actinobacteria,Streptomycetales,Streptomycetaceae,Streptomyces,Streptomyces hiroshimensis
seq2240,Bacteria,Actinobacteriota,Thermoleophilia,Gaiellales,Gaiellaceae,Gaiella,uncultured bacterium
seq2241,Bacteria,Bacteroidota,Bacteroidia,Sphingobacteriales,env.OPS 17,uncultured bacterium,
seq2242,Bacteria,Acidobacteriota,Vicinamibacteria,Vicinamibacterales,Vicinamibacteraceae,uncultured bacterium,
seq2243,Bacteria,Actinobacteriota,Actinobacteria,Micromonosporales,Micromonosporaceae,Actinoplanes,Actinoplanes friuliensis
seq2244,ML_predicted_Phylum: Patescibacteria,,,,,,
seq2245,Bacteria,Proteobacteria,Gammaproteobacteria,Burkholderiales,Nitrosomonadaceae,Ellin6067,uncultured bacterium
seq2246,Unclassified,,,,,,
seq2247,Bacteria,Planctomycetota,Planctomycetes,Pirellulales,Pirellulaceae,uncultured,uncultured bacterium
seq2248,Bacteria,Chloroflexi,Anaerolineae,SBR1031,uncultured bacterium,,
seq2249,Bacteria,Proteobacteria,Gammaproteobacteria,Burkholderiales,Nitrosomonadaceae,MND1,uncultured bacterium
seq2250,Bacteria,Acidobacteriota,Vicinamibacteria,Vicinamibacterales,uncultured,uncultured bacterium,
seq2251,Bacteria,Actinobacteriota,Thermoleophilia,Solirubrobacterales,67-14,uncultured Rubrobacteraceae bacterium,
seq2252,Bacteria,Proteobacteria,Alphaproteobacteria,Sphingomonadales,Sphingomonadaceae,Sphingomonas,Sphingomonas sp. PDD-47b-1
seq2253,Bacteria,Proteobacteria,Alphaproteobacteria,Tistrellales,Geminicoccaceae,Candidatus Alysiosphaera,uncultured Alphaproteobacteria bacterium
seq2254,Bacteria,Bdellovibrionota,Bdellovibrionia,Bdellovibrionales,Bdellovibrionaceae,Bdellovibrio,metagenome
seq2255,Bacteria,Verrucomicrobiota,Verrucomicrobiae,Chthoniobacterales,Chthoniobacteraceae,Candidatus Udaeobacter,uncultured bacterium
seq2256,Bacteria,Actinobacteriota,Acidimicrobiia,IMCC26256,uncultured bacterium,,
seq2257,Bacteria,Bacteroidota,Bacteroidia,Chitinophagales,37-13,uncultured bacterium,
seq2258,Bacteria,Verrucomicrobiota,Verrucomicrobiae,Pedosphaerales,Pedosphaeraceae,Ellin517,uncultured bacterium
seq2259,Bacteria,Acidobacteriota,Vicinamibacteria,Vicinamibacterales,Vicinamibacteraceae,uncultured bacterium,
seq2260,Bacteria,Actinobacteriota,Thermoleophilia,Gaiellales,uncultured,uncultured bacterium,
seq2261,Unclassified,,,,,,
seq2262,Bacteria,Acidobacteriota,Vicinamibacteria,Vicinamibacterales,Vicinamibacteraceae,uncultured bacterium,
seq2263,Bacteria,Methylomirabilota,Methylomirabilia,Rokubacteriales,uncultured bacterium,,
seq2264,Bacteria,Actinobacteriota,Acidimicrobiia,Microtrichales,uncultured,uncultured Acidimicrobiia bacterium,
seq2265,ML_predicted_Phylum: Patescibacteria,,,,,,
seq2266,Bacteria,Patescibacteria,Saccharimonadia,Saccharimonadales,uncultured Candidatus Saccharibacteria bacterium,,
seq2267,ML_predicted_Phylum: Patescibacteria,,,,,,
seq2268,Bacteria,Planctomycetota,Planctomycetes,Pirellulales,Pirellulaceae,Pirellula,uncultured planctomycete
seq2269,Bacteria,Acidobacteriota,Vicinamibacteria,Vicinamibacterales,uncultured,uncultured Acidobacteria bacterium,
seq2270,Bacteria,Verrucomicrobiota,Verrucomicrobiae,Pedosphaerales,Pedosphaeraceae,uncultured bacterium,
seq2271,Bacteria,Actinobacteriota,Actinobacteria,Micromonosporales,Micromonosporaceae,Actinoplanes,Micromonosporaceae bacterium 231802
seq2272,Unclassified,,,,,,
seq2273,Bacteria,Proteobacteria,Alphaproteobacteria,Rickettsiales,Mitochondria,Silene dioica (red campion),
seq2274,Bacteria,Acidobacteriota,Acidobacteriae,Bryobacterales,Bryobacteraceae,Bryobacter,uncultured soil bacterium
seq2275,Bacteria,Actinobacteriota,Thermoleophilia,Gaiellales,Gaiellaceae,Gaiella,uncultured bacterium
seq2276,Bacteria,Acidobacteriota,Blastocatellia,Pyrinomonadales,Pyrinomonadaceae,RB41,uncultured bacterium
seq2277,Bacteria,Patescibacteria,Saccharimonadia,Saccharimonadales,uncultured bacterium,,
seq2278,Bacteria,Patescibacteria,Parcubacteria,uncultured bacterium,,,
seq2279,Bacteria,Planctomycetota,Planctomycetes,Pirellulales,Pirellulaceae,uncultured,metagenome
seq2280,Bacteria,Proteobacteria,Gammaproteobacteria,Burkholderiales,Comamonadaceae,Comamonas,uncultured bacterium
seq2281,Bacteria,Myxococcota,bacteriap25,uncultured bacterium,,,
seq2282,Bacteria,Actinobacteriota,Thermoleophilia,Solirubrobacterales,Solirubrobacteraceae,Solirubrobacter,uncultured bacterium
seq2283,Bacteria,Bacteroidota,Bacteroidia,Chitinophagales,Chitinophagaceae,Ferruginibacter,uncultured Bacteroidetes bacterium
seq2284,Archaea,Crenarchaeota,Nitrososphaeria,Nitrososphaerales,Nitrososphaeraceae,uncultured crenarchaeote,
seq2285,Bacteria,Actinobacteriota,Thermoleophilia,Solirubrobacterales,Solirubrobacteraceae,uncultured Rubrobacteria bacterium,
seq2286,Bacteria,Acidobacteriota,Blastocatellia,Pyrinomonadales,Pyrinomonadaceae,RB41,uncultured bacterium
seq2287,ML_predicted_Phylum: Bacteroidota,,,,,,
seq2288,Bacteria,Bacteroidota,Bacteroidia,Chitinophagales,Saprospiraceae,uncultured,uncultured bacterium
seq2289,Bacteria,Myxococcota,Myxococcia,Myxococcales,Myxococcaceae,Myxococcus,Myxococcus stipitatus
seq2290,Archaea,Crenarchaeota,Nitrososphaeria,Nitrososphaerales,Nitrososphaeraceae,uncultured archaeon,
seq2291,Bacteria,Planctomycetota,Planctomycetes,Planctomycetales,Schlesneriaceae,Schlesneria,uncultured bacterium
seq2292,Bacteria,Acidobacteriota,Blastocatellia,Pyrinomonadales,Pyrinomonadaceae,RB41,uncultured bacterium
seq2293,Bacteria,Verrucomicrobiota,Verrucomicrobiae,Opitutales,Opitutaceae,Opitutus,uncultured Verrucomicrobia bacterium
seq2294,Bacteria,Verrucomicrobiota,Verrucomicrobiae,Pedosphaerales,Pedosphaeraceae,uncultured bacterium,
seq2295,Bacteria,Planctomycetota,Planctomycetes,Pirellulales,Pirellulaceae,Pirellula,uncultured Pasteuria sp.
seq2296,Bacteria,Planctomycetota,Planctomycetes,Pirellulales,Pirellulaceae,Pir4 lineage,uncultured bacterium
seq2297,Bacteria,Actinobacteriota,Thermoleophilia,Solirubrobacterales,67-14,uncultured bacterium,
seq2298,Bacteria,Chloroflexi,Anaerolineae,Anaerolineales,Anaerolineaceae,uncultured,uncultured bacterium
seq2299,Bacteria,Acidobacteriota,Blastocatellia,Pyrinomonadales,Pyrinomonadaceae,RB41,uncultured Acidobacteria bacterium
seq2300,Bacteria,Actinobacteriota,Actinobacteria,Micromonosporales,Micromonosporaceae,Micromonospora,Micromonospora sp. S2911
seq2301,Bacteria,Proteobacteria,Gammaproteobacteria,Xanthomonadales,Rhodanobacteraceae,uncultured,uncultured bacterium
seq2302,Bacteria,Actinobacteriota,Thermoleophilia,Solirubrobacterales,67-14,uncultured bacterium,
seq2303,Bacteria,Patescibacteria,Saccharimonadia,Saccharimonadales,uncultured Candidatus Saccharibacteria bacterium,,
seq2304,ML_predicted_Phylum: Proteobacteria,,,,,,
seq2305,Bacteria,Chloroflexi,Ktedonobacteria,C0119,uncultured bacterium,,
seq2306,Bacteria,Actinobacteriota,Acidimicrobiia,Microtrichales,Iamiaceae,Iamia,uncultured bacterium
seq2307,Bacteria,Actinobacteriota,Actinobacteria,Micromonosporales,Micromonosporaceae,uncultured,uncultured soil bacterium
seq2308,Unclassified,,,,,,
seq2309,Bacteria,Proteobacteria,Gammaproteobacteria,Burkholderiales,TRA3-20,uncultured bacterium,
seq2310,Bacteria,Verrucomicrobiota,Verrucomicrobiae,Opitutales,Opitutaceae,Alterococcus,uncultured bacterium
seq2311,Bacteria,Planctomycetota,Phycisphaerae,Tepidisphaerales,WD2101 soil group,uncultured bacterium,
seq2312,Bacteria,Acidobacteriota,Blastocatellia,Pyrinomonadales,Pyrinomonadaceae,RB41,uncultured bacterium
seq2313,Bacteria,Firmicutes,Bacilli,Paenibacillales,Paenibacillaceae,Cohnella,Cohnella sp. G13
seq2314,Unclassified,,,,,,
seq2315,Bacteria,Actinobacteriota,Actinobacteria,Micromonosporales,Micromonosporaceae,Asanoa,metagenome
seq2316,Bacteria,Actinobacteriota,Acidimicrobiia,IMCC26256,uncultured bacterium,,
seq2317,Bacteria,Bacteroidota,Bacteroidia,Cytophagales,Microscillaceae,uncultured,uncultured bacterium
seq2318,Bacteria,Bacteroidota,Bacteroidia,Chitinophagales,Chitinophagaceae,Flavitalea,uncultured bacterium
seq2319,Bacteria,Planctomycetota,Planctomycetes,Pirellulales,Pirellulaceae,Pirellula,uncultured bacterium
seq2320,Bacteria,Methylomirabilota,Methylomirabilia,Rokubacteriales,uncultured bacterium,,
seq2321,Archaea,Crenarchaeota,Nitrososphaeria,Nitrososphaerales,Nitrososphaeraceae,uncultured archaeon,
seq2322,Bacteria,Acidobacteriota,Acidobacteriae,Bryobacterales,Bryobacteraceae,Bryobacter,uncultured bacterium
seq2323,Bacteria,Acidobacteriota,Blastocatellia,Pyrinomonadales,Pyrinomonadaceae,RB41,uncultivated soil bacterium clone S023
seq2324,Bacteria,Actinobacteriota,Rubrobacteria,Rubrobacterales,Rubrobacteriaceae,Rubrobacter,uncultured bacterium
seq2325,Bacteria,Proteobacteria,Alphaproteobacteria,Sphingomonadales,Sphingomonadaceae,Sphingomonas,uncultured bacterium
seq2326,Bacteria,Acidobacteriota,Blastocatellia,Pyrinomonadales,Pyrinomonadaceae,RB41,uncultured bacterium
seq2327,Bacteria,Myxococcota,Polyangia,Polyangiales,Phaselicystidaceae,Phaselicystis,uncultured bacterium
seq2328,Bacteria,Acidobacteriota,Subgroup 5,uncultured bacterium,,,
seq2329,ML_predicted_Phylum: Proteobacteria,,,,,,
seq2330,Bacteria,Actinobacteriota,Actinobacteria,Propionibacteriales,Nocardioidaceae,Kribbella,Kribbella sp. 4060
seq2331,ML_predicted_Phylum: Bacteroidota,,,,,,
seq2332,Unclassified,,,,,,
seq2333,ML_predicted_Phylum: Patescibacteria,,,,,,
seq2334,ML_predicted_Phylum: Verrucomicrobiota,,,,,,
seq2335,Bacteria,Bacteroidota,Bacteroidia,Cytophagales,Microscillaceae,uncultured,uncultured bacterium
seq2336,Bacteria,Actinobacteriota,Thermoleophilia,Gaiellales,Gaiellaceae,Gaiella,actinobacterium WWH12
seq2337,Bacteria,Proteobacteria,Alphaproteobacteria,Sphingomonadales,Sphingomonadaceae,Sphingomonas,uncultured bacterium
seq2338,Bacteria,Bacteroidota,Bacteroidia,Chitinophagales,Chitinophagaceae,Ferruginibacter,uncultured Bacteroidetes bacterium
seq2339,Bacteria,Actinobacteriota,Actinobacteria,Streptomycetales,Streptomycetaceae,Streptomyces,Streptomyces sp. BK18
seq2340,Bacteria,Proteobacteria,Alphaproteobacteria,Rhizobiales,Beijerinckiaceae,uncultured,uncultured bacterium
seq2341,ML_predicted_Phylum: Patescibacteria,,,,,,
seq2342,Bacteria,Bacteroidota,Bacteroidia,Chitinophagales,Chitinophagaceae,Terrimonas,uncultured bacterium
seq2343,Bacteria,Acidobacteriota,Thermoanaerobaculia,Thermoanaerobaculales,Thermoanaerobaculaceae,Subgroup 10,uncultured bacterium
seq2344,Bacteria,Actinobacteriota,Acidimicrobiia,Microtrichales,Ilumatobacteraceae,Ilumatobacter,uncultured bacterium
seq2345,Archaea,Crenarchaeota,Nitrososphaeria,Nitrososphaerales,Nitrososphaeraceae,uncultured archaeon,
seq2346,Bacteria,Proteobacteria,Alphaproteobacteria,Rhizobiales,uncultured,uncultured bacterium,
seq2347,Bacteria,Myxococcota,Polyangia,Polyangiales,Sandaracinaceae,uncultured,uncultured bacterium
seq2348,Bacteria,Bacteroidota,Bacteroidia,Cytophagales,Hymenobacteraceae,Adhaeribacter,Adhaeribacter terreus
seq2349,Bacteria,Proteobacteria,Alphaproteobacteria,Dongiales,Dongiaceae,Dongia,uncultured bacterium
seq2350,Bacteria,Bacteroidota,Bacteroidia,Chitinophagales,Chitinophagaceae,uncultured,uncultured bacterium
seq2351,Archaea,Crenarchaeota,Nitrososphaeria,Nitrososphaerales,Nitrososphaeraceae,uncultured compost archaeon,
seq2352,Bacteria,Bacteroidota,Bacteroidia,Chitinophagales,Chitinophagaceae,Aurantisolimonas,uncultured bacterium
seq2353,Bacteria,Acidobacteriota,Blastocatellia,Blastocatellales,Blastocatellaceae,uncultured,uncultured bacterium
seq2354,Bacteria,Acidobacteriota,Blastocatellia,Blastocatellales,Blastocatellaceae,Aridibacter,Aridibacter kavangonensis
seq2355,Bacteria,Actinobacteriota,Thermoleophilia,Solirubrobacterales,67-14,uncultured bacterium,
seq2356,Bacteria,Patescibacteria,Saccharimonadia,Saccharimonadales,uncultured bacterium,,
seq2357,Bacteria,Bacteroidota,Bacteroidia,Flavobacteriales,Flavobacteriaceae,Flavobacterium,uncultured bacterium
seq2358,Bacteria,Actinobacteriota,Thermoleophilia,uncultured,uncultured bacterium,,
seq2359,Unclassified,,,,,,
seq2360,Bacteria,Acidobacteriota,Blastocatellia,Pyrinomonadales,Pyrinomonadaceae,RB41,uncultured bacterium
seq2361,Bacteria,Proteobacteria,Gammaproteobacteria,Pseudomonadales,Pseudohongiellaceae,BIyi10,metagenome
seq2362,Bacteria,Chloroflexi,Anaerolineae,SBR1031,uncultured bacterium,,
seq2363,Bacteria,Chloroflexi,TK10,uncultured bacterium,,,
seq2364,Bacteria,Actinobacteriota,Actinobacteria,Propionibacteriales,Nocardioidaceae,Nocardioides,uncultured bacterium
seq2365,Bacteria,Verrucomicrobiota,Verrucomicrobiae,Verrucomicrobiales,Verrucomicrobiaceae,uncultured,uncultured Verrucomicrobia bacterium
seq2366,Bacteria,Myxococcota,Polyangia,Polyangiales,Polyangiaceae,uncultured,metagenome
seq2367,Bacteria,Bacteroidota,Bacteroidia,Chitinophagales,Chitinophagaceae,Puia,uncultured Niastella sp.
seq2368,Bacteria,Proteobacteria,Gammaproteobacteria,Xanthomonadales,Xanthomonadaceae,Stenotrophomonas,Stenotrophomonas sp. UA-JF3417
seq2369,Unclassified,,,,,,
seq2370,Bacteria,Actinobacteriota,Thermoleophilia,Gaiellales,uncultured,uncultured actinobacterium,
seq2371,Bacteria,Bacteroidota,Bacteroidia,Sphingobacteriales,Sphingobacteriaceae,uncultured,uncultured soil bacterium
seq2372,Bacteria,Verrucomicrobiota,Verrucomicrobiae,Chthoniobacterales,Chthoniobacteraceae,Chthoniobacter,uncultured bacterium
seq2373,Bacteria,Planctomycetota,Phycisphaerae,Tepidisphaerales,WD2101 soil group,uncultured bacterium,
seq2374,Bacteria,Verrucomicrobiota,Verrucomicrobiae,Pedosphaerales,Pedosphaeraceae,uncultured bacterium,
seq2375,Bacteria,Planctomycetota,Planctomycetes,Pirellulales,Pirellulaceae,Pir4 lineage,uncultured bacterium
seq2376,Bacteria,Bacteroidota,Bacteroidia,Chitinophagales,Chitinophagaceae,uncultured,uncultured bacterium
seq2377,Bacteria,Planctomycetota,Planctomycetes,Pirellulales,Pirellulaceae,Pirellula,uncultured Planctomycetaceae bacterium
seq2378,Bacteria,Actinobacteriota,Actinobacteria,Propionibacteriales,Nocardioidaceae,Nocardioides,Nocardioides sp. KAR81
seq2379,Bacteria,Myxococcota,Polyangia,Polyangiales,Sandaracinaceae,uncultured,uncultured soil bacterium
seq2380,Bacteria,Actinobacteriota,Rubrobacteria,Rubrobacterales,Rubrobacteriaceae,Rubrobacter,uncultured bacterium
seq2381,Bacteria,Actinobacteriota,Actinobacteria,Propionibacteriales,Nocardioidaceae,Nocardioides,uncultured bacterium
seq2382,Bacteria,Verrucomicrobiota,Verrucomicrobiae,Verrucomicrobiales,Verrucomicrobiaceae,Roseimicrobium,uncultured Verrucomicrobiaceae bacterium
seq2383,Bacteria,Proteobacteria,Alphaproteobacteria,Rhizobiales,Beijerinckiaceae,uncultured,uncultured bacterium
seq2384,Bacteria,Chloroflexi,Anaerolineae,Caldilineales,Caldilineaceae,uncultured,uncultured bacterium
seq2385,Bacteria,Actinobacteriota,Actinobacteria,Propionibacteriales,Nocardioidaceae,Nocardioides,Nocardioides sp. R-36680
seq2386,Bacteria,Planctomycetota,Planctomycetes,Pirellulales,Pirellulaceae,Pirellula,uncultured bacterium
seq2387,Bacteria,Verrucomicrobiota,Verrucomicrobiae,Pedosphaerales,Pedosphaeraceae,metagenome,
seq2388,Bacteria,Bacteroidota,Bacteroidia,Cytophagales,Microscillaceae,Ohtaekwangia,uncultured bacterium
seq2389,Bacteria,Actinobacteriota,Thermoleophilia,Gaiellales,uncultured,uncultured bacterium,
seq2390,Bacteria,Acidobacteriota,Blastocatellia,Pyrinomonadales,Pyrinomonadaceae,RB41,uncultured Acidobacteria bacterium
seq2391,ML_predicted_Phylum: Actinobacteriota,,,,,,
seq2392,Bacteria,Verrucomicrobiota,Verrucomicrobiae,Pedosphaerales,Pedosphaeraceae,uncultured Verrucomicrobia bacterium,
seq2393,Bacteria,Bacteroidota,Bacteroidia,Chitinophagales,Chitinophagaceae,uncultured,uncultured bacterium
seq2394,Bacteria,Acidobacteriota,Vicinamibacteria,Vicinamibacterales,uncultured,uncultured bacterium,
seq2395,Bacteria,Bacteroidota,Bacteroidia,Chitinophagales,Saprospiraceae,uncultured,uncultured bacterium
seq2396,Bacteria,Proteobacteria,Gammaproteobacteria,Xanthomonadales,Xanthomonadaceae,Arenimonas,uncultured bacterium
seq2397,Bacteria,Fibrobacterota,Fibrobacteria,Fibrobacterales,Fibrobacteraceae,possible genus 04,uncultured bacterium
seq2398,Bacteria,Patescibacteria,Saccharimonadia,Saccharimonadales,uncultured bacterium,,
seq2399,Bacteria,Chloroflexi,Anaerolineae,Caldilineales,Caldilineaceae,uncultured,uncultured bacterium
seq2400,Bacteria,Proteobacteria,Gammaproteobacteria,Burkholderiales,SC-I-84,uncultured bacterium,
seq2401,Bacteria,Proteobacteria,Gammaproteobacteria,Burkholderiales,TRA3-20,uncultured bacterium,
seq2402,Bacteria,Acidobacteriota,Blastocatellia,Pyrinomonadales,Pyrinomonadaceae,RB41,uncultured Acidobacteriaceae bacterium
seq2403,Bacteria,Bacteroidota,Bacteroidia,Chitinophagales,37-13,uncultured soil bacterium,
seq2404,Bacteria,Actinobacteriota,Actinobacteria,Micrococcales,Micrococcaceae,Arthrobacter,Arthrobacter crystallopoietes
seq2405,Bacteria,Planctomycetota,Planctomycetes,Pirellulales,Pirellulaceae,Pirellula,uncultured bacterium
seq2406,Bacteria,Acidobacteriota,Blastocatellia,Blastocatellales,Blastocatellaceae,Blastocatella,uncultured soil bacterium
seq2407,Bacteria,Actinobacteriota,Actinobacteria,Streptosporangiales,Thermomonosporaceae,Actinomadura,uncultured bacterium
seq2408,Bacteria,Proteobacteria,Gammaproteobacteria,CCD24,uncultured bacterium,,
seq2409,Bacteria,Planctomycetota,Planctomycetes,Pirellulales,Pirellulaceae,Pirellula,uncultured bacterium
seq2410,Bacteria,Proteobacteria,Alphaproteobacteria,Reyranellales,Reyranellaceae,Reyranella,uncultured bacterium
seq2411,Bacteria,Planctomycetota,Planctomycetes,Planctomycetales,uncultured,uncultured bacterium,
seq2412,Bacteria,Acidobacteriota,Blastocatellia,Blastocatellales,Blastocatellaceae,Stenotrophobacter,Acidobacteria bacterium IGE-018
seq2413,Bacteria,Proteobacteria,Alphaproteobacteria,Rhizobiales,Xanthobacteraceae,Pseudolabrys,uncultured bacterium
seq2414,Bacteria,Acidobacteriota,Vicinamibacteria,Vicinamibacterales,Vicinamibacteraceae,Luteitalea,Luteitalea pratensis
seq2415,Bacteria,Acidobacteriota,Blastocatellia,Pyrinomonadales,Pyrinomonadaceae,RB41,uncultivated soil bacterium clone S023
seq2416,Bacteria,Proteobacteria,Alphaproteobacteria,Rhizobiales,Rhizobiales Incertae Sedis,Nordella,uncultured bacterium
seq2417,ML_predicted_Phylum: Planctomycetota,,,,,,
seq2418,Bacteria,Methylomirabilota,Methylomirabilia,Rokubacteriales,uncultured bacterium,,
seq2419,Bacteria,Proteobacteria,Gammaproteobacteria,Steroidobacterales,Steroidobacteraceae,Steroidobacter,uncultured Steroidobacter sp.
seq2420,Unclassified,,,,,,
seq2421,Bacteria,Bacteroidota,Bacteroidia,Sphingobacteriales,env.OPS 17,metagenome,
seq2422,Bacteria,Patescibacteria,Saccharimonadia,Saccharimonadales,uncultured bacterium,,
seq2423,Unclassified,,,,,,
seq2424,Bacteria,Acidobacteriota,Blastocatellia,Pyrinomonadales,Pyrinomonadaceae,RB41,uncultured bacterium
seq2425,Bacteria,Planctomycetota,OM190,uncultured bacterium,,,
seq2426,Bacteria,Bacteroidota,Bacteroidia,Chitinophagales,Chitinophagaceae,Taibaiella,Taibaiella sp.
seq2427,Bacteria,Planctomycetota,Phycisphaerae,Tepidisphaerales,WD2101 soil group,uncultured soil bacterium,
seq2428,Bacteria,Bacteroidota,Bacteroidia,Cytophagales,Spirosomaceae,Larkinella,uncultured bacterium
seq2429,Bacteria,Chloroflexi,Anaerolineae,Caldilineales,Caldilineaceae,uncultured,uncultured bacterium
seq2430,Bacteria,Bacteroidota,Bacteroidia,Cytophagales,Microscillaceae,uncultured,uncultured soil bacterium
seq2431,Bacteria,Planctomycetota,Planctomycetes,Pirellulales,Pirellulaceae,Pir4 lineage,uncultured bacterium
seq2432,Bacteria,Proteobacteria,Alphaproteobacteria,Reyranellales,Reyranellaceae,Reyranella,uncultured bacterium
seq2433,Bacteria,Actinobacteriota,Acidimicrobiia,Microtrichales,Ilumatobacteraceae,uncultured,uncultured bacterium
seq2434,Bacteria,Chloroflexi,Anaerolineae,Caldilineales,Caldilineaceae,uncultured,uncultured bacterium
seq2435,Bacteria,Actinobacteriota,Actinobacteria,Propionibacteriales,Nocardioidaceae,Aeromicrobium,uncultured bacterium
seq2436,ML_predicted_Phylum: Bacteroidota,,,,,,
seq2437,Bacteria,Acidobacteriota,Blastocatellia,Blastocatellales,Blastocatellaceae,Stenotrophobacter,uncultured Acidobacteria bacterium
seq2438,Bacteria,Bacteroidota,Bacteroidia,Chitinophagales,Chitinophagaceae,uncultured,uncultured bacterium
seq2439,Bacteria,Verrucomicrobiota,Verrucomicrobiae,Opitutales,Opitutaceae,Opitutus,metagenome
seq2440,Bacteria,Acidobacteriota,Vicinamibacteria,Vicinamibacterales,uncultured,uncultured Acidobacteria bacterium,
seq2441,Bacteria,Actinobacteriota,Thermoleophilia,Solirubrobacterales,67-14,uncultured bacterium,
seq2442,Bacteria,Acidobacteriota,Blastocatellia,Pyrinomonadales,Pyrinomonadaceae,RB41,metagenome
seq2443,Bacteria,Proteobacteria,Alphaproteobacteria,Sphingomonadales,Sphingomonadaceae,Altererythrobacter,uncultured bacterium
seq2444,Bacteria,Planctomycetota,Planctomycetes,Pirellulales,Pirellulaceae,uncultured,uncultured forest soil bacterium
seq2445,Bacteria,Verrucomicrobiota,Verrucomicrobiae,Pedosphaerales,Pedosphaeraceae,uncultured,uncultured Desulfovibrio sp.
seq2446,Bacteria,Acidobacteriota,Vicinamibacteria,Vicinamibacterales,Vicinamibacteraceae,uncultured bacterium,
seq2447,ML_predicted_Phylum: Actinobacteriota,,,,,,
seq2448,Bacteria,Planctomycetota,Planctomycetes,Gemmatales,Gemmataceae,uncultured,uncultured bacterium
seq2449,Bacteria,Proteobacteria,Alphaproteobacteria,Rhizobiales,Xanthobacteraceae,uncultured,uncultured forest soil bacterium
seq2450,Bacteria,Planctomycetota,Planctomycetes,Pirellulales,Pirellulaceae,Pirellula,uncultured bacterium
seq2451,Bacteria,Entotheonellaeota,Entotheonellia,Entotheonellales,Entotheonellaceae,Candidatus Entotheonella,uncultured bacterium
seq2452,Bacteria,Acidobacteriota,Vicinamibacteria,Vicinamibacterales,Vicinamibacteraceae,uncultured bacterium,
seq2453,Bacteria,Proteobacteria,Gammaproteobacteria,Xanthomonadales,Xanthomonadaceae,Arenimonas,uncultured bacterium
seq2454,Bacteria,Planctomycetota,Planctomycetes,Gemmatales,Gemmataceae,uncultured,uncultured bacterium
seq2455,Bacteria,Acidobacteriota,Blastocatellia,Blastocatellales,Blastocatellaceae,Blastocatella,uncultured bacterium
seq2456,Bacteria,Acidobacteriota,Blastocatellia,Pyrinomonadales,Pyrinomonadaceae,RB41,uncultured Acidobacteria bacterium
seq2457,Bacteria,Bacteroidota,Bacteroidia,Sphingobacteriales,Sphingobacteriaceae,Mucilaginibacter,Mucilaginibacter sp. L356
seq2458,Bacteria,Acidobacteriota,Vicinamibacteria,Vicinamibacterales,Vicinamibacteraceae,uncultured Acidobacteria bacterium,
seq2459,Bacteria,Planctomycetota,Planctomycetes,Gemmatales,Gemmataceae,uncultured,uncultured bacterium
seq2460,Bacteria,Bacteroidota,Bacteroidia,Chitinophagales,Chitinophagaceae,Edaphobaculum,uncultured bacterium
seq2461,ML_predicted_Phylum: Bacteroidota,,,,,,
seq2462,Bacteria,Chloroflexi,KD4-96,uncultured bacterium,,,
seq2463,Bacteria,Myxococcota,Polyangia,Polyangiales,BIrii41,uncultured bacterium,
seq2464,Bacteria,Verrucomicrobiota,Verrucomicrobiae,Verrucomicrobiales,Verrucomicrobiaceae,uncultured,uncultured verrucomicrobium DEV009
seq2465,Bacteria,Proteobacteria,Gammaproteobacteria,Burkholderiales,TRA3-20,uncultured bacterium,
seq2466,Bacteria,Proteobacteria,Alphaproteobacteria,Caulobacterales,Hyphomonadaceae,Hirschia,metagenome
seq2467,Bacteria,Acidobacteriota,Blastocatellia,Pyrinomonadales,Pyrinomonadaceae,RB41,uncultured bacterium
seq2468,Bacteria,Verrucomicrobiota,Verrucomicrobiae,Chthoniobacterales,Chthoniobacteraceae,Chthoniobacter,metagenome
seq2469,Bacteria,Bacteroidota,Bacteroidia,Chitinophagales,Chitinophagaceae,Ferruginibacter,uncultured bacterium
seq2470,Bacteria,Chloroflexi,Dehalococcoidia,S085,uncultured bacterium,,
seq2471,Bacteria,Acidobacteriota,Vicinamibacteria,Vicinamibacterales,uncultured,uncultured bacterium,
seq2472,ML_predicted_Phylum: Bacteroidota,,,,,,
seq2473,Bacteria,Verrucomicrobiota,Verrucomicrobiae,Pedosphaerales,Pedosphaeraceae,ADurb.Bin063-1,uncultured bacterium
seq2474,ML_predicted_Phylum: Gemmatimonadota,,,,,,
seq2475,Bacteria,Gemmatimonadota,Gemmatimonadetes,Gemmatimonadales,Gemmatimonadaceae,Gemmatimonas,uncultured bacterium
seq2476,Bacteria,Armatimonadota,Fimbriimonadia,Fimbriimonadales,Fimbriimonadaceae,uncultured bacterium,
seq2477,Bacteria,Bacteroidota,Bacteroidia,Cytophagales,Cyclobacteriaceae,uncultured,uncultured Sphingobacteriales bacterium
seq2478,Bacteria,Bacteroidota,Bacteroidia,Chitinophagales,Saprospiraceae,uncultured,uncultured Sphingobacteriales bacterium
seq2479,Bacteria,Actinobacteriota,Thermoleophilia,Solirubrobacterales,67-14,uncultured bacterium,
seq2480,ML_predicted_Phylum: Verrucomicrobiota,,,,,,
seq2481,Bacteria,Planctomycetota,Phycisphaerae,Tepidisphaerales,WD2101 soil group,uncultured bacterium,
seq2482,Bacteria,Planctomycetota,Planctomycetes,Pirellulales,Pirellulaceae,Pirellula,uncultured Planctomycetaceae bacterium
seq2483,Bacteria,Acidobacteriota,Blastocatellia,Pyrinomonadales,Pyrinomonadaceae,RB41,uncultured Acidobacteria bacterium
seq2484,Bacteria,Acidobacteriota,Subgroup 5,uncultured Acidobacteria bacterium,,,
seq2485,Bacteria,Proteobacteria,Gammaproteobacteria,Burkholderiales,TRA3-20,uncultured Alcaligenaceae bacterium,
seq2486,Bacteria,Acidobacteriota,Vicinamibacteria,Vicinamibacterales,uncultured,uncultured Acidobacteria bacterium,
seq2487,Bacteria,Actinobacteriota,Thermoleophilia,Solirubrobacterales,Solirubrobacteraceae,uncultured,uncultured actinobacterium
seq2488,Bacteria,Planctomycetota,Planctomycetes,Pirellulales,Pirellulaceae,Pirellula,uncultured bacterium
seq2489,Bacteria,Actinobacteriota,Acidimicrobiia,Microtrichales,uncultured,uncultured bacterium,
seq2490,Bacteria,Acidobacteriota,Blastocatellia,Pyrinomonadales,Pyrinomonadaceae,RB41,uncultured bacterium
seq2491,ML_predicted_Phylum: Patescibacteria,,,,,,
seq2492,Bacteria,Gemmatimonadota,Gemmatimonadetes,Gemmatimonadales,Gemmatimonadaceae,uncultured,uncultured bacterium
seq2493,Bacteria,Bacteroidota,Bacteroidia,Chitinophagales,Chitinophagaceae,Edaphobaculum,uncultured bacterium
seq2494,Bacteria,Bacteroidota,Bacteroidia,Sphingobacteriales,KD3-93,uncultured bacterium,
seq2495,ML_predicted_Phylum: Patescibacteria,,,,,,
seq2496,Bacteria,Patescibacteria,Saccharimonadia,Saccharimonadales,LWQ8,uncultured bacterium,
seq2497,Bacteria,Verrucomicrobiota,Verrucomicrobiae,Pedosphaerales,Pedosphaeraceae,uncultured bacterium,
seq2498,Bacteria,Planctomycetota,Planctomycetes,Planctomycetales,Rubinisphaeraceae,SH-PL14,uncultured bacterium
seq2499,Bacteria,Bacteroidota,Bacteroidia,Sphingobacteriales,env.OPS 17,uncultured soil bacterium,
seq2500,Bacteria,Bacteroidota,Bacteroidia,Sphingobacteriales,Sphingobacteriaceae,Pedobacter,Sphingobacteriaceae bacterium 14D
seq2501,Bacteria,Bacteroidota,Bacteroidia,Cytophagales,Microscillaceae,Ohtaekwangia,uncultured Bacteroidetes bacterium
seq2502,Bacteria,Proteobacteria,Alphaproteobacteria,Elsterales,uncultured,uncultured bacterium,
seq2503,Bacteria,Planctomycetota,Planctomycetes,Planctomycetales,Schlesneriaceae,Schlesneria,uncultured bacterium
seq2504,Archaea,Crenarchaeota,Nitrososphaeria,Nitrososphaerales,Nitrososphaeraceae,uncultured crenarchaeote,
seq2505,Bacteria,Myxococcota,bacteriap25,uncultured bacterium,,,
seq2506,Bacteria,Acidobacteriota,Blastocatellia,Pyrinomonadales,Pyrinomonadaceae,RB41,uncultured bacterium
seq2507,Bacteria,Proteobacteria,Alphaproteobacteria,Rickettsiales,Mitochondria,Diplostephium hartwegii,
seq2508,Bacteria,Acidobacteriota,Acidobacteriae,Acidobacteriales,Acidobacteriaceae (Subgroup 1),Edaphobacter,bacterium Ellin337
seq2509,Archaea,Crenarchaeota,Nitrososphaeria,Nitrososphaerales,Nitrososphaeraceae,uncultured crenarchaeote,
seq2510,Bacteria,Planctomycetota,Planctomycetes,Pirellulales,Pirellulaceae,Pir4 lineage,metagenome
seq2511,Bacteria,Planctomycetota,Planctomycetes,Pirellulales,Pirellulaceae,Pir4 lineage,uncultured Planctomycetaceae bacterium
seq2512,Bacteria,Bacteroidota,Bacteroidia,Cytophagales,Spirosomaceae,Dyadobacter,Dyadobacter sp. hp19
seq2513,ML_predicted_Phylum: Actinobacteriota,,,,,,
seq2514,Bacteria,Acidobacteriota,Thermoanaerobaculia,Thermoanaerobaculales,Thermoanaerobaculaceae,Subgroup 10,uncultured bacterium
seq2515,Bacteria,Acidobacteriota,Acidobacteriae,Bryobacterales,Bryobacteraceae,Bryobacter,metagenome
seq2516,Bacteria,Dependentiae,Babeliae,Babeliales,Vermiphilaceae,uncultured soil bacterium,
seq2517,Bacteria,Proteobacteria,Alphaproteobacteria,Rhizobiales,Xanthobacteraceae,uncultured,alpha proteobacterium KC-IT-W1
seq2518,Bacteria,Proteobacteria,Alphaproteobacteria,Rhizobiales,Xanthobacteraceae,Bradyrhizobium,Bradyrhizobium sp. CP1(2014)
seq2519,Bacteria,Bacteroidota,Bacteroidia,Chitinophagales,Chitinophagaceae,uncultured,uncultured Bacteroidetes bacterium
seq2520,Bacteria,Verrucomicrobiota,Verrucomicrobiae,Pedosphaerales,Pedosphaeraceae,uncultured bacterium,
seq2521,Bacteria,Myxococcota,Polyangia,Polyangiales,Sandaracinaceae,uncultured,uncultured bacterium
seq2522,Bacteria,Proteobacteria,Gammaproteobacteria,Gammaproteobacteria Incertae Sedis,Unknown Family,Acidibacter,uncultured bacterium
seq2523,Bacteria,Verrucomicrobiota,Verrucomicrobiae,Chthoniobacterales,Chthoniobacteraceae,Candidatus Udaeobacter,uncultured bacterium
seq2524,Bacteria,Planctomycetota,Phycisphaerae,Tepidisphaerales,WD2101 soil group,uncultured bacterium,
seq2525,Bacteria,Proteobacteria,Gammaproteobacteria,Burkholderiales,Burkholderiaceae,Lautropia,uncultured bacterium
seq2526,Bacteria,Chloroflexi,KD4-96,uncultured bacterium,,,
seq2527,Bacteria,Planctomycetota,Planctomycetes,Pirellulales,Pirellulaceae,Pirellula,uncultured bacterium
seq2528,Archaea,Crenarchaeota,Nitrososphaeria,Nitrososphaerales,Nitrososphaeraceae,uncultured archaeon,
seq2529,Bacteria,Verrucomicrobiota,Verrucomicrobiae,Pedosphaerales,Pedosphaeraceae,uncultured bacterium,
seq2530,Bacteria,Actinobacteriota,Thermoleophilia,Gaiellales,uncultured,uncultured bacterium,
seq2531,Bacteria,Planctomycetota,Planctomycetes,Gemmatales,Gemmataceae,Gemmata,uncultured bacterium
seq2532,Bacteria,Acidobacteriota,Blastocatellia,Blastocatellales,Blastocatellaceae,Aridibacter,uncultured bacterium
seq2533,Bacteria,Proteobacteria,Gammaproteobacteria,Burkholderiales,A21b,uncultured bacterium,
seq2534,Bacteria,Actinobacteriota,Acidimicrobiia,Actinomarinales,uncultured,uncultured bacterium,
seq2535,Bacteria,Myxococcota,Polyangia,Polyangiales,BIrii41,uncultured bacterium,
seq2536,Bacteria,Patescibacteria,Saccharimonadia,Saccharimonadales,uncultured bacterium,,
seq2537,Bacteria,Acidobacteriota,Blastocatellia,Pyrinomonadales,Pyrinomonadaceae,RB41,uncultured bacterium
seq2538,Bacteria,Verrucomicrobiota,Verrucomicrobiae,Chthoniobacterales,Chthoniobacteraceae,Candidatus Udaeobacter,uncultured bacterium
seq2539,Bacteria,Actinobacteriota,Acidimicrobiia,Microtrichales,Ilumatobacteraceae,Ilumatobacter,uncultured Actinomycetales bacterium
seq2540,Unclassified,,,,,,
seq2541,Bacteria,Bacteroidota,Bacteroidia,Sphingobacteriales,Sphingobacteriaceae,Pedobacter,Pedobacter oryzae DSM 19973
seq2542,Bacteria,Acidobacteriota,Vicinamibacteria,Vicinamibacterales,uncultured,uncultured Acidobacteria bacterium,
seq2543,Bacteria,Actinobacteriota,Thermoleophilia,Solirubrobacterales,67-14,uncultured bacterium,
seq2544,Bacteria,Bacteroidota,Bacteroidia,Flavobacteriales,Flavobacteriaceae,Flavobacterium,uncultured bacterium
seq2545,Bacteria,Bacteroidota,Bacteroidia,Sphingobacteriales,Sphingobacteriaceae,Pedobacter,uncultured bacterium
seq2546,Bacteria,Patescibacteria,Saccharimonadia,Saccharimonadales,uncultured bacterium,,
seq2547,Bacteria,Actinobacteriota,Thermoleophilia,Solirubrobacterales,Solirubrobacteraceae,Solirubrobacter,uncultured bacterium
seq2548,Bacteria,Planctomycetota,Planctomycetes,Pirellulales,Pirellulaceae,Pirellula,uncultured bacterium
seq2549,Bacteria,Verrucomicrobiota,Verrucomicrobiae,Chthoniobacterales,Chthoniobacteraceae,Candidatus Udaeobacter,uncultured bacterium
seq2550,Bacteria,Bacteroidota,Bacteroidia,Chitinophagales,Chitinophagaceae,Niastella,uncultured bacterium
seq2551,Bacteria,Actinobacteriota,Actinobacteria,Micromonosporales,Micromonosporaceae,Micromonospora,Micromonospora purpureochromogenes
seq2552,Unclassified,,,,,,
seq2553,Bacteria,Firmicutes,Bacilli,Bacillales,Planococcaceae,Solibacillus,Solibacillus silvestris
seq2554,Bacteria,Myxococcota,bacteriap25,uncultured bacterium,,,
seq2555,Bacteria,Methylomirabilota,Methylomirabilia,Rokubacteriales,uncultured Firmicutes bacterium,,
seq2556,Bacteria,Proteobacteria,Alphaproteobacteria,Rhizobiales,Xanthobacteraceae,Rhodoplanes,uncultured bacterium
seq2557,Bacteria,Myxococcota,bacteriap25,uncultured bacterium,,,
seq2558,Bacteria,Actinobacteriota,Thermoleophilia,Gaiellales,uncultured,uncultured bacterium,
seq2559,Bacteria,Planctomycetota,Phycisphaerae,Tepidisphaerales,WD2101 soil group,uncultured soil bacterium,
seq2560,Bacteria,Actinobacteriota,Thermoleophilia,Gaiellales,uncultured,uncultured bacterium,
seq2561,Bacteria,Bacteroidota,Bacteroidia,Sphingobacteriales,env.OPS 17,uncultured bacterium,
seq2562,Bacteria,Actinobacteriota,Actinobacteria,Frankiales,Geodermatophilaceae,Blastococcus,uncultured bacterium
seq2563,Bacteria,Acidobacteriota,Vicinamibacteria,Vicinamibacterales,Vicinamibacteraceae,Vicinamibacter,Vicinamibacter silvestris
seq2564,Bacteria,Verrucomicrobiota,Verrucomicrobiae,Verrucomicrobiales,Verrucomicrobiaceae,Roseimicrobium,metagenome
seq2565,Bacteria,Verrucomicrobiota,Verrucomicrobiae,Pedosphaerales,Pedosphaeraceae,uncultured bacterium,
seq2566,Unclassified,,,,,,
seq2567,Bacteria,Acidobacteriota,Acidobacteriae,Solibacterales,Solibacteraceae,Candidatus Solibacter,uncultured bacterium
seq2568,Archaea,Crenarchaeota,Nitrososphaeria,Nitrososphaerales,Nitrososphaeraceae,uncultured crenarchaeote,
seq2569,Archaea,Crenarchaeota,Nitrososphaeria,Nitrososphaerales,Nitrososphaeraceae,uncultured crenarchaeote,
seq2570,Bacteria,Firmicutes,Bacilli,Bacillales,Planococcaceae,Lysinibacillus,Bacillus sp. TSWCSN5
seq2571,Bacteria,Verrucomicrobiota,Verrucomicrobiae,Pedosphaerales,Pedosphaeraceae,uncultured bacterium,
seq2572,Bacteria,Verrucomicrobiota,Verrucomicrobiae,Opitutales,Opitutaceae,uncultured,metagenome
seq2573,Bacteria,Actinobacteriota,Thermoleophilia,Gaiellales,Gaiellaceae,Gaiella,uncultured bacterium
seq2574,Bacteria,Proteobacteria,Gammaproteobacteria,CCD24,uncultured bacterium,,
seq2575,Bacteria,Verrucomicrobiota,Verrucomicrobiae,Pedosphaerales,Pedosphaeraceae,uncultured Verrucomicrobia bacterium,
seq2576,Bacteria,Proteobacteria,Gammaproteobacteria,Xanthomonadales,Xanthomonadaceae,Luteimonas,uncultured Luteimonas sp.
seq2577,Bacteria,Chloroflexi,TK10,uncultured bacterium,,,
seq2578,ML_predicted_Phylum: Acidobacteriota,,,,,,
seq2579,Bacteria,Myxococcota,Polyangia,Polyangiales,Sandaracinaceae,uncultured,uncultured Polyangiaceae bacterium
seq2580,Bacteria,Actinobacteriota,Thermoleophilia,Gaiellales,Gaiellaceae,Gaiella,uncultured bacterium
seq2581,Bacteria,Acidobacteriota,Vicinamibacteria,Vicinamibacterales,uncultured,uncultured bacterium,
seq2582,Bacteria,Actinobacteriota,Acidimicrobiia,Microtrichales,Ilumatobacteraceae,CL500-29 marine group,uncultured bacterium
seq2583,Bacteria,Bacteroidota,Bacteroidia,Chitinophagales,Chitinophagaceae,Ferruginibacter,uncultured bacterium
seq2584,Bacteria,Acidobacteriota,Vicinamibacteria,Vicinamibacterales,Vicinamibacteraceae,uncultured Acidobacteria bacterium,
seq2585,Bacteria,Actinobacteriota,Actinobacteria,Micrococcales,Microbacteriaceae,Leifsonia,Leifsonia sp.
seq2586,Bacteria,Actinobacteriota,Thermoleophilia,Solirubrobacterales,Solirubrobacteraceae,Conexibacter,metagenome
seq2587,Bacteria,Chloroflexi,Anaerolineae,Caldilineales,Caldilineaceae,uncultured,uncultured bacterium
seq2588,Bacteria,Bacteroidota,Bacteroidia,Cytophagales,Cytophagaceae,Rhodocytophaga,uncultured bacterium
seq2589,Bacteria,Proteobacteria,Gammaproteobacteria,PLTA13,uncultured bacterium,,
seq2590,Bacteria,Acidobacteriota,Blastocatellia,Pyrinomonadales,Pyrinomonadaceae,RB41,uncultured bacterium
seq2591,Bacteria,Myxococcota,bacteriap25,uncultured bacterium,,,
seq2592,Bacteria,Actinobacteriota,Actinobacteria,Micrococcales,Micrococcaceae,Arthrobacter,Arthrobacter ramosus
seq2593,Bacteria,Actinobacteriota,Actinobacteria,Propionibacteriales,Propionibacteriaceae,uncultured,uncultured bacterium
seq2594,Bacteria,Chloroflexi,KD4-96,uncultured bacterium,,,
seq2595,Bacteria,Firmicutes,Bacilli,Bacillales,Bacillaceae,Bacillus,Bacillus sp. R-10919
seq2596,Bacteria,Acidobacteriota,Vicinamibacteria,Vicinamibacterales,Vicinamibacteraceae,uncultured,uncultured bacterium
seq2597,Bacteria,Myxococcota,bacteriap25,uncultured bacterium,,,
seq2598,Bacteria,Bacteroidota,Bacteroidia,Chitinophagales,Chitinophagaceae,uncultured,uncultured Chitinophagaceae bacterium
seq2599,Unclassified,,,,,,
seq2600,Bacteria,Acidobacteriota,Vicinamibacteria,Vicinamibacterales,uncultured,uncultured bacterium,
seq2601,Bacteria,Proteobacteria,Gammaproteobacteria,Burkholderiales,Nitrosomonadaceae,Ellin6067,uncultured bacterium
seq2602,Bacteria,Actinobacteriota,Thermoleophilia,uncultured,uncultured bacterium,,
seq2603,Bacteria,Planctomycetota,Pla4 lineage,metagenome,,,
seq2604,Bacteria,Myxococcota,Polyangia,Haliangiales,Haliangiaceae,Haliangium,uncultured bacterium
seq2605,Bacteria,Myxococcota,bacteriap25,uncultured bacterium,,,
seq2606,Bacteria,Proteobacteria,Alphaproteobacteria,Rhizobiales,Xanthobacteraceae,Bradyrhizobium,Bradyrhizobium sp. CP1(2014)
seq2607,Bacteria,Actinobacteriota,Rubrobacteria,Rubrobacterales,Rubrobacteriaceae,Rubrobacter,uncultured bacterium
seq2608,Bacteria,Proteobacteria,Gammaproteobacteria,Burkholderiales,Nitrosomonadaceae,MND1,uncultured bacterium
seq2609,Bacteria,Patescibacteria,Saccharimonadia,Saccharimonadales,uncultured bacterium,,
seq2610,Bacteria,Verrucomicrobiota,Verrucomicrobiae,Pedosphaerales,Pedosphaeraceae,ADurb.Bin063-1,uncultured bacterium
seq2611,Bacteria,Patescibacteria,Saccharimonadia,Saccharimonadales,uncultured bacterium,,
seq2612,Bacteria,Myxococcota,bacteriap25,uncultured bacterium,,,
seq2613,Bacteria,Planctomycetota,Planctomycetes,Planctomycetales,Schlesneriaceae,Schlesneria,uncultured bacterium
seq2614,Bacteria,Acidobacteriota,Vicinamibacteria,Subgroup 17,uncultured bacterium,,
seq2615,Bacteria,Actinobacteriota,Actinobacteria,Frankiales,Sporichthyaceae,Sporichthya,Sporichthya brevicatena
seq2616,Bacteria,Actinobacteriota,Acidimicrobiia,Microtrichales,uncultured,uncultured bacterium,
seq2617,Bacteria,Planctomycetota,Planctomycetes,Gemmatales,Gemmataceae,uncultured,uncultured bacterium
seq2618,Bacteria,Myxococcota,Polyangia,Haliangiales,Haliangiaceae,Haliangium,uncultured Nannocystineae bacterium
seq2619,Archaea,Crenarchaeota,Nitrososphaeria,Nitrososphaerales,Nitrososphaeraceae,uncultured crenarchaeote,
seq2620,Bacteria,Planctomycetota,Phycisphaerae,Phycisphaerales,Phycisphaeraceae,CL500-3,uncultured bacterium
seq2621,Bacteria,Bacteroidota,Bacteroidia,Chitinophagales,Chitinophagaceae,Segetibacter,uncultured bacterium
seq2622,Bacteria,Actinobacteriota,Acidimicrobiia,Microtrichales,Ilumatobacteraceae,uncultured,uncultured actinobacterium
seq2623,Bacteria,Verrucomicrobiota,Verrucomicrobiae,Verrucomicrobiales,Rubritaleaceae,Luteolibacter,uncultured bacterium
seq2624,Bacteria,Verrucomicrobiota,Verrucomicrobiae,Chthoniobacterales,Xiphinematobacteraceae,Candidatus Xiphinematobacter,uncultured bacterium
seq2625,Bacteria,Cyanobacteria,Cyanobacteriia,Chloroplast,uncultured bacterium,,
seq2626,Bacteria,Bacteroidota,Bacteroidia,Chitinophagales,Saprospiraceae,uncultured,uncultured Haliscomenobacter sp.
seq2627,Bacteria,Acidobacteriota,Subgroup 5,uncultured bacterium,,,
seq2628,Bacteria,Actinobacteriota,Thermoleophilia,Solirubrobacterales,Solirubrobacteraceae,Conexibacter,metagenome
seq2629,Archaea,Crenarchaeota,Nitrososphaeria,Nitrososphaerales,Nitrososphaeraceae,Candidatus Nitrocosmicus,uncultured archaeon
seq2630,Bacteria,Verrucomicrobiota,Verrucomicrobiae,Opitutales,Opitutaceae,Opitutus,uncultured bacterium
seq2631,Bacteria,Proteobacteria,Alphaproteobacteria,Rhizobiales,Xanthobacteraceae,uncultured,uncultured bacterium
seq2632,Bacteria,Actinobacteriota,Thermoleophilia,Solirubrobacterales,67-14,uncultured bacterium,
seq2633,Bacteria,Armatimonadota,Fimbriimonadia,Fimbriimonadales,Fimbriimonadaceae,uncultured bacterium,
seq2634,Bacteria,Bacteroidota,Bacteroidia,Chitinophagales,37-13,uncultured bacterium,
seq2635,Bacteria,Proteobacteria,Alphaproteobacteria,Sphingomonadales,Sphingomonadaceae,Sphingomonas,Sphingomonas sp. VITPRS9
seq2636,Bacteria,Actinobacteriota,Rubrobacteria,Rubrobacterales,Rubrobacteriaceae,Rubrobacter,metagenome
seq2637,Bacteria,Actinobacteriota,Thermoleophilia,Solirubrobacterales,67-14,uncultured actinobacterium,
seq2638,Bacteria,Proteobacteria,Alphaproteobacteria,Tistrellales,Geminicoccaceae,uncultured,uncultured bacterium
seq2639,Bacteria,Acidobacteriota,Vicinamibacteria,Vicinamibacterales,Vicinamibacteraceae,uncultured Acidobacteriales bacterium,
seq2640,Bacteria,Actinobacteriota,Thermoleophilia,Solirubrobacterales,67-14,uncultured bacterium,
seq2641,Unclassified,,,,,,
seq2642,Bacteria,Planctomycetota,Planctomycetes,Pirellulales,Pirellulaceae,Pirellula,uncultured bacterium
seq2643,Bacteria,Actinobacteriota,Thermoleophilia,Solirubrobacterales,Solirubrobacteraceae,Solirubrobacter,Solirubrobacter ginsenosidimutans
seq2644,Bacteria,Desulfobacterota,uncultured,uncultured bacterium,,,
seq2645,Bacteria,Proteobacteria,Alphaproteobacteria,Rhizobiales,Beijerinckiaceae,uncultured,uncultured bacterium
seq2646,ML_predicted_Phylum: Myxococcota,,,,,,
seq2647,Bacteria,Actinobacteriota,Actinobacteria,Micromonosporales,Micromonosporaceae,Actinoplanes,Actinoplanes brasiliensis
seq2648,Bacteria,Patescibacteria,Saccharimonadia,Saccharimonadales,LWQ8,uncultured Candidatus Saccharibacteria bacterium,
seq2649,Bacteria,Acidobacteriota,Blastocatellia,Pyrinomonadales,Pyrinomonadaceae,RB41,uncultured bacterium
seq2650,Bacteria,Actinobacteriota,Actinobacteria,Frankiales,Geodermatophilaceae,Geodermatophilus,uncultured bacterium
seq2651,Bacteria,Bacteroidota,Bacteroidia,Sphingobacteriales,AKYH767,uncultured bacterium,
seq2652,Bacteria,Acidobacteriota,Blastocatellia,Pyrinomonadales,Pyrinomonadaceae,RB41,uncultured bacterium
seq2653,Bacteria,Acidobacteriota,Acidobacteriae,Bryobacterales,Bryobacteraceae,Bryobacter,uncultured Acidobacteria bacterium
seq2654,ML_predicted_Phylum: Planctomycetota,,,,,,
seq2655,Bacteria,Proteobacteria,Alphaproteobacteria,Rhizobiales,Hyphomicrobiaceae,Hyphomicrobium,uncultured bacterium
seq2656,Bacteria,Proteobacteria,Gammaproteobacteria,Burkholderiales,Sutterellaceae,uncultured,uncultured beta proteobacterium
seq2657,Bacteria,Firmicutes,Bacilli,Bacillales,Bacillaceae,Oceanobacillus,Oceanobacillus sp. CAU 10116
seq2658,Bacteria,Acidobacteriota,Subgroup 11,uncultured bacterium,,,
seq2659,Bacteria,Acidobacteriota,Vicinamibacteria,Vicinamibacterales,uncultured bacterium,,
seq2660,Bacteria,Bacteroidota,Bacteroidia,Chitinophagales,Chitinophagaceae,Parafilimonas,uncultured bacterium
seq2661,Bacteria,Planctomycetota,Planctomycetes,Pirellulales,Pirellulaceae,uncultured,uncultured bacterium
seq2662,Unclassified,,,,,,
seq2663,Bacteria,Gemmatimonadota,Gemmatimonadetes,Gemmatimonadales,Gemmatimonadaceae,Gemmatimonas,uncultured bacterium
seq2664,Bacteria,Actinobacteriota,Acidimicrobiia,Microtrichales,uncultured,uncultured bacterium,
seq2665,Bacteria,Actinobacteriota,Thermoleophilia,Solirubrobacterales,67-14,uncultured bacterium,
seq2666,Bacteria,Actinobacteriota,Acidimicrobiia,IMCC26256,uncultured bacterium,,
seq2667,Bacteria,Acidobacteriota,Vicinamibacteria,Vicinamibacterales,uncultured,uncultivated soil bacterium clone C028,
seq2668,Bacteria,Myxococcota,bacteriap25,uncultured bacterium,,,
seq2669,Bacteria,Acidobacteriota,Blastocatellia,Pyrinomonadales,Pyrinomonadaceae,RB41,uncultured Acidobacteria bacterium
seq2670,Bacteria,Actinobacteriota,Thermoleophilia,Gaiellales,uncultured,uncultured bacterium,
seq2671,Bacteria,Myxococcota,Polyangia,Haliangiales,Haliangiaceae,Haliangium,uncultured bacterium
seq2672,Bacteria,Bacteroidota,Bacteroidia,Chitinophagales,Chitinophagaceae,uncultured,metagenome
seq2673,Bacteria,Acidobacteriota,Blastocatellia,Pyrinomonadales,Pyrinomonadaceae,RB41,uncultured bacterium
seq2674,Bacteria,Actinobacteriota,Actinobacteria,Propionibacteriales,Propionibacteriaceae,Microlunatus,uncultured bacterium
seq2675,Bacteria,Proteobacteria,Alphaproteobacteria,Sphingomonadales,Sphingomonadaceae,Sphingomonas,Sphingomonas sp. Cra17
seq2676,Bacteria,Bacteroidota,Bacteroidia,Chitinophagales,Chitinophagaceae,Ferruginibacter,uncultured bacterium
seq2677,Bacteria,Actinobacteriota,Actinobacteria,Micrococcales,Microbacteriaceae,Lysinimonas,Lysinimonas soli
seq2678,Bacteria,Myxococcota,Polyangia,Nannocystales,Nannocystaceae,Nannocystis,uncultured bacterium
seq2679,Bacteria,Proteobacteria,Alphaproteobacteria,Rhizobiales,Rhizobiaceae,Mesorhizobium,Mesorhizobium amorphae
seq2680,Bacteria,Acidobacteriota,Thermoanaerobaculia,Thermoanaerobaculales,Thermoanaerobaculaceae,Subgroup 10,uncultured soil bacterium
seq2681,Bacteria,Actinobacteriota,Thermoleophilia,Solirubrobacterales,Solirubrobacteraceae,Conexibacter,Rubrobacterineae bacterium BR7-21
seq2682,Bacteria,Proteobacteria,Gammaproteobacteria,Burkholderiales,TRA3-20,uncultured beta proteobacterium,
seq2683,Bacteria,Acidobacteriota,Vicinamibacteria,Vicinamibacterales,Vicinamibacteraceae,uncultured Acidobacteriales bacterium,
seq2684,Bacteria,Bacteroidota,Bacteroidia,Chitinophagales,Chitinophagaceae,uncultured,uncultured bacterium
seq2685,Archaea,Crenarchaeota,Nitrososphaeria,Nitrososphaerales,Nitrososphaeraceae,uncultured crenarchaeote,
seq2686,Bacteria,Armatimonadota,uncultured,uncultured bacterium,,,
seq2687,Bacteria,Bacteroidota,Bacteroidia,Cytophagales,Microscillaceae,Chryseolinea,uncultured bacterium
seq2688,Bacteria,Chloroflexi,Anaerolineae,Caldilineales,Caldilineaceae,uncultured,uncultured bacterium
seq2689,Bacteria,Bacteroidota,Bacteroidia,Chitinophagales,Saprospiraceae,uncultured,uncultured bacterium
seq2690,ML_predicted_Phylum: Verrucomicrobiota,,,,,,
seq2691,Bacteria,Actinobacteriota,Thermoleophilia,Solirubrobacterales,67-14,uncultured bacterium,
seq2692,Bacteria,Bacteroidota,Bacteroidia,Cytophagales,Microscillaceae,uncultured,uncultured bacterium
seq2693,Bacteria,Acidobacteriota,Blastocatellia,Pyrinomonadales,Pyrinomonadaceae,RB41,uncultured bacterium
seq2694,Bacteria,Actinobacteriota,Actinobacteria,Propionibacteriales,Nocardioidaceae,Kribbella,Kribbella sancticallisti
seq2695,Bacteria,Actinobacteriota,Actinobacteria,Propionibacteriales,Nocardioidaceae,Aeromicrobium,Aeromicrobium halocynthiae
seq2696,Bacteria,Bacteroidota,Bacteroidia,Cytophagales,Microscillaceae,uncultured,uncultured bacterium
seq2697,Bacteria,Acidobacteriota,Vicinamibacteria,Vicinamibacterales,Vicinamibacteraceae,uncultured Acidobacteria bacterium,
seq2698,Bacteria,Chloroflexi,TK10,metagenome,,,
seq2699,Bacteria,Actinobacteriota,Thermoleophilia,Solirubrobacterales,Solirubrobacteraceae,Solirubrobacter,uncultured bacterium
seq2700,Bacteria,Planctomycetota,OM190,uncultured bacterium,,,
seq2701,Bacteria,Planctomycetota,OM190,uncultured bacterium,,,
seq2702,Bacteria,Actinobacteriota,Actinobacteria,Micromonosporales,Micromonosporaceae,Asanoa,Asanoa hainanensis
seq2703,ML_predicted_Phylum: Bacteroidota,,,,,,
seq2704,Bacteria,Bacteroidota,Bacteroidia,Chitinophagales,Chitinophagaceae,Ferruginibacter,Sphingobacteriaceae bacterium enrichment culture clone hao06
seq2705,Bacteria,Acidobacteriota,Vicinamibacteria,Vicinamibacterales,Vicinamibacteraceae,uncultured bacterium,
seq2706,Bacteria,Myxococcota,bacteriap25,uncultured bacterium,,,
seq2707,Bacteria,Proteobacteria,Gammaproteobacteria,Burkholderiales,TRA3-20,uncultured bacterium,
seq2708,Bacteria,Proteobacteria,Alphaproteobacteria,uncultured,uncultured bacterium,,
seq2709,Bacteria,Acidobacteriota,Blastocatellia,Pyrinomonadales,Pyrinomonadaceae,RB41,uncultured bacterium
seq2710,Unclassified,,,,,,
seq2711,Bacteria,Bacteroidota,Bacteroidia,Chitinophagales,Chitinophagaceae,uncultured,uncultured bacterium
seq2712,Bacteria,Acidobacteriota,Acidobacteriae,Bryobacterales,Bryobacteraceae,Bryobacter,metagenome
seq2713,Bacteria,Bacteroidota,Bacteroidia,Cytophagales,Cytophagaceae,Cytophaga,uncultured bacterium
seq2714,Bacteria,Bacteroidota,Bacteroidia,Chitinophagales,Chitinophagaceae,Edaphobaculum,uncultured bacterium
seq2715,Bacteria,Actinobacteriota,Actinobacteria,Pseudonocardiales,Pseudonocardiaceae,Actinophytocola,Punica granatum (pomegranate)
seq2716,Bacteria,Proteobacteria,Gammaproteobacteria,Burkholderiales,Nitrosomonadaceae,MND1,uncultured bacterium
seq2717,ML_predicted_Phylum: Planctomycetota,,,,,,
seq2718,Bacteria,Proteobacteria,Gammaproteobacteria,Xanthomonadales,Xanthomonadaceae,Lysobacter,uncultured gamma proteobacterium
seq2719,Bacteria,Actinobacteriota,Rubrobacteria,Rubrobacterales,Rubrobacteriaceae,Rubrobacter,uncultured bacterium
seq2720,Bacteria,Bacteroidota,Bacteroidia,Chitinophagales,Saprospiraceae,uncultured,uncultured Haliscomenobacter sp.
seq2721,Bacteria,Proteobacteria,Gammaproteobacteria,Burkholderiales,Oxalobacteraceae,Massilia,Massilia sp.
seq2722,Bacteria,Actinobacteriota,Acidimicrobiia,IMCC26256,uncultured bacterium,,
seq2723,Bacteria,Bacteroidota,Bacteroidia,Cytophagales,Microscillaceae,Ohtaekwangia,uncultured bacterium
seq2724,Bacteria,Actinobacteriota,Thermoleophilia,Solirubrobacterales,Solirubrobacteraceae,Solirubrobacter,uncultured bacterium
seq2725,Bacteria,Verrucomicrobiota,Verrucomicrobiae,Verrucomicrobiales,Verrucomicrobiaceae,uncultured,uncultured bacterium
seq2726,ML_predicted_Phylum: Planctomycetota,,,,,,
seq2727,ML_predicted_Phylum: Bacteroidota,,,,,,
seq2728,Bacteria,Chloroflexi,Anaerolineae,SBR1031,A4b,uncultured Chloroflexi bacterium,
seq2729,Bacteria,Verrucomicrobiota,Verrucomicrobiae,Chthoniobacterales,Chthoniobacteraceae,Chthoniobacter,metagenome
seq2730,Bacteria,Actinobacteriota,Acidimicrobiia,Microtrichales,Ilumatobacteraceae,CL500-29 marine group,uncultured bacterium
seq2731,ML_predicted_Phylum: Cyanobacteria,,,,,,
seq2732,Bacteria,Elusimicrobiota,Lineage IIa,uncultured bacterium,,,
seq2733,Bacteria,Actinobacteriota,Actinobacteria,Micromonosporales,Micromonosporaceae,Actinoplanes,uncultured bacterium
seq2734,Bacteria,Chloroflexi,Anaerolineae,SBR1031,A4b,uncultured bacterium,
seq2735,Bacteria,Patescibacteria,Saccharimonadia,Saccharimonadales,YM_S32_TM7_50_20,uncultured bacterium,
seq2736,Bacteria,Proteobacteria,Gammaproteobacteria,Xanthomonadales,Xanthomonadaceae,Arenimonas,uncultured bacterium
seq2737,Bacteria,Proteobacteria,Alphaproteobacteria,Reyranellales,Reyranellaceae,Reyranella,uncultured bacterium
seq2738,ML_predicted_Phylum: Proteobacteria,,,,,,
seq2739,Unclassified,,,,,,
seq2740,Bacteria,Acidobacteriota,Blastocatellia,Blastocatellales,Blastocatellaceae,JGI 0001001-H03,uncultured bacterium
seq2741,Bacteria,Patescibacteria,Saccharimonadia,Saccharimonadales,uncultured bacterium,,
seq2742,Bacteria,Acidobacteriota,Vicinamibacteria,Vicinamibacterales,uncultured,uncultured Acidobacteria bacterium,
seq2743,Bacteria,Actinobacteriota,Thermoleophilia,Gaiellales,uncultured,uncultured bacterium,
seq2744,Bacteria,Proteobacteria,Alphaproteobacteria,Rhizobiales,Xanthobacteraceae,Rhodoplanes,metagenome
seq2745,Unclassified,,,,,,
seq2746,ML_predicted_Phylum: Verrucomicrobiota,,,,,,
seq2747,Bacteria,Myxococcota,Polyangia,Polyangiales,BIrii41,metagenome,
seq2748,ML_predicted_Phylum: Bacteroidota,,,,,,
seq2749,ML_predicted_Phylum: Bacteroidota,,,,,,
seq2750,Bacteria,Chloroflexi,Anaerolineae,SBR1031,A4b,uncultured bacterium,
seq2751,Bacteria,Actinobacteriota,Actinobacteria,Propionibacteriales,Nocardioidaceae,Nocardioides,Nocardioides dokdonensis
seq2752,Bacteria,Planctomycetota,Planctomycetes,Pirellulales,Pirellulaceae,Pirellula,uncultured bacterium
seq2753,Bacteria,Planctomycetota,Phycisphaerae,Tepidisphaerales,WD2101 soil group,uncultured bacterium,
seq2754,Bacteria,Bacteroidota,Bacteroidia,Chitinophagales,Chitinophagaceae,Terrimonas,Terrimonas sp.
seq2755,Bacteria,Bacteroidota,Bacteroidia,Cytophagales,Microscillaceae,Ohtaekwangia,uncultured bacterium
seq2756,Bacteria,Bacteroidota,Ignavibacteria,SJA-28,uncultured bacterium,,
seq2757,Bacteria,Planctomycetota,Planctomycetes,Pirellulales,Pirellulaceae,Pirellula,metagenome
seq2758,Bacteria,Bacteroidota,Bacteroidia,Sphingobacteriales,AKYH767,uncultured bacterium,
seq2759,Bacteria,Myxococcota,Polyangia,Polyangiales,BIrii41,uncultured bacterium,
seq2760,ML_predicted_Phylum: Planctomycetota,,,,,,
seq2761,Bacteria,Patescibacteria,Saccharimonadia,Saccharimonadales,uncultured Epsilonproteobacteria bacterium,,
seq2762,Bacteria,Proteobacteria,Alphaproteobacteria,Rhizobiales,Xanthobacteraceae,Rhodoplanes,uncultured Alphaproteobacteria bacterium
seq2763,Bacteria,Bacteroidota,Bacteroidia,Sphingobacteriales,NS11-12 marine group,uncultured bacterium,
seq2764,Bacteria,Verrucomicrobiota,Verrucomicrobiae,Chthoniobacterales,Chthoniobacteraceae,Candidatus Udaeobacter,unidentified eubacterium EA25
seq2765,Bacteria,Actinobacteriota,Thermoleophilia,Solirubrobacterales,67-14,uncultured bacterium,
seq2766,Bacteria,Acidobacteriota,Blastocatellia,Blastocatellales,Blastocatellaceae,uncultured,uncultured bacterium
seq2767,Bacteria,Bacteroidota,Bacteroidia,Chitinophagales,Chitinophagaceae,Edaphobaculum,uncultured bacterium
seq2768,Bacteria,Proteobacteria,Alphaproteobacteria,Sphingomonadales,Sphingomonadaceae,Sphingomonas,Sphingomonas sp.
seq2769,Bacteria,Entotheonellaeota,Entotheonellia,Entotheonellales,Entotheonellaceae,Candidatus Entotheonella,uncultured delta proteobacterium
seq2770,ML_predicted_Phylum: Bacteroidota,,,,,,
seq2771,Bacteria,Proteobacteria,Gammaproteobacteria,Burkholderiales,Comamonadaceae,Leptothrix,uncultured bacterium
seq2772,Bacteria,Planctomycetota,Phycisphaerae,Tepidisphaerales,WD2101 soil group,uncultured planctomycete,
seq2773,Unclassified,,,,,,
seq2774,Bacteria,Bacteroidota,Bacteroidia,Flavobacteriales,Flavobacteriaceae,Flavobacterium,Flavobacterium aquidurense
seq2775,Bacteria,Acidobacteriota,Vicinamibacteria,Vicinamibacterales,uncultured,uncultured bacterium,
seq2776,Bacteria,Proteobacteria,Gammaproteobacteria,Xanthomonadales,Xanthomonadaceae,Lysobacter,uncultured bacterium
seq2777,Bacteria,Acidobacteriota,Holophagae,Subgroup 7,uncultured Acidobacterium sp.,,
seq2778,Bacteria,Bacteroidota,Bacteroidia,Cytophagales,Microscillaceae,uncultured,uncultured bacterium
seq2779,Bacteria,Actinobacteriota,Thermoleophilia,Gaiellales,uncultured,uncultured bacterium,
seq2780,Bacteria,Entotheonellaeota,Entotheonellia,Entotheonellales,Entotheonellaceae,uncultured bacterium,
seq2781,Archaea,Crenarchaeota,Nitrososphaeria,Nitrososphaerales,Nitrososphaeraceae,uncultured crenarchaeote,
seq2782,Bacteria,Acidobacteriota,Blastocatellia,Pyrinomonadales,Pyrinomonadaceae,RB41,metagenome
seq2783,Bacteria,Bacteroidota,Bacteroidia,Chitinophagales,Chitinophagaceae,Edaphobaculum,uncultured Bacteroidetes bacterium
seq2784,Unclassified,,,,,,
seq2785,Bacteria,Acidobacteriota,Vicinamibacteria,Vicinamibacterales,uncultured,uncultured Acidobacteria bacterium,
seq2786,Bacteria,Bacteroidota,Bacteroidia,Cytophagales,Spirosomaceae,Larkinella,uncultured bacterium
seq2787,ML_predicted_Phylum: Elusimicrobiota,,,,,,
seq2788,Bacteria,Acidobacteriota,Vicinamibacteria,Vicinamibacterales,uncultured,uncultured Acidobacteria bacterium,
seq2789,Bacteria,Planctomycetota,OM190,metagenome,,,
seq2790,Bacteria,Planctomycetota,Phycisphaerae,Tepidisphaerales,WD2101 soil group,uncultured bacterium,
seq2791,Bacteria,Bacteroidota,Bacteroidia,Chitinophagales,Chitinophagaceae,uncultured,uncultured bacterium
seq2792,Archaea,Crenarchaeota,Nitrososphaeria,Nitrososphaerales,Nitrososphaeraceae,uncultured crenarchaeote,
seq2793,Bacteria,Bacteroidota,Bacteroidia,Chitinophagales,Chitinophagaceae,Terrimonas,uncultured Trachelomonas
seq2794,ML_predicted_Phylum: Proteobacteria,,,,,,
seq2795,Bacteria,Verrucomicrobiota,Verrucomicrobiae,Verrucomicrobiales,Verrucomicrobiaceae,Roseimicrobium,uncultured Verrucomicrobia bacterium
seq2796,Bacteria,Acidobacteriota,Vicinamibacteria,Vicinamibacterales,uncultured,uncultured Acidobacteria bacterium,
seq2797,ML_predicted_Phylum: Proteobacteria,,,,,,
seq2798,Bacteria,Verrucomicrobiota,Verrucomicrobiae,Chthoniobacterales,Chthoniobacteraceae,Chthoniobacter,uncultured bacterium
seq2799,Bacteria,Actinobacteriota,Actinobacteria,Micrococcales,Microbacteriaceae,Agromyces,Agromyces cerinus
seq2800,Bacteria,Proteobacteria,Gammaproteobacteria,Enterobacterales,Erwiniaceae,Erwinia,bacterium MPB_LP_d
seq2801,Bacteria,Proteobacteria,Gammaproteobacteria,Pseudomonadales,Cellvibrionaceae,Cellvibrio,Cellvibrio sp. R-4001
seq2802,Bacteria,Bacteroidota,Bacteroidia,Chitinophagales,Chitinophagaceae,Aurantisolimonas,uncultured bacterium
seq2803,ML_predicted_Phylum: Proteobacteria,,,,,,
seq2804,Bacteria,Proteobacteria,Alphaproteobacteria,Dongiales,Dongiaceae,Dongia,uncultured bacterium
seq2805,Bacteria,Actinobacteriota,Acidimicrobiia,Microtrichales,Ilumatobacteraceae,uncultured,metagenome
seq2806,Bacteria,Bacteroidota,Bacteroidia,Chitinophagales,Chitinophagaceae,Ferruginibacter,uncultured bacterium
seq2807,Bacteria,Verrucomicrobiota,Verrucomicrobiae,Verrucomicrobiales,Verrucomicrobiaceae,uncultured,uncultured Verrucomicrobia bacterium
seq2808,Bacteria,Bacteroidota,Bacteroidia,Chitinophagales,Chitinophagaceae,Flavitalea,uncultured bacterium
seq2809,Bacteria,Chloroflexi,Anaerolineae,SBR1031,A4b,metagenome,
seq2810,Bacteria,Bacteroidota,Bacteroidia,Cytophagales,Microscillaceae,uncultured,uncultured bacterium
seq2811,Bacteria,Actinobacteriota,Actinobacteria,Propionibacteriales,Nocardioidaceae,Nocardioides,uncultured bacterium
seq2812,Bacteria,Bacteroidota,Bacteroidia,Chitinophagales,Chitinophagaceae,Dinghuibacter,uncultured bacterium
seq2813,Bacteria,Proteobacteria,Alphaproteobacteria,Sphingomonadales,Sphingomonadaceae,Ellin6055,uncultured bacterium
seq2814,Unclassified,,,,,,
seq2815,Bacteria,Bacteroidota,Bacteroidia,Flavobacteriales,Weeksellaceae,Chryseobacterium,Chryseobacterium balustinum
seq2816,Bacteria,Myxococcota,Polyangia,Polyangiales,Polyangiaceae,Polyangium,metagenome
seq2817,Bacteria,Actinobacteriota,Acidimicrobiia,Microtrichales,Iamiaceae,Iamia,uncultured bacterium
seq2818,Bacteria,Actinobacteriota,Thermoleophilia,Solirubrobacterales,67-14,uncultured bacterium,
seq2819,Bacteria,Bacteroidota,Bacteroidia,Chitinophagales,Chitinophagaceae,uncultured,uncultured bacterium
seq2820,Bacteria,Actinobacteriota,Thermoleophilia,Gaiellales,uncultured,uncultured bacterium,
seq2821,Bacteria,Acidobacteriota,Vicinamibacteria,Vicinamibacterales,uncultured,uncultured Acidobacteriales bacterium,
seq2822,Bacteria,Actinobacteriota,Acidimicrobiia,Microtrichales,uncultured,metagenome,
seq2823,Bacteria,RCP2-54,uncultured bacterium,,,,
seq2824,ML_predicted_Phylum: Patescibacteria,,,,,,
seq2825,ML_predicted_Phylum: Proteobacteria,,,,,,
seq2826,Bacteria,Actinobacteriota,Actinobacteria,Corynebacteriales,Mycobacteriaceae,Mycobacterium,Mycobacterium obuense
seq2827,Bacteria,Actinobacteriota,Actinobacteria,Pseudonocardiales,Pseudonocardiaceae,Pseudonocardia,uncultured actinobacterium
seq2828,Bacteria,Acidobacteriota,Blastocatellia,Pyrinomonadales,Pyrinomonadaceae,RB41,uncultivated soil bacterium clone S023
seq2829,Bacteria,Acidobacteriota,Blastocatellia,Pyrinomonadales,Pyrinomonadaceae,RB41,uncultured bacterium
seq2830,Bacteria,Proteobacteria,Gammaproteobacteria,Burkholderiales,Nitrosomonadaceae,MND1,uncultured beta proteobacterium
seq2831,Bacteria,Planctomycetota,Planctomycetes,Pirellulales,Pirellulaceae,uncultured,uncultured planctomycete
seq2832,Bacteria,Patescibacteria,Saccharimonadia,Saccharimonadales,YM_S32_TM7_50_20,uncultured bacterium,
seq2833,Bacteria,Planctomycetota,Planctomycetes,Pirellulales,Pirellulaceae,Pir4 lineage,uncultured bacterium
seq2834,Bacteria,Bacteroidota,Bacteroidia,Sphingobacteriales,Sphingobacteriaceae,Mucilaginibacter,Sphingobacteriaceae bacterium A22.1
seq2835,Bacteria,Proteobacteria,Alphaproteobacteria,Rhizobiales,Xanthobacteraceae,uncultured,uncultured bacterium
seq2836,Bacteria,Bacteroidota,Bacteroidia,Sphingobacteriales,NS11-12 marine group,metagenome,
seq2837,Bacteria,Actinobacteriota,Acidimicrobiia,IMCC26256,uncultured Cellulomonadaceae bacterium,,
seq2838,Bacteria,Bacteroidota,Bacteroidia,Cytophagales,Cytophagaceae,Rhodocytophaga,Rhodocytophaga aerolata
seq2839,Bacteria,Bacteroidota,Bacteroidia,Cytophagales,Spirosomaceae,Spirosoma,uncultured bacterium
seq2840,Bacteria,Acidobacteriota,Vicinamibacteria,Vicinamibacterales,Vicinamibacteraceae,uncultured bacterium,
seq2841,Bacteria,Acidobacteriota,Vicinamibacteria,Vicinamibacterales,Vicinamibacteraceae,uncultured bacterium,
seq2842,Bacteria,Proteobacteria,Gammaproteobacteria,Burkholderiales,TRA3-20,uncultured bacterium,
seq2843,Bacteria,Actinobacteriota,Actinobacteria,Streptomycetales,Streptomycetaceae,Streptomyces,Streptomyces sp. WMMB 317
seq2844,Unclassified,,,,,,
seq2845,Archaea,Crenarchaeota,Nitrososphaeria,Nitrososphaerales,Nitrososphaeraceae,uncultured archaeon,
seq2846,Bacteria,Myxococcota,Polyangia,Haliangiales,Haliangiaceae,Haliangium,uncultured bacterium
seq2847,Archaea,Crenarchaeota,Nitrososphaeria,Nitrososphaerales,Nitrososphaeraceae,uncultured crenarchaeote,
seq2848,Bacteria,Acidobacteriota,Vicinamibacteria,Vicinamibacterales,Vicinamibacteraceae,uncultured bacterium,
seq2849,Bacteria,Proteobacteria,Alphaproteobacteria,Sphingomonadales,Sphingomonadaceae,Altererythrobacter,uncultured bacterium
seq2850,Bacteria,Actinobacteriota,Actinobacteria,Micromonosporales,Micromonosporaceae,Salinispora,Catellatospora sp.
seq2851,Bacteria,Bacteroidota,Bacteroidia,Sphingobacteriales,NS11-12 marine group,metagenome,
seq2852,Bacteria,Actinobacteriota,Actinobacteria,Pseudonocardiales,Pseudonocardiaceae,Actinophytocola,uncultured bacterium
seq2853,Bacteria,Proteobacteria,Alphaproteobacteria,Rhizobiales,Rhizobiales Incertae Sedis,uncultured,uncultured Green Bay ferromanganous micronodule bacterium MNG7
seq2854,ML_predicted_Phylum: Acidobacteriota,,,,,,
seq2855,Bacteria,Firmicutes,Bacilli,Bacillales,Bacillaceae,Bacillus,uncultured bacterium
seq2856,Bacteria,Planctomycetota,Planctomycetes,Gemmatales,Gemmataceae,uncultured,uncultured bacterium
seq2857,Bacteria,Actinobacteriota,Actinobacteria,Pseudonocardiales,Pseudonocardiaceae,Lechevalieria,Lentzea sp. 173316
seq2858,Bacteria,Actinobacteriota,Actinobacteria,Frankiales,Geodermatophilaceae,Blastococcus,Blastococcus sp. BC521
seq2859,Bacteria,Verrucomicrobiota,Verrucomicrobiae,Pedosphaerales,Pedosphaeraceae,Ellin517,uncultured soil bacterium
seq2860,Archaea,Crenarchaeota,Nitrososphaeria,Nitrososphaerales,Nitrososphaeraceae,uncultured archaeon,
seq2861,Bacteria,Proteobacteria,Alphaproteobacteria,Rhizobiales,Devosiaceae,uncultured,uncultured bacterium
seq2862,Bacteria,Bacteroidota,Bacteroidia,Chitinophagales,Chitinophagaceae,Segetibacter,uncultured bacterium
seq2863,Bacteria,Actinobacteriota,Thermoleophilia,Gaiellales,uncultured,uncultured bacterium,
seq2864,Bacteria,Planctomycetota,Planctomycetes,uncultured,uncultured bacterium,,
seq2865,Bacteria,Patescibacteria,Saccharimonadia,Saccharimonadales,WWH38,uncultured bacterium,
seq2866,Bacteria,RCP2-54,uncultured bacterium,,,,
seq2867,Bacteria,Proteobacteria,Alphaproteobacteria,Azospirillales,Azospirillaceae,Skermanella,uncultured Skermanella sp.
seq2868,Bacteria,Actinobacteriota,Thermoleophilia,Solirubrobacterales,67-14,uncultured bacterium,
seq2869,ML_predicted_Phylum: Planctomycetota,,,,,,
seq2870,Bacteria,Acidobacteriota,Vicinamibacteria,Subgroup 17,uncultured Acidobacteria bacterium,,
seq2871,Bacteria,Bacteroidota,Bacteroidia,Sphingobacteriales,env.OPS 17,uncultured bacterium,
seq2872,Bacteria,Acidobacteriota,Blastocatellia,11-24,uncultured bacterium,,
seq2873,ML_predicted_Phylum: Patescibacteria,,,,,,
seq2874,Bacteria,Actinobacteriota,Actinobacteria,Micromonosporales,Micromonosporaceae,Micromonospora,Micromonospora kangleipakensis
seq2875,Bacteria,Myxococcota,bacteriap25,uncultured bacterium,,,
seq2876,ML_predicted_Phylum: Proteobacteria,,,,,,
seq2877,Bacteria,Actinobacteriota,Acidimicrobiia,Microtrichales,Microtrichaceae,uncultured,uncultured bacterium
seq2878,Bacteria,Actinobacteriota,MB-A2-108,uncultured bacterium,,,
seq2879,Bacteria,Bacteroidota,Bacteroidia,Sphingobacteriales,NS11-12 marine group,metagenome,
seq2880,Unclassified,,,,,,
seq2881,Bacteria,Bacteroidota,Bacteroidia,Cytophagales,Cytophagaceae,Sporocytophaga,uncultured bacterium
seq2882,Bacteria,Acidobacteriota,Blastocatellia,Blastocatellales,Blastocatellaceae,JGI 0001001-H03,uncultured bacterium
seq2883,Bacteria,Bacteroidota,Bacteroidia,Flavobacteriales,Flavobacteriaceae,Flavobacterium,Flavobacterium sp. WB 2.1-3
seq2884,Bacteria,Bacteroidota,Bacteroidia,Chitinophagales,Chitinophagaceae,uncultured,uncultured bacterium
seq2885,Bacteria,Proteobacteria,Alphaproteobacteria,Rhizobiales,Xanthobacteraceae,Rhodoplanes,uncultured bacterium
seq2886,Bacteria,Planctomycetota,Planctomycetes,Pirellulales,Pirellulaceae,Pir4 lineage,uncultured Pirellula sp.
seq2887,Bacteria,Actinobacteriota,Actinobacteria,Propionibacteriales,Nocardioidaceae,Kribbella,uncultured bacterium
seq2888,Bacteria,Planctomycetota,OM190,uncultured bacterium,,,
seq2889,Bacteria,Acidobacteriota,Vicinamibacteria,Vicinamibacterales,Vicinamibacteraceae,uncultured Acidobacteria bacterium,
seq2890,Bacteria,Acidobacteriota,Vicinamibacteria,Vicinamibacterales,uncultured,uncultured Acidobacteria bacterium,
seq2891,Bacteria,Verrucomicrobiota,Verrucomicrobiae,Chthoniobacterales,Chthoniobacteraceae,Chthoniobacter,uncultured bacterium
seq2892,Bacteria,Patescibacteria,Saccharimonadia,Saccharimonadales,LWQ8,uncultured bacterium,
seq2893,Bacteria,Acidobacteriota,Vicinamibacteria,Vicinamibacterales,uncultured,uncultured Acidobacteria bacterium,
seq2894,Bacteria,Patescibacteria,Saccharimonadia,Saccharimonadales,uncultured bacterium,,
seq2895,Bacteria,Verrucomicrobiota,Verrucomicrobiae,Opitutales,Opitutaceae,Cephaloticoccus,metagenome
seq2896,Bacteria,Acidobacteriota,Thermoanaerobaculia,Thermoanaerobaculales,Thermoanaerobaculaceae,Subgroup 10,uncultured bacterium
seq2897,Bacteria,Actinobacteriota,Thermoleophilia,Solirubrobacterales,67-14,uncultured bacterium,
seq2898,Bacteria,Dependentiae,Babeliae,Babeliales,Vermiphilaceae,uncultured soil bacterium,
seq2899,Bacteria,Bacteroidota,Bacteroidia,Cytophagales,Microscillaceae,uncultured,uncultured soil bacterium
seq2900,Bacteria,Bacteroidota,Bacteroidia,Cytophagales,Microscillaceae,uncultured,uncultured bacterium
seq2901,Bacteria,Myxococcota,Polyangia,Polyangiales,Sandaracinaceae,uncultured,uncultured soil bacterium
seq2902,Bacteria,Actinobacteriota,Actinobacteria,Corynebacteriales,Nocardiaceae,Williamsia,Williamsia muralis
seq2903,Bacteria,Verrucomicrobiota,Verrucomicrobiae,Verrucomicrobiales,Verrucomicrobiaceae,Verrucomicrobium,Verrucomicrobiaceae bacterium CNC16
seq2904,ML_predicted_Phylum: Patescibacteria,,,,,,
seq2905,Bacteria,Actinobacteriota,Actinobacteria,Propionibacteriales,Nocardioidaceae,Nocardioides,Nocardioides sp.
seq2906,Bacteria,Bacteroidota,Ignavibacteria,SJA-28,uncultured Ignavibacterium sp.,,
seq2907,Bacteria,Actinobacteriota,MB-A2-108,uncultured bacterium,,,
seq2908,Archaea,Crenarchaeota,Nitrososphaeria,Nitrososphaerales,Nitrososphaeraceae,uncultured bacterium,
seq2909,Bacteria,Bacteroidota,Bacteroidia,Sphingobacteriales,env.OPS 17,uncultured bacterium,
seq2910,Unclassified,,,,,,
seq2911,Bacteria,Planctomycetota,Planctomycetes,Gemmatales,Gemmataceae,Fimbriiglobus,uncultured bacterium
seq2912,Bacteria,Patescibacteria,Saccharimonadia,Saccharimonadales,uncultured Candidatus Saccharibacteria bacterium,,
seq2913,Bacteria,Acidobacteriota,Thermoanaerobaculia,Thermoanaerobaculales,Thermoanaerobaculaceae,Subgroup 10,uncultured bacterium
seq2914,ML_predicted_Phylum: Patescibacteria,,,,,,
seq2915,Bacteria,Actinobacteriota,Actinobacteria,Frankiales,Nakamurellaceae,Nakamurella,uncultured bacterium
seq2916,Unclassified,,,,,,
seq2917,Bacteria,Proteobacteria,Gammaproteobacteria,Pseudomonadales,Pseudomonadaceae,Pseudomonas,Pseudomonas sp. SV/09-04
seq2918,Bacteria,Bacteroidota,Ignavibacteria,SJA-28,uncultured bacterium,,
seq2919,Bacteria,Actinobacteriota,Actinobacteria,Propionibacteriales,Nocardioidaceae,Nocardioides,Nocardioides sp. OTB57
seq2920,Bacteria,Verrucomicrobiota,Verrucomicrobiae,Pedosphaerales,Pedosphaeraceae,uncultured bacterium,
seq2921,ML_predicted_Phylum: Verrucomicrobiota,,,,,,
seq2922,Unclassified,,,,,,
seq2923,Bacteria,Bacteroidota,Bacteroidia,Flavobacteriales,Flavobacteriaceae,Flavobacterium,uncultured bacterium
seq2924,Bacteria,Bacteroidota,Ignavibacteria,SJA-28,metagenome,,
seq2925,ML_predicted_Phylum: Bacteroidota,,,,,,
seq2926,Bacteria,Actinobacteriota,Thermoleophilia,Gaiellales,uncultured,uncultured bacterium,
seq2927,Bacteria,Bacteroidota,Bacteroidia,Chitinophagales,Chitinophagaceae,Chitinophaga,uncultured Flavisolibacter sp.
seq2928,Bacteria,Patescibacteria,Parcubacteria,uncultured bacterium,,,
seq2929,ML_predicted_Phylum: Bacteroidota,,,,,,
seq2930,Bacteria,Acidobacteriota,Vicinamibacteria,Vicinamibacterales,uncultured,uncultured bacterium,
seq2931,Bacteria,Actinobacteriota,Actinobacteria,Corynebacteriales,Mycobacteriaceae,Mycobacterium,Mycobacterium diernhoferi
seq2932,Bacteria,Bacteroidota,Bacteroidia,Chitinophagales,Chitinophagaceae,Sediminibacterium,Sediminibacterium aquarii
seq2933,Bacteria,Proteobacteria,Alphaproteobacteria,Rhizobiales,Rhizobiaceae,Allorhizobium-Neorhizobium-Pararhizobium-Rhizobium,Neorhizobium huautlense
seq2934,Bacteria,Bacteroidota,Bacteroidia,Chitinophagales,Chitinophagaceae,Segetibacter,uncultured Bacteroidetes bacterium
seq2935,Bacteria,Actinobacteriota,MB-A2-108,metagenome,,,
seq2936,ML_predicted_Phylum: Actinobacteriota,,,,,,
seq2937,ML_predicted_Phylum: Bacteroidota,,,,,,
seq2938,Bacteria,Bacteroidota,Bacteroidia,Sphingobacteriales,env.OPS 17,uncultured bacterium,
seq2939,ML_predicted_Phylum: Patescibacteria,,,,,,
seq2940,Bacteria,Acidobacteriota,Vicinamibacteria,Vicinamibacterales,Vicinamibacteraceae,uncultured bacterium,
seq2941,Bacteria,Proteobacteria,Gammaproteobacteria,R7C24,metagenome,,
seq2942,Bacteria,Chloroflexi,Anaerolineae,SBR1031,A4b,uncultured bacterium,
seq2943,Bacteria,Proteobacteria,Alphaproteobacteria,Rhizobiales,Rhodomicrobiaceae,Rhodomicrobium,uncultured bacterium
seq2944,Bacteria,Bacteroidota,Bacteroidia,Chitinophagales,Chitinophagaceae,Edaphobaculum,uncultured bacterium
seq2945,Bacteria,Planctomycetota,Planctomycetes,Pirellulales,Pirellulaceae,Pirellula,uncultured bacterium
seq2946,Bacteria,Proteobacteria,Gammaproteobacteria,Pseudomonadales,Halieaceae,OM60(NOR5) clade,metagenome
seq2947,Bacteria,Planctomycetota,Planctomycetes,Pirellulales,Pirellulaceae,Pirellula,metagenome
seq2948,Bacteria,Bacteroidota,Bacteroidia,Flavobacteriales,Weeksellaceae,Chryseobacterium,Chryseobacterium formosense
seq2949,Bacteria,Entotheonellaeota,Entotheonellia,Entotheonellales,Entotheonellaceae,uncultured bacterium,
seq2950,Bacteria,Proteobacteria,Alphaproteobacteria,Rhizobiales,Xanthobacteraceae,Bradyrhizobium,Bradyrhizobium sp. H22
seq2951,ML_predicted_Phylum: Planctomycetota,,,,,,
seq2952,Bacteria,Proteobacteria,Gammaproteobacteria,Burkholderiales,Comamonadaceae,Variovorax,Variovorax sp. Alb14
seq2953,Bacteria,Entotheonellaeota,Entotheonellia,Entotheonellales,Entotheonellaceae,uncultured bacterium,
seq2954,Bacteria,Proteobacteria,Gammaproteobacteria,Burkholderiales,Comamonadaceae,Rhizobacter,uncultured bacterium
seq2955,Bacteria,Bacteroidota,Bacteroidia,Flavobacteriales,NS9 marine group,uncultured bacterium,
seq2956,Bacteria,Bacteroidota,Bacteroidia,Flavobacteriales,Flavobacteriaceae,Flavobacterium,Flavobacterium sp. HME7256
seq2957,Bacteria,Myxococcota,bacteriap25,uncultured bacterium,,,
seq2958,Bacteria,Bacteroidota,Bacteroidia,Sphingobacteriales,KD3-93,metagenome,
seq2959,Bacteria,Chloroflexi,Anaerolineae,SBR1031,A4b,metagenome,
seq2960,ML_predicted_Phylum: Patescibacteria,,,,,,
seq2961,Bacteria,Bacteroidota,Kapabacteria,Kapabacteriales,metagenome,,
seq2962,Bacteria,Chloroflexi,Gitt-GS-136,uncultured bacterium,,,
seq2963,Bacteria,Patescibacteria,Parcubacteria,uncultured bacterium,,,
seq2964,Unclassified,,,,,,
seq2965,Bacteria,Proteobacteria,Alphaproteobacteria,Sphingomonadales,Sphingomonadaceae,Sphingomonas,uncultured bacterium
seq2966,Bacteria,Acidobacteriota,Vicinamibacteria,Vicinamibacterales,Vicinamibacteraceae,uncultured,uncultured bacterium
seq2967,Bacteria,Proteobacteria,Alphaproteobacteria,Rhizobiales,Beijerinckiaceae,Microvirga,Mesorhizobium sp. CCNWQLS7
seq2968,Bacteria,Verrucomicrobiota,Verrucomicrobiae,Opitutales,Opitutaceae,Opitutus,metagenome
seq2969,Bacteria,Bacteroidota,Bacteroidia,Cytophagales,Spirosomaceae,Dyadobacter,uncultured bacterium
seq2970,Bacteria,Bacteroidota,Bacteroidia,Sphingobacteriales,NS11-12 marine group,uncultured bacterium,
seq2971,Bacteria,Proteobacteria,Gammaproteobacteria,Pseudomonadales,Cellvibrionaceae,Cellvibrio,uncultured bacterium
seq2972,Bacteria,Myxococcota,Polyangia,Haliangiales,Haliangiaceae,Haliangium,uncultured bacterium
seq2973,Bacteria,Bacteroidota,Bacteroidia,Chitinophagales,Chitinophagaceae,uncultured,uncultured bacterium
seq2974,Bacteria,Proteobacteria,Alphaproteobacteria,Sphingomonadales,Sphingomonadaceae,Sphingomonas,uncultured bacterium
seq2975,Bacteria,Planctomycetota,Phycisphaerae,Tepidisphaerales,WD2101 soil group,uncultured bacterium,
seq2976,ML_predicted_Phylum: Verrucomicrobiota,,,,,,
seq2977,Bacteria,Planctomycetota,Planctomycetes,Gemmatales,Gemmataceae,uncultured,uncultured bacterium
seq2978,ML_predicted_Phylum: Actinobacteriota,,,,,,
seq2979,Bacteria,Bacteroidota,Bacteroidia,Sphingobacteriales,env.OPS 17,uncultured bacterium,
seq2980,Bacteria,Verrucomicrobiota,Verrucomicrobiae,Chthoniobacterales,Xiphinematobacteraceae,Candidatus Xiphinematobacter,uncultured bacterium
seq2981,ML_predicted_Phylum: Verrucomicrobiota,,,,,,
seq2982,Bacteria,Chloroflexi,Chloroflexia,Chloroflexales,Roseiflexaceae,uncultured,uncultured soil bacterium
seq2983,Bacteria,Actinobacteriota,Acidimicrobiia,Microtrichales,uncultured,uncultured bacterium,
seq2984,Bacteria,Proteobacteria,Alphaproteobacteria,Rhizobiales,Xanthobacteraceae,Bradyrhizobium,Bradyrhizobium sp.
seq2985,Bacteria,Myxococcota,Polyangia,Polyangiales,Polyangiaceae,Sorangium,metagenome
seq2986,Bacteria,Planctomycetota,Planctomycetes,Pirellulales,Pirellulaceae,Pir4 lineage,uncultured bacterium
seq2987,Bacteria,Actinobacteriota,Actinobacteria,Pseudonocardiales,Pseudonocardiaceae,Amycolatopsis,Amycolatopsis speibonae
seq2988,Bacteria,Acidobacteriota,Acidobacteriae,Bryobacterales,Bryobacteraceae,Bryobacter,uncultured bacterium
seq2989,Bacteria,Proteobacteria,Alphaproteobacteria,Sphingomonadales,Sphingomonadaceae,Novosphingobium,uncultured bacterium
seq2990,Bacteria,Actinobacteriota,Thermoleophilia,Solirubrobacterales,67-14,uncultured bacterium,
seq2991,Bacteria,Proteobacteria,Alphaproteobacteria,Sphingomonadales,Sphingomonadaceae,Sphingomonas,Sphingomonas sp. U33
seq2992,Bacteria,Bacteroidota,Bacteroidia,Sphingobacteriales,Sphingobacteriaceae,Mucilaginibacter,Sphingobacteriaceae bacterium kmd_018
seq2993,Bacteria,Proteobacteria,Alphaproteobacteria,Rhizobiales,Rhizobiaceae,Mesorhizobium,metagenome
seq2994,Bacteria,Bacteroidota,Bacteroidia,Chitinophagales,Chitinophagaceae,uncultured,uncultured bacterium
seq2995,Bacteria,Actinobacteriota,Acidimicrobiia,Microtrichales,uncultured,uncultured bacterium,
seq2996,Bacteria,Acidobacteriota,Blastocatellia,Pyrinomonadales,Pyrinomonadaceae,RB41,uncultivated soil bacterium clone S023
seq2997,Bacteria,Verrucomicrobiota,Verrucomicrobiae,UA11,uncultured bacterium,,
seq2998,Bacteria,Planctomycetota,Planctomycetes,Gemmatales,Gemmataceae,uncultured,uncultured bacterium
seq2999,Bacteria,Verrucomicrobiota,Verrucomicrobiae,Verrucomicrobiales,Rubritaleaceae,Luteolibacter,Verrucomicrobium sp. IRVE
seq3000,Bacteria,Planctomycetota,OM190,metagenome,,,
seq3001,Bacteria,Proteobacteria,Alphaproteobacteria,Reyranellales,Reyranellaceae,Reyranella,uncultured Alphaproteobacteria bacterium
seq3002,Bacteria,Chloroflexi,KD4-96,uncultured bacterium,,,
seq3003,Bacteria,Acidobacteriota,Vicinamibacteria,Vicinamibacterales,uncultured,uncultured bacterium,
seq3004,Bacteria,Verrucomicrobiota,Verrucomicrobiae,Pedosphaerales,Pedosphaeraceae,Ellin517,metagenome
seq3005,Bacteria,Proteobacteria,Alphaproteobacteria,Rhizobiales,Xanthobacteraceae,uncultured,metagenome
seq3006,Bacteria,Bacteroidota,Bacteroidia,Cytophagales,Microscillaceae,uncultured,bacterium
seq3007,Bacteria,Bacteroidota,Bacteroidia,Chitinophagales,Chitinophagaceae,Segetibacter,uncultured bacterium
seq3008,Bacteria,Actinobacteriota,Thermoleophilia,Solirubrobacterales,Solirubrobacteraceae,Solirubrobacter,metagenome
seq3009,Bacteria,Acidobacteriota,Thermoanaerobaculia,Thermoanaerobaculales,Thermoanaerobaculaceae,Subgroup 10,uncultured bacterium
seq3010,Bacteria,Actinobacteriota,Thermoleophilia,Solirubrobacterales,Solirubrobacteraceae,Solirubrobacter,uncultured bacterium
seq3011,ML_predicted_Phylum: Bacteroidota,,,,,,
seq3012,Bacteria,Desulfobacterota,uncultured,uncultured delta proteobacterium,,,
seq3013,Bacteria,Verrucomicrobiota,Verrucomicrobiae,Verrucomicrobiales,Rubritaleaceae,Luteolibacter,uncultured bacterium
seq3014,Unclassified,,,,,,
seq3015,Bacteria,Bacteroidota,Bacteroidia,Flavobacteriales,NS9 marine group,metagenome,
seq3016,Bacteria,Bacteroidota,Bacteroidia,Sphingobacteriales,env.OPS 17,uncultured bacterium,
seq3017,Bacteria,Actinobacteriota,Actinobacteria,Pseudonocardiales,Pseudonocardiaceae,Umezawaea,Umezawaea sp. MDB1-47
seq3018,Bacteria,Proteobacteria,Gammaproteobacteria,Burkholderiales,Sutterellaceae,uncultured,uncultured bacterium
seq3019,Bacteria,Bacteroidota,Bacteroidia,Chitinophagales,Chitinophagaceae,Edaphobaculum,uncultured bacterium
seq3020,Bacteria,Proteobacteria,Gammaproteobacteria,Burkholderiales,Comamonadaceae,Polaromonas,beta proteobacterium HTCC528
seq3021,ML_predicted_Phylum: Proteobacteria,,,,,,
seq3022,Bacteria,Chloroflexi,Chloroflexia,Chloroflexales,Roseiflexaceae,uncultured,uncultured soil bacterium
seq3023,ML_predicted_Phylum: Patescibacteria,,,,,,
seq3024,Bacteria,Verrucomicrobiota,Verrucomicrobiae,Chthoniobacterales,Chthoniobacteraceae,Chthoniobacter,metagenome
seq3025,Bacteria,Verrucomicrobiota,Verrucomicrobiae,UA11,uncultured bacterium,,
seq3026,ML_predicted_Phylum: Planctomycetota,,,,,,
seq3027,Bacteria,Chloroflexi,Anaerolineae,Caldilineales,Caldilineaceae,uncultured,uncultured bacterium
seq3028,Bacteria,Actinobacteriota,Actinobacteria,Streptomycetales,Streptomycetaceae,Streptomyces,Streptomyces sp. 5-21
seq3029,Bacteria,Proteobacteria,Alphaproteobacteria,Rhizobiales,Xanthobacteraceae,uncultured,uncultured bacterium
seq3030,Bacteria,Bacteroidota,Bacteroidia,Cytophagales,Microscillaceae,Chryseolinea,metagenome
seq3031,Archaea,Crenarchaeota,Nitrososphaeria,Nitrososphaerales,Nitrososphaeraceae,uncultured crenarchaeote,
seq3032,Bacteria,Actinobacteriota,Actinobacteria,Pseudonocardiales,Pseudonocardiaceae,Actinophytocola,Actinophytocola xinjiangensis
seq3033,Bacteria,Acidobacteriota,Thermoanaerobaculia,Thermoanaerobaculales,Thermoanaerobaculaceae,Subgroup 10,Acidobacteria bacterium WX184
seq3034,Bacteria,Bacteroidota,Bacteroidia,Chitinophagales,Chitinophagaceae,Ferruginibacter,uncultured Sphingobacteriales bacterium
seq3035,Bacteria,Bacteroidota,Kapabacteria,Kapabacteriales,uncultured bacterium #0319-6E22,,
seq3036,Bacteria,Actinobacteriota,Actinobacteria,Micrococcales,Microbacteriaceae,Herbiconiux,Curtobacterium sp. 18.1.1
seq3037,Archaea,Crenarchaeota,Nitrososphaeria,Nitrososphaerales,Nitrososphaeraceae,Candidatus Nitrocosmicus,uncultured archaeon
seq3038,Bacteria,Verrucomicrobiota,Verrucomicrobiae,Chthoniobacterales,Chthoniobacteraceae,Chthoniobacter,uncultured bacterium
seq3039,Bacteria,Bacteroidota,Bacteroidia,Chitinophagales,Chitinophagaceae,Terrimonas,uncultured bacterium
seq3040,ML_predicted_Phylum: Bacteroidota,,,,,,
seq3041,Bacteria,Proteobacteria,Gammaproteobacteria,Burkholderiales,Comamonadaceae,uncultured,uncultured bacterium
seq3042,Bacteria,Planctomycetota,OM190,metagenome,,,
seq3043,Bacteria,Planctomycetota,Planctomycetes,Pirellulales,Pirellulaceae,Pir4 lineage,metagenome
seq3044,Bacteria,Bacteroidota,Bacteroidia,Cytophagales,Microscillaceae,Chryseolinea,uncultured bacterium
seq3045,Bacteria,Proteobacteria,Gammaproteobacteria,Burkholderiales,TRA3-20,uncultured Alcaligenaceae bacterium,
seq3046,Bacteria,Actinobacteriota,Actinobacteria,Propionibacteriales,Nocardioidaceae,Nocardioides,Nocardioides sp. Era28
seq3047,Bacteria,Actinobacteriota,Thermoleophilia,Solirubrobacterales,Solirubrobacteraceae,Solirubrobacter,uncultured bacterium
seq3048,Bacteria,Proteobacteria,Alphaproteobacteria,Rhizobiales,Xanthobacteraceae,Rhodoplanes,uncultured Alphaproteobacteria bacterium
seq3049,Bacteria,Acidobacteriota,Vicinamibacteria,Vicinamibacterales,uncultured,uncultured bacterium,
seq3050,Bacteria,Proteobacteria,Gammaproteobacteria,Burkholderiales,TRA3-20,uncultured bacterium,
seq3051,Bacteria,Bacteroidota,Bacteroidia,Chitinophagales,Chitinophagaceae,Sediminibacterium,Sediminibacterium salmoneum
seq3052,Bacteria,Acidobacteriota,Vicinamibacteria,Vicinamibacterales,uncultured,uncultured bacterium,
seq3053,Bacteria,Proteobacteria,Alphaproteobacteria,Sphingomonadales,Sphingomonadaceae,uncultured,metagenome
seq3054,Bacteria,Actinobacteriota,Actinobacteria,Pseudonocardiales,Pseudonocardiaceae,Actinophytocola,uncultured bacterium
seq3055,Bacteria,Bacteroidota,Bacteroidia,Chitinophagales,Chitinophagaceae,Terrimonas,uncultured bacterium
seq3056,Bacteria,Proteobacteria,Alphaproteobacteria,Rhizobiales,Rhodobiaceae,Afifella,Afifella pfennigii
seq3057,Bacteria,Planctomycetota,Planctomycetes,Pirellulales,Pirellulaceae,Pir4 lineage,uncultured bacterium
seq3058,Bacteria,Actinobacteriota,Actinobacteria,0319-7L14,uncultured bacterium,,
seq3059,Bacteria,Proteobacteria,Alphaproteobacteria,Rhizobiales,Rhizobiaceae,Mesorhizobium,Mesorhizobium sp. RP50
seq3060,Bacteria,Gemmatimonadota,S0134 terrestrial group,uncultured bacterium,,,
seq3061,Bacteria,Acidobacteriota,Blastocatellia,11-24,uncultured bacterium,,
seq3062,Bacteria,Verrucomicrobiota,Verrucomicrobiae,Chthoniobacterales,Chthoniobacteraceae,Candidatus Udaeobacter,uncultured bacterium
seq3063,Bacteria,Verrucomicrobiota,Verrucomicrobiae,Opitutales,Opitutaceae,Opitutus,uncultured Verrucomicrobia bacterium
seq3064,ML_predicted_Phylum: Bacteroidota,,,,,,
seq3065,Bacteria,Acidobacteriota,Blastocatellia,Pyrinomonadales,Pyrinomonadaceae,RB41,uncultured Acidobacteria bacterium
seq3066,Bacteria,Planctomycetota,Planctomycetes,Gemmatales,Gemmataceae,Gemmata,uncultured bacterium
seq3067,Bacteria,Proteobacteria,Alphaproteobacteria,Rhizobiales,Xanthobacteraceae,Rhodoplanes,metagenome
seq3068,Bacteria,Patescibacteria,Parcubacteria,uncultured bacterium,,,
seq3069,Bacteria,Bacteroidota,Bacteroidia,Chitinophagales,Chitinophagaceae,Puia,uncultured Niastella sp.
seq3070,Bacteria,Planctomycetota,Planctomycetes,Planctomycetales,uncultured,uncultured bacterium,
seq3071,Bacteria,Verrucomicrobiota,Verrucomicrobiae,Opitutales,Opitutaceae,Opitutus,uncultured Verrucomicrobia bacterium
seq3072,Bacteria,Actinobacteriota,Actinobacteria,Propionibacteriales,Nocardioidaceae,Aeromicrobium,Aeromicrobium sp. HJX17
seq3073,Bacteria,Verrucomicrobiota,Verrucomicrobiae,Chthoniobacterales,Chthoniobacteraceae,Candidatus Udaeobacter,uncultured Verrucomicrobia bacterium
seq3074,Bacteria,Planctomycetota,Planctomycetes,Planctomycetales,uncultured,metagenome,
seq3075,Bacteria,Actinobacteriota,Thermoleophilia,Solirubrobacterales,67-14,uncultured bacterium,
seq3076,Bacteria,Proteobacteria,Gammaproteobacteria,Burkholderiales,A21b,uncultured bacterium,
seq3077,Bacteria,Acidobacteriota,Blastocatellia,Pyrinomonadales,Pyrinomonadaceae,RB41,uncultured bacterium
seq3078,Bacteria,Proteobacteria,Alphaproteobacteria,Rhizobiales,Methyloligellaceae,uncultured,uncultured bacterium
seq3079,Bacteria,Proteobacteria,Alphaproteobacteria,Rhizobiales,Xanthobacteraceae,uncultured,uncultured bacterium
seq3080,Bacteria,Acidobacteriota,Blastocatellia,Pyrinomonadales,Pyrinomonadaceae,RB41,uncultured Acidobacteria bacterium
seq3081,Bacteria,Proteobacteria,Gammaproteobacteria,Burkholderiales,Comamonadaceae,Variovorax,Variovorax sp. THG-L5
seq3082,ML_predicted_Phylum: Bacteroidota,,,,,,
seq3083,Bacteria,Acidobacteriota,Blastocatellia,Pyrinomonadales,Pyrinomonadaceae,RB41,uncultured Acidobacteria bacterium
seq3084,Bacteria,Acidobacteriota,Blastocatellia,Pyrinomonadales,Pyrinomonadaceae,RB41,uncultured bacterium
seq3085,Bacteria,Patescibacteria,Saccharimonadia,Saccharimonadales,uncultured bacterium,,
seq3086,Bacteria,Planctomycetota,Planctomycetes,Pirellulales,Pirellulaceae,Rhodopirellula,uncultured planctomycete
seq3087,Bacteria,Chloroflexi,KD4-96,uncultured bacterium,,,
seq3088,Bacteria,Planctomycetota,Phycisphaerae,Tepidisphaerales,WD2101 soil group,uncultured bacterium,
seq3089,Bacteria,Acidobacteriota,Blastocatellia,Pyrinomonadales,Pyrinomonadaceae,RB41,uncultured Acidobacteriaceae bacterium
seq3090,Bacteria,Proteobacteria,Gammaproteobacteria,CCD24,uncultured bacterium,,
seq3091,Bacteria,Gemmatimonadota,Gemmatimonadetes,Gemmatimonadales,Gemmatimonadaceae,uncultured,uncultured Gemmatimonadetes bacterium
seq3092,Bacteria,Planctomycetota,Planctomycetes,Gemmatales,Gemmataceae,uncultured,uncultured bacterium
seq3093,Bacteria,Myxococcota,Polyangia,Haliangiales,Haliangiaceae,Haliangium,uncultured bacterium
seq3094,Bacteria,Acidobacteriota,Blastocatellia,Pyrinomonadales,Pyrinomonadaceae,RB41,uncultured bacterium
seq3095,Bacteria,Verrucomicrobiota,Verrucomicrobiae,Pedosphaerales,Pedosphaeraceae,metagenome,
seq3096,Bacteria,Chloroflexi,Anaerolineae,SBR1031,A4b,uncultured Chloroflexi bacterium,
seq3097,ML_predicted_Phylum: Patescibacteria,,,,,,
seq3098,Bacteria,Chloroflexi,JG30-KF-CM66,metagenome,,,
seq3099,Bacteria,Bacteroidota,Bacteroidia,Sphingobacteriales,env.OPS 17,uncultured bacterium,
seq3100,Bacteria,Actinobacteriota,Actinobacteria,Streptomycetales,Streptomycetaceae,Streptomyces,Streptomyces niveus
seq3101,Bacteria,Actinobacteriota,Actinobacteria,Frankiales,Geodermatophilaceae,Modestobacter,Modestobacter marinus
seq3102,Bacteria,Methylomirabilota,Methylomirabilia,Rokubacteriales,uncultured bacterium,,
seq3103,Bacteria,Verrucomicrobiota,Verrucomicrobiae,Pedosphaerales,Pedosphaeraceae,uncultured bacterium,
seq3104,Bacteria,Proteobacteria,Alphaproteobacteria,Rhizobiales,Xanthobacteraceae,Pseudorhodoplanes,uncultured bacterium
seq3105,Bacteria,Actinobacteriota,Thermoleophilia,Solirubrobacterales,67-14,uncultured bacterium,
seq3106,Bacteria,Chloroflexi,Chloroflexia,Thermomicrobiales,JG30-KF-CM45,uncultured soil bacterium,
seq3107,Unclassified,,,,,,
seq3108,Bacteria,Actinobacteriota,Thermoleophilia,Solirubrobacterales,67-14,uncultured bacterium,
seq3109,Bacteria,Gemmatimonadota,S0134 terrestrial group,metagenome,,,
seq3110,Bacteria,Planctomycetota,Phycisphaerae,Phycisphaerales,Phycisphaeraceae,SM1A02,uncultured prokaryote
seq3111,Bacteria,Chloroflexi,Anaerolineae,RBG-13-54-9,uncultured bacterium,,
seq3112,Bacteria,Bacteroidota,Bacteroidia,Chitinophagales,Chitinophagaceae,Sediminibacterium,Sediminibacterium goheungense
seq3113,Bacteria,Planctomycetota,Planctomycetes,Pirellulales,Pirellulaceae,uncultured,uncultured bacterium
seq3114,Bacteria,Actinobacteriota,Acidimicrobiia,IMCC26256,uncultured Cellulomonadaceae bacterium,,
seq3115,Bacteria,Acidobacteriota,Vicinamibacteria,Vicinamibacterales,Vicinamibacteraceae,uncultured bacterium,
seq3116,Bacteria,Proteobacteria,Alphaproteobacteria,Rhizobiales,Xanthobacteraceae,Rhodoplanes,uncultured Alphaproteobacteria bacterium
seq3117,ML_predicted_Phylum: Bacteroidota,,,,,,
seq3118,Bacteria,WPS-2,metagenome,,,,
seq3119,Bacteria,Actinobacteriota,Rubrobacteria,Rubrobacterales,Rubrobacteriaceae,Rubrobacter,uncultured bacterium
seq3120,Bacteria,Bacteroidota,Bacteroidia,Chitinophagales,37-13,uncultured bacterium,
seq3121,Bacteria,Chloroflexi,Anaerolineae,SBR1031,A4b,uncultured bacterium,
seq3122,Bacteria,Acidobacteriota,Blastocatellia,Blastocatellales,Blastocatellaceae,Stenotrophobacter,uncultured bacterium
seq3123,Bacteria,Verrucomicrobiota,Verrucomicrobiae,Chthoniobacterales,Chthoniobacteraceae,Chthoniobacter,uncultured Verrucomicrobia bacterium
seq3124,Bacteria,Gemmatimonadota,Gemmatimonadetes,Gemmatimonadales,Gemmatimonadaceae,uncultured,uncultured Pseudomonadales bacterium
seq3125,Bacteria,Proteobacteria,Gammaproteobacteria,Xanthomonadales,Rhodanobacteraceae,uncultured,uncultured bacterium
seq3126,Bacteria,Acidobacteriota,Blastocatellia,11-24,uncultured soil bacterium,,
seq3127,ML_predicted_Phylum: Bacteroidota,,,,,,
seq3128,Bacteria,Bacteroidota,Bacteroidia,Cytophagales,Microscillaceae,uncultured,uncultured Bacteroidetes bacterium
seq3129,Bacteria,Proteobacteria,Gammaproteobacteria,Burkholderiales,TRA3-20,uncultured Rhodocyclaceae bacterium,
seq3130,Bacteria,Cyanobacteria,Cyanobacteriia,Chloroplast,Populus alba,,
seq3131,Bacteria,Bdellovibrionota,Bdellovibrionia,Bdellovibrionales,Bdellovibrionaceae,OM27 clade,uncultured bacterium
seq3132,Bacteria,Actinobacteriota,Acidimicrobiia,Microtrichales,uncultured,uncultured bacterium,
seq3133,Bacteria,Planctomycetota,Planctomycetes,Gemmatales,Gemmataceae,uncultured,uncultured bacterium
seq3134,Bacteria,Bacteroidota,Bacteroidia,Sphingobacteriales,env.OPS 17,uncultured bacterium,
seq3135,Bacteria,Planctomycetota,OM190,uncultured bacterium,,,
seq3136,Bacteria,Acidobacteriota,Vicinamibacteria,Vicinamibacterales,Vicinamibacteraceae,uncultured Acidobacteriales bacterium,
seq3137,Bacteria,Myxococcota,bacteriap25,uncultured bacterium,,,
seq3138,Bacteria,Actinobacteriota,Rubrobacteria,Rubrobacterales,Rubrobacteriaceae,Rubrobacter,uncultured bacterium
seq3139,Bacteria,Acidobacteriota,Blastocatellia,Pyrinomonadales,Pyrinomonadaceae,RB41,uncultured bacterium
seq3140,Bacteria,Proteobacteria,Gammaproteobacteria,Burkholderiales,Nitrosomonadaceae,MND1,uncultured bacterium
seq3141,Bacteria,Bacteroidota,Bacteroidia,Chitinophagales,Chitinophagaceae,uncultured,uncultured bacterium
seq3142,Bacteria,Acidobacteriota,Holophagae,Subgroup 7,uncultured Acidobacteria bacterium,,
seq3143,Bacteria,Actinobacteriota,Actinobacteria,Propionibacteriales,Propionibacteriaceae,Microlunatus,uncultured bacterium
seq3144,Bacteria,Actinobacteriota,Thermoleophilia,Gaiellales,uncultured,uncultured bacterium,
seq3145,Bacteria,Chloroflexi,Anaerolineae,Anaerolineales,Anaerolineaceae,uncultured,uncultured bacterium
seq3146,Unclassified,,,,,,
seq3147,Bacteria,Actinobacteriota,Thermoleophilia,Solirubrobacterales,Solirubrobacteraceae,Solirubrobacter,Solirubrobacter taibaiensis
seq3148,Bacteria,Acidobacteriota,Vicinamibacteria,Vicinamibacterales,uncultured,uncultured bacterium,
seq3149,Bacteria,Proteobacteria,Alphaproteobacteria,Reyranellales,Reyranellaceae,uncultured,uncultured bacterium
seq3150,Bacteria,Actinobacteriota,Actinobacteria,Micromonosporales,Micromonosporaceae,Actinoplanes,uncultured bacterium
seq3151,Bacteria,Acidobacteriota,Blastocatellia,Pyrinomonadales,Pyrinomonadaceae,RB41,uncultured Acidobacteria bacterium
seq3152,Bacteria,Armatimonadota,Fimbriimonadia,Fimbriimonadales,Fimbriimonadaceae,uncultured bacterium,
seq3153,Bacteria,Bacteroidota,Bacteroidia,Chitinophagales,Chitinophagaceae,Segetibacter,uncultured bacterium
seq3154,Bacteria,Planctomycetota,Planctomycetes,Pirellulales,Pirellulaceae,uncultured,uncultured bacterium
seq3155,Bacteria,Planctomycetota,Planctomycetes,Pirellulales,Pirellulaceae,Pirellula,uncultured bacterium
seq3156,Bacteria,Actinobacteriota,Thermoleophilia,Solirubrobacterales,67-14,uncultured bacterium,
seq3157,Bacteria,Chloroflexi,Anaerolineae,SBR1031,A4b,uncultured bacterium,
seq3158,Bacteria,Planctomycetota,Planctomycetes,Pirellulales,Pirellulaceae,Pirellula,uncultured bacterium
seq3159,Bacteria,Actinobacteriota,Thermoleophilia,Solirubrobacterales,67-14,uncultured bacterium,
seq3160,Bacteria,Entotheonellaeota,Entotheonellia,Entotheonellales,Entotheonellaceae,uncultured bacterium,
seq3161,Bacteria,Verrucomicrobiota,Verrucomicrobiae,Chthoniobacterales,Chthoniobacteraceae,Candidatus Udaeobacter,uncultured bacterium
seq3162,Bacteria,Actinobacteriota,Actinobacteria,Pseudonocardiales,Pseudonocardiaceae,Actinophytocola,Actinophytocola oryzae
seq3163,Bacteria,Bacteroidota,Bacteroidia,Cytophagales,Microscillaceae,uncultured,metagenome
seq3164,Bacteria,Bacteroidota,Bacteroidia,Chitinophagales,Chitinophagaceae,uncultured,uncultured soil bacterium
seq3165,Bacteria,Actinobacteriota,Thermoleophilia,Gaiellales,uncultured,uncultured bacterium,
seq3166,Bacteria,Proteobacteria,Alphaproteobacteria,Paracaedibacterales,Paracaedibacteraceae,Candidatus Paracaedibacter,uncultured bacterium
seq3167,Bacteria,Verrucomicrobiota,Verrucomicrobiae,Chthoniobacterales,Chthoniobacteraceae,Chthoniobacter,uncultured bacterium
seq3168,Bacteria,Proteobacteria,Gammaproteobacteria,Steroidobacterales,Steroidobacteraceae,uncultured,uncultured bacterium
seq3169,Bacteria,Acidobacteriota,Blastocatellia,Pyrinomonadales,Pyrinomonadaceae,RB41,uncultured bacterium
seq3170,ML_predicted_Phylum: Planctomycetota,,,,,,
seq3171,Bacteria,Firmicutes,Bacilli,Bacillales,Bacillaceae,Bacillus,Bacillus horikoshii
seq3172,Bacteria,Planctomycetota,Planctomycetes,Gemmatales,Gemmataceae,Gemmata,Gemmata sp. Fl1-1
seq3173,Bacteria,Actinobacteriota,Thermoleophilia,Gaiellales,uncultured,uncultured bacterium,
seq3174,Bacteria,Actinobacteriota,Thermoleophilia,Gaiellales,Gaiellaceae,Gaiella,uncultured bacterium
seq3175,ML_predicted_Phylum: Proteobacteria,,,,,,
seq3176,Bacteria,Actinobacteriota,Thermoleophilia,Gaiellales,Gaiellaceae,Gaiella,uncultured bacterium
seq3177,Bacteria,Proteobacteria,Alphaproteobacteria,Tistrellales,Geminicoccaceae,Candidatus Alysiosphaera,uncultured bacterium
seq3178,Bacteria,Planctomycetota,Phycisphaerae,CCM11a,uncultured bacterium,,
seq3179,Bacteria,Bacteroidota,Bacteroidia,Cytophagales,Microscillaceae,uncultured,uncultured bacterium
seq3180,Bacteria,Planctomycetota,vadinHA49,uncultured bacterium,,,
seq3181,Bacteria,Acidobacteriota,Blastocatellia,Pyrinomonadales,Pyrinomonadaceae,RB41,uncultured Acidobacteria bacterium
seq3182,Bacteria,Actinobacteriota,Thermoleophilia,Gaiellales,uncultured,uncultured bacterium,
seq3183,Unclassified,,,,,,
seq3184,Bacteria,Acidobacteriota,Subgroup 25,uncultured bacterium,,,
seq3185,Bacteria,Verrucomicrobiota,Verrucomicrobiae,Pedosphaerales,Pedosphaeraceae,uncultured,uncultured bacterium
seq3186,Bacteria,Proteobacteria,Alphaproteobacteria,Caulobacterales,Hyphomonadaceae,SWB02,uncultured bacterium
seq3187,Archaea,Crenarchaeota,Nitrososphaeria,Nitrososphaerales,Nitrososphaeraceae,uncultured crenarchaeote,
seq3188,ML_predicted_Phylum: Verrucomicrobiota,,,,,,
seq3189,Bacteria,Actinobacteriota,Actinobacteria,Kineosporiales,Kineosporiaceae,Quadrisphaera,uncultured actinobacterium
seq3190,Bacteria,Acidobacteriota,Blastocatellia,Pyrinomonadales,Pyrinomonadaceae,RB41,uncultured bacterium
seq3191,Bacteria,Planctomycetota,OM190,uncultured bacterium,,,
seq3192,Bacteria,Planctomycetota,Phycisphaerae,Tepidisphaerales,WD2101 soil group,uncultured planctomycete,
seq3193,Bacteria,Bacteroidota,Bacteroidia,Chitinophagales,Chitinophagaceae,Chitinophaga,Chitinophaga sp.
seq3194,Bacteria,Proteobacteria,Alphaproteobacteria,Caulobacterales,Caulobacteraceae,Phenylobacterium,uncultured bacterium
seq3195,Bacteria,Acidobacteriota,Vicinamibacteria,Vicinamibacterales,Vicinamibacteraceae,uncultured Acidobacteriales bacterium,
seq3196,Bacteria,Proteobacteria,Alphaproteobacteria,Sphingomonadales,Sphingomonadaceae,Ellin6055,uncultured bacterium
seq3197,Bacteria,Acidobacteriota,Blastocatellia,Blastocatellales,Blastocatellaceae,Stenotrophobacter,uncultured bacterium gp4
seq3198,Bacteria,Proteobacteria,Gammaproteobacteria,Burkholderiales,Comamonadaceae,Rhizobacter,uncultured bacterium
seq3199,Bacteria,Proteobacteria,Alphaproteobacteria,Rhizobiales,Rhizobiales Incertae Sedis,Bauldia,uncultured bacterium
seq3200,Bacteria,Planctomycetota,Phycisphaerae,Tepidisphaerales,WD2101 soil group,uncultured planctomycete,
seq3201,Bacteria,Acidobacteriota,Blastocatellia,Pyrinomonadales,Pyrinomonadaceae,RB41,uncultured bacterium
seq3202,Bacteria,Proteobacteria,Alphaproteobacteria,Rhizobiales,Rhizobiaceae,Allorhizobium-Neorhizobium-Pararhizobium-Rhizobium,Rhizobium sp. Root482
seq3203,Unclassified,,,,,,
seq3204,Bacteria,Verrucomicrobiota,Verrucomicrobiae,Verrucomicrobiales,Rubritaleaceae,Luteolibacter,Luteolibacter arcticus
seq3205,Unclassified,,,,,,
seq3206,Bacteria,Proteobacteria,Gammaproteobacteria,Burkholderiales,Nitrosomonadaceae,MND1,uncultured Nitrosomonadaceae bacterium
seq3207,Bacteria,Proteobacteria,Alphaproteobacteria,Rhizobiales,Hyphomicrobiaceae,Pedomicrobium,uncultured Alphaproteobacteria bacterium
seq3208,Bacteria,Gemmatimonadota,S0134 terrestrial group,uncultured soil bacterium,,,
seq3209,Bacteria,Planctomycetota,Planctomycetes,Gemmatales,Gemmataceae,Gemmata,uncultured bacterium
seq3210,Bacteria,Acidobacteriota,Blastocatellia,Blastocatellales,Blastocatellaceae,Stenotrophobacter,uncultured Acidobacteria bacterium
seq3211,Bacteria,Actinobacteriota,Actinobacteria,Frankiales,Geodermatophilaceae,Modestobacter,uncultured bacterium
seq3212,Bacteria,Acidobacteriota,Blastocatellia,Pyrinomonadales,Pyrinomonadaceae,RB41,uncultured bacterium
seq3213,Bacteria,Proteobacteria,Gammaproteobacteria,Burkholderiales,TRA3-20,uncultured bacterium,
seq3214,Bacteria,Verrucomicrobiota,Verrucomicrobiae,Pedosphaerales,Pedosphaeraceae,uncultured bacterium,
seq3215,Bacteria,Chloroflexi,Dehalococcoidia,S085,uncultured bacterium,,
seq3216,Archaea,Crenarchaeota,Nitrososphaeria,Nitrososphaerales,Nitrososphaeraceae,uncultured crenarchaeote,
seq3217,Bacteria,Actinobacteriota,Actinobacteria,Propionibacteriales,Propionibacteriaceae,Jiangella,Jiangella alkaliphila
seq3218,Unclassified,,,,,,
seq3219,Bacteria,Bacteroidota,Bacteroidia,Sphingobacteriales,AKYH767,metagenome,
seq3220,Bacteria,Acidobacteriota,Vicinamibacteria,Vicinamibacterales,Vicinamibacteraceae,uncultured bacterium,
seq3221,Bacteria,Verrucomicrobiota,Verrucomicrobiae,Pedosphaerales,Pedosphaeraceae,Ellin517,metagenome
seq3222,Bacteria,Proteobacteria,Alphaproteobacteria,Sphingomonadales,Sphingomonadaceae,Ellin6055,uncultured bacterium
seq3223,Bacteria,Myxococcota,Polyangia,Polyangiales,Polyangiaceae,Aetherobacter,uncultured bacterium
seq3224,Bacteria,Proteobacteria,Alphaproteobacteria,Rhizobiales,Xanthobacteraceae,Bradyrhizobium,uncultured Bradyrhizobium sp.
seq3225,Archaea,Crenarchaeota,Nitrososphaeria,Nitrososphaerales,Nitrososphaeraceae,uncultured archaeon,
seq3226,Bacteria,Planctomycetota,Planctomycetes,Pirellulales,Pirellulaceae,uncultured,uncultured bacterium
seq3227,Bacteria,Acidobacteriota,Blastocatellia,Pyrinomonadales,Pyrinomonadaceae,RB41,uncultured bacterium
seq3228,Bacteria,RCP2-54,uncultured bacterium,,,,
seq3229,Bacteria,Acidobacteriota,Vicinamibacteria,Vicinamibacterales,uncultured,uncultured bacterium,
seq3230,Unclassified,,,,,,
seq3231,Bacteria,Planctomycetota,Phycisphaerae,Tepidisphaerales,WD2101 soil group,uncultured bacterium,
seq3232,Unclassified,,,,,,
seq3233,Bacteria,Proteobacteria,Alphaproteobacteria,Tistrellales,Geminicoccaceae,uncultured,uncultured bacterium
seq3234,Bacteria,Planctomycetota,Planctomycetes,Pirellulales,Pirellulaceae,Pirellula,uncultured bacterium
seq3235,Bacteria,Proteobacteria,Gammaproteobacteria,Burkholderiales,Comamonadaceae,Rhizobacter,metagenome
seq3236,Bacteria,Actinobacteriota,Thermoleophilia,uncultured,uncultured bacterium,,
seq3237,Unclassified,,,,,,
seq3238,Bacteria,Proteobacteria,Alphaproteobacteria,Azospirillales,Azospirillaceae,Skermanella,uncultured bacterium
seq3239,Bacteria,Proteobacteria,Gammaproteobacteria,Burkholderiales,SC-I-84,uncultured bacterium,
seq3240,Bacteria,Myxococcota,Polyangia,Haliangiales,Haliangiaceae,Haliangium,uncultured bacterium
seq3241,Bacteria,Acidobacteriota,Blastocatellia,Blastocatellales,Blastocatellaceae,Blastocatella,uncultured Acidobacteria bacterium
seq3242,Bacteria,Acidobacteriota,Thermoanaerobaculia,Thermoanaerobaculales,Thermoanaerobaculaceae,Subgroup 10,uncultured prokaryote
seq3243,Bacteria,Acidobacteriota,Acidobacteriae,Solibacterales,Solibacteraceae,Candidatus Solibacter,uncultured bacterium
seq3244,Bacteria,Bacteroidota,Bacteroidia,Cytophagales,Microscillaceae,uncultured,uncultured bacterium
seq3245,Bacteria,Actinobacteriota,Acidimicrobiia,Microtrichales,Ilumatobacteraceae,uncultured,uncultured bacterium
seq3246,Bacteria,Actinobacteriota,Thermoleophilia,uncultured,uncultured bacterium,,
seq3247,Bacteria,Proteobacteria,Gammaproteobacteria,Burkholderiales,Nitrosomonadaceae,Ellin6067,uncultured bacterium
seq3248,Bacteria,Myxococcota,bacteriap25,uncultured bacterium,,,
seq3249,Bacteria,Verrucomicrobiota,Verrucomicrobiae,Chthoniobacterales,Xiphinematobacteraceae,Candidatus Xiphinematobacter,uncultured bacterium
seq3250,Bacteria,Proteobacteria,Alphaproteobacteria,Rhizobiales,Xanthobacteraceae,Starkeya sp. Cap_B4,
seq3251,Bacteria,Myxococcota,Polyangia,Polyangiales,BIrii41,metagenome,
seq3252,Bacteria,Acidobacteriota,Vicinamibacteria,Vicinamibacterales,Vicinamibacteraceae,uncultured Acidobacteria bacterium,
seq3253,Bacteria,Planctomycetota,Phycisphaerae,Tepidisphaerales,WD2101 soil group,uncultured bacterium,
seq3254,Bacteria,Actinobacteriota,Thermoleophilia,Solirubrobacterales,Solirubrobacteraceae,Solirubrobacter,uncultured bacterium
seq3255,Bacteria,Actinobacteriota,Rubrobacteria,Rubrobacterales,Rubrobacteriaceae,Rubrobacter,uncultured bacterium
seq3256,Bacteria,Bacteroidota,Bacteroidia,Cytophagales,Microscillaceae,uncultured,uncultured bacterium
seq3257,Bacteria,Patescibacteria,Microgenomatia,Candidatus Woykebacteria,uncultured bacterium,,
seq3258,Bacteria,Acidobacteriota,Acidobacteriae,Solibacterales,Solibacteraceae,Candidatus Solibacter,uncultured bacterium
seq3259,Bacteria,Acidobacteriota,Vicinamibacteria,Vicinamibacterales,Vicinamibacteraceae,uncultured bacterium,
seq3260,Bacteria,Acidobacteriota,Vicinamibacteria,Vicinamibacterales,Vicinamibacteraceae,uncultured bacterium,
seq3261,Bacteria,Planctomycetota,Phycisphaerae,Tepidisphaerales,WD2101 soil group,uncultured bacterium,
seq3262,Bacteria,Actinobacteriota,Thermoleophilia,Solirubrobacterales,67-14,uncultured bacterium,
seq3263,Unclassified,,,,,,
seq3264,Bacteria,Myxococcota,bacteriap25,uncultured bacterium,,,
seq3265,Bacteria,Bacteroidota,Bacteroidia,Cytophagales,Cytophagaceae,Rhodocytophaga,uncultured bacterium
seq3266,Bacteria,Proteobacteria,Alphaproteobacteria,Rhizobiales,Beijerinckiaceae,Microvirga,uncultured bacterium
seq3267,Archaea,Crenarchaeota,Nitrososphaeria,Nitrososphaerales,Nitrososphaeraceae,Candidatus Nitrososphaera,uncultured archaeon
seq3268,Bacteria,Bacteroidota,Bacteroidia,Cytophagales,Microscillaceae,uncultured,metagenome
seq3269,Bacteria,Verrucomicrobiota,Verrucomicrobiae,Chthoniobacterales,Chthoniobacteraceae,Chthoniobacter,uncultured bacterium
seq3270,Bacteria,Actinobacteriota,Thermoleophilia,Gaiellales,Gaiellaceae,Gaiella,uncultured bacterium
seq3271,Bacteria,Actinobacteriota,Thermoleophilia,Gaiellales,uncultured,uncultured bacterium,
seq3272,Bacteria,Proteobacteria,Alphaproteobacteria,Azospirillales,Azospirillaceae,Skermanella,uncultured bacterium
seq3273,Bacteria,Bacteroidota,Bacteroidia,Chitinophagales,Chitinophagaceae,Parasegetibacter,uncultured Bacteroidetes bacterium
seq3274,Bacteria,RCP2-54,uncultured bacterium,,,,
seq3275,Bacteria,Myxococcota,Polyangia,Polyangiales,Sandaracinaceae,uncultured,uncultured bacterium
seq3276,Bacteria,Actinobacteriota,Acidimicrobiia,IMCC26256,uncultured bacterium,,
seq3277,Bacteria,Bacteroidota,Bacteroidia,Chitinophagales,Chitinophagaceae,Terrimonas,uncultured bacterium
seq3278,Archaea,Crenarchaeota,Nitrososphaeria,Nitrososphaerales,Nitrososphaeraceae,uncultured archaeon,
seq3279,Bacteria,Proteobacteria,Alphaproteobacteria,Rhizobiales,Devosiaceae,Devosia,Devosia sp. Emb19
seq3280,Bacteria,Verrucomicrobiota,Verrucomicrobiae,Pedosphaerales,Pedosphaeraceae,Ellin517,metagenome
seq3281,Bacteria,Actinobacteriota,Actinobacteria,Micrococcales,Intrasporangiaceae,Terrabacter terrigena,
seq3282,Bacteria,Acidobacteriota,Subgroup 5,uncultured Acidobacteria bacterium,,,
seq3283,Bacteria,Bacteroidota,Bacteroidia,Sphingobacteriales,AKYH767,metagenome,
seq3284,Bacteria,Bacteroidota,Bacteroidia,Chitinophagales,Chitinophagaceae,Terrimonas,uncultured bacterium
seq3285,Bacteria,Acidobacteriota,Blastocatellia,Blastocatellales,Blastocatellaceae,Blastocatella,uncultured bacterium
seq3286,Bacteria,Actinobacteriota,Acidimicrobiia,IMCC26256,uncultured Acidimicrobiia bacterium,,
seq3287,Unclassified,,,,,,
seq3288,Bacteria,Proteobacteria,Alphaproteobacteria,Rhizobiales,Rhizobiaceae,Aminobacter,uncultured bacterium
seq3289,Bacteria,Bacteroidota,Bacteroidia,Chitinophagales,Chitinophagaceae,Terrimonas,Terrimonas sp.
seq3290,Bacteria,Verrucomicrobiota,Verrucomicrobiae,Pedosphaerales,Pedosphaeraceae,uncultured bacterium,
seq3291,Bacteria,Bacteroidota,Bacteroidia,Chitinophagales,Chitinophagaceae,Ferruginibacter,uncultured soil bacterium
seq3292,Bacteria,Bacteroidota,Bacteroidia,Chitinophagales,Chitinophagaceae,Flavisolibacter,uncultured bacterium
seq3293,Bacteria,Bacteroidota,Bacteroidia,Chitinophagales,Saprospiraceae,uncultured,uncultured bacterium
seq3294,Bacteria,Proteobacteria,Alphaproteobacteria,Rhizobiales,uncultured,uncultured Alphaproteobacteria bacterium,
seq3295,Bacteria,Patescibacteria,Saccharimonadia,Saccharimonadales,uncultured bacterium,,
seq3296,Bacteria,Myxococcota,Polyangia,Haliangiales,Haliangiaceae,Haliangium,uncultured bacterium
seq3297,Actinobacteriota,,,,,,
seq3298,Bacteria,Acidobacteriota,Vicinamibacteria,Vicinamibacterales,Vicinamibacteraceae,uncultured,uncultured bacterium
seq3299,Bacteria,Methylomirabilota,Methylomirabilia,Rokubacteriales,uncultured Candidatus Rokubactera bacterium,,
seq3300,Unclassified,,,,,,
seq3301,Bacteria,Methylomirabilota,Methylomirabilia,Rokubacteriales,uncultured bacterium,,
seq3302,Bacteria,Actinobacteriota,Rubrobacteria,Rubrobacterales,Rubrobacteriaceae,Rubrobacter,uncultured bacterium
seq3303,Bacteria,Actinobacteriota,Actinobacteria,Pseudonocardiales,Pseudonocardiaceae,Pseudonocardia,uncultured bacterium
seq3304,Bacteria,Planctomycetota,Planctomycetes,Gemmatales,Gemmataceae,uncultured,uncultured bacterium
seq3305,Bacteria,Myxococcota,bacteriap25,uncultured bacterium,,,
seq3306,Bacteria,Actinobacteriota,Thermoleophilia,Solirubrobacterales,Solirubrobacteraceae,Conexibacter,metagenome
seq3307,Bacteria,Proteobacteria,Gammaproteobacteria,Burkholderiales,Comamonadaceae,Aquabacterium,uncultured bacterium
seq3308,Bacteria,Bacteroidota,Bacteroidia,Sphingobacteriales,AKYH767,uncultured bacterium,
seq3309,Bacteria,Actinobacteriota,Thermoleophilia,Solirubrobacterales,67-14,uncultured actinobacterium,
seq3310,ML_predicted_Phylum: Actinobacteriota,,,,,,
seq3311,Bacteria,Acidobacteriota,Blastocatellia,Pyrinomonadales,Pyrinomonadaceae,RB41,uncultivated soil bacterium clone S023
seq3312,Bacteria,Myxococcota,bacteriap25,uncultured bacterium,,,
seq3313,Bacteria,Actinobacteriota,Rubrobacteria,Rubrobacterales,Rubrobacteriaceae,Rubrobacter,metagenome
seq3314,Bacteria,Gemmatimonadota,Gemmatimonadetes,Gemmatimonadales,Gemmatimonadaceae,Gemmatimonas,uncultured bacterium
seq3315,ML_predicted_Phylum: Bacteroidota,,,,,,
seq3316,Bacteria,Bacteroidota,Bacteroidia,Chitinophagales,Saprospiraceae,uncultured,uncultured bacterium
seq3317,Bacteria,Actinobacteriota,Actinobacteria,Propionibacteriales,Nocardioidaceae,Nocardioides,Nocardioides sp.
seq3318,Bacteria,Acidobacteriota,Blastocatellia,11-24,uncultured bacterium,,
seq3319,Bacteria,RCP2-54,uncultured bacterium,,,,
seq3320,Bacteria,Planctomycetota,Planctomycetes,Pirellulales,Pirellulaceae,Pirellula,uncultured bacterium
seq3321,Bacteria,Bacteroidota,Bacteroidia,Chitinophagales,Chitinophagaceae,Edaphobaculum,Spumella-like flagellate JBM08
seq3322,Bacteria,Armatimonadota,Chthonomonadetes,Chthonomonadales,Chthonomonadaceae,Chthonomonas,uncultured bacterium
seq3323,Unclassified,,,,,,
seq3324,Bacteria,Planctomycetota,Planctomycetes,Isosphaerales,Isosphaeraceae,Singulisphaera,uncultured bacterium
seq3325,Bacteria,Patescibacteria,Saccharimonadia,Saccharimonadales,uncultured bacterium,,
seq3326,Bacteria,Verrucomicrobiota,Verrucomicrobiae,Verrucomicrobiales,Verrucomicrobiaceae,Roseimicrobium,uncultured Verrucomicrobia bacterium
seq3327,Bacteria,Actinobacteriota,Thermoleophilia,Solirubrobacterales,67-14,uncultured bacterium,
seq3328,Bacteria,Chloroflexi,Anaerolineae,Anaerolineales,Anaerolineaceae,uncultured,metagenome
seq3329,Unclassified,,,,,,
seq3330,Bacteria,Acidobacteriota,Vicinamibacteria,Vicinamibacterales,Vicinamibacteraceae,uncultured bacterium,
seq3331,Bacteria,Cyanobacteria,Cyanobacteriia,Chloroplast,Oryza sativa Japonica Group (Japanese rice),,
seq3332,Bacteria,Planctomycetota,Planctomycetes,Gemmatales,Gemmataceae,Gemmata,uncultured bacterium
seq3333,Bacteria,Proteobacteria,Alphaproteobacteria,Sphingomonadales,Sphingomonadaceae,Ellin6055,metagenome
seq3334,Bacteria,Myxococcota,Polyangia,Polyangiales,BIrii41,uncultured bacterium,
seq3335,Bacteria,Proteobacteria,Gammaproteobacteria,Enterobacterales,Erwiniaceae,Mixta gaviniae,
seq3336,ML_predicted_Phylum: Proteobacteria,,,,,,
seq3337,Bacteria,Actinobacteriota,Actinobacteria,Streptomycetales,Streptomycetaceae,Streptomyces,uncultured bacterium
seq3338,Bacteria,Actinobacteriota,Thermoleophilia,Gaiellales,uncultured,uncultured bacterium,
seq3339,Bacteria,Bacteroidota,Bacteroidia,Cytophagales,Microscillaceae,uncultured,uncultured bacterium
seq3340,Bacteria,Actinobacteriota,Acidimicrobiia,Microtrichales,uncultured,uncultured bacterium,
seq3341,Bacteria,Actinobacteriota,Actinobacteria,Frankiales,Geodermatophilaceae,Blastococcus,Blastococcus endophyticus
seq3342,Bacteria,Proteobacteria,Alphaproteobacteria,Sphingomonadales,Sphingomonadaceae,Sphingoaurantiacus,alpha proteobacterium R-36935
seq3343,Bacteria,Actinobacteriota,Rubrobacteria,Rubrobacterales,Rubrobacteriaceae,Rubrobacter,uncultured bacterium
seq3344,Bacteria,Actinobacteriota,Acidimicrobiia,IMCC26256,uncultured bacterium,,
seq3345,Bacteria,Planctomycetota,Planctomycetes,Gemmatales,Gemmataceae,uncultured,uncultured bacterium
seq3346,Bacteria,Acidobacteriota,Vicinamibacteria,Vicinamibacterales,uncultured,uncultured Acidobacteria bacterium,
seq3347,Bacteria,Proteobacteria,Alphaproteobacteria,Rhizobiales,uncultured,uncultured bacterium,
seq3348,Bacteria,Bacteroidota,Bacteroidia,Chitinophagales,Chitinophagaceae,Dinghuibacter,uncultured bacterium
seq3349,Bacteria,Bacteroidota,Bacteroidia,Chitinophagales,Chitinophagaceae,uncultured,uncultured bacterium
seq3350,Bacteria,Planctomycetota,Planctomycetes,Pirellulales,Pirellulaceae,Pirellula,uncultured soil bacterium
seq3351,Bacteria,Planctomycetota,Phycisphaerae,Tepidisphaerales,WD2101 soil group,uncultured bacterium,
seq3352,Bacteria,Proteobacteria,Gammaproteobacteria,Burkholderiales,Oxalobacteraceae,Massilia,Duganella sp. c1
seq3353,Bacteria,Cyanobacteria,Cyanobacteriia,Chloroplast,Phaseolus acutifolius (tepary bean),,
seq3354,Bacteria,Actinobacteriota,Actinobacteria,Micrococcales,Microbacteriaceae,Curtobacterium,Curtobacterium flaccumfaciens
seq3355,Bacteria,Acidobacteriota,Acidobacteriae,Bryobacterales,Bryobacteraceae,Bryobacter,uncultured bacterium
seq3356,Bacteria,Proteobacteria,Alphaproteobacteria,Sphingomonadales,Sphingomonadaceae,Sphingomonas,uncultured bacterium
seq3357,Bacteria,Actinobacteriota,Actinobacteria,Micrococcales,Promicromonosporaceae,Cellulosimicrobium,Cellulosimicrobium sp. GI2
seq3358,Bacteria,Myxococcota,Polyangia,Polyangiales,BIrii41,uncultured bacterium,
seq3359,Bacteria,Acidobacteriota,Acidobacteriae,Bryobacterales,Bryobacteraceae,Bryobacter,uncultured bacterium
seq3360,ML_predicted_Phylum: Proteobacteria,,,,,,
seq3361,Bacteria,Acidobacteriota,Holophagae,Subgroup 7,uncultured Acidobacteria bacterium,,
seq3362,ML_predicted_Phylum: Proteobacteria,,,,,,
seq3363,Bacteria,Acidobacteriota,Holophagae,Subgroup 7,uncultured Acidobacterium sp.,,
seq3364,Bacteria,Actinobacteriota,Acidimicrobiia,Microtrichales,Ilumatobacteraceae,uncultured,uncultured bacterium
seq3365,Unclassified,,,,,,
seq3366,Bacteria,Planctomycetota,Planctomycetes,Gemmatales,Gemmataceae,uncultured,uncultured bacterium
seq3367,Bacteria,Bacteroidota,Bacteroidia,Chitinophagales,Chitinophagaceae,Aurantisolimonas,uncultured bacterium
seq3368,Bacteria,Bacteroidota,Kapabacteria,Kapabacteriales,metagenome,,
seq3369,Bacteria,Myxococcota,Polyangia,Polyangiales,Polyangiaceae,uncultured,uncultured delta proteobacterium
seq3370,Bacteria,Proteobacteria,Gammaproteobacteria,Gammaproteobacteria Incertae Sedis,Unknown Family,Acidibacter,uncultured bacterium
seq3371,Bacteria,Proteobacteria,Gammaproteobacteria,Pseudomonadales,Cellvibrionaceae,Cellvibrio,Cellvibrio gandavensis
seq3372,Bacteria,Proteobacteria,Gammaproteobacteria,Pseudomonadales,Halieaceae,OM60(NOR5) clade,uncultured bacterium
seq3373,ML_predicted_Phylum: Patescibacteria,,,,,,
seq3374,Bacteria,Actinobacteriota,Actinobacteria,Streptomycetales,Streptomycetaceae,Streptomyces,Streptomyces endophyticus
seq3375,Bacteria,Planctomycetota,Planctomycetes,Pirellulales,Pirellulaceae,uncultured,metagenome
seq3376,Bacteria,Acidobacteriota,Blastocatellia,11-24,uncultured Acidobacteria bacterium,,
seq3377,Bacteria,Bacteroidota,Bacteroidia,Chitinophagales,Chitinophagaceae,Ferruginibacter,uncultured bacterium
seq3378,Unclassified,,,,,,
seq3379,Bacteria,Patescibacteria,Saccharimonadia,Saccharimonadales,uncultured bacterium,,
seq3380,Bacteria,Acidobacteriota,Vicinamibacteria,Vicinamibacterales,Vicinamibacteraceae,uncultured,uncultured Acidobacteria bacterium
seq3381,Patescibacteria,,,,,,
seq3382,Bacteria,Myxococcota,Polyangia,Polyangiales,BIrii41,uncultured bacterium,
seq3383,Bacteria,Bacteroidota,Bacteroidia,Chitinophagales,Saprospiraceae,uncultured,uncultured Sphingobacteriales bacterium
seq3384,Bacteria,Verrucomicrobiota,Verrucomicrobiae,Pedosphaerales,Pedosphaeraceae,uncultured bacterium,
seq3385,Bacteria,Proteobacteria,Gammaproteobacteria,Burkholderiales,Oxalobacteraceae,Massilia,Massilia umbonata
seq3386,Bacteria,Proteobacteria,Gammaproteobacteria,Steroidobacterales,Steroidobacteraceae,Steroidobacter,uncultured Steroidobacter sp.
seq3387,Bacteria,Verrucomicrobiota,Verrucomicrobiae,Verrucomicrobiales,Rubritaleaceae,Luteolibacter,Luteolibacter luojiensis
seq3388,Bacteria,Actinobacteriota,Thermoleophilia,Solirubrobacterales,67-14,uncultured actinobacterium,
seq3389,Bacteria,Verrucomicrobiota,Verrucomicrobiae,Pedosphaerales,Pedosphaeraceae,uncultured bacterium,
seq3390,Bacteria,Patescibacteria,Saccharimonadia,Saccharimonadales,uncultured bacterium,,
seq3391,Unclassified,,,,,,
seq3392,Bacteria,Bacteroidota,Bacteroidia,Cytophagales,Microscillaceae,uncultured,uncultured bacterium
seq3393,Bacteria,Bacteroidota,Bacteroidia,Cytophagales,Microscillaceae,uncultured,uncultured soil bacterium
seq3394,Bacteria,Bacteroidota,Bacteroidia,Sphingobacteriales,env.OPS 17,metagenome,
seq3395,Bacteria,Bacteroidota,Bacteroidia,Chitinophagales,Saprospiraceae,uncultured,uncultured bacterium
seq3396,Bacteria,Bacteroidota,Bacteroidia,Bacteroidetes VC2.1 Bac22,uncultured bacterium,,
seq3397,Bacteria,Bacteroidota,Bacteroidia,Chitinophagales,Chitinophagaceae,uncultured,uncultured bacterium
seq3398,Bacteria,Actinobacteriota,Thermoleophilia,Solirubrobacterales,67-14,uncultured bacterium,
seq3399,Archaea,Crenarchaeota,Nitrososphaeria,Nitrososphaerales,Nitrososphaeraceae,uncultured crenarchaeote,
seq3400,Bacteria,Actinobacteriota,Actinobacteria,Propionibacteriales,Nocardioidaceae,Nocardioides,Nocardioides sp. Bzb3
seq3401,Bacteria,Cyanobacteria,Cyanobacteriia,Chloroplast,Couroupita guianensis (cannonball tree),,
seq3402,Bacteria,Actinobacteriota,Actinobacteria,Propionibacteriales,Nocardioidaceae,Nocardioides,Nocardioides sp. J111
seq3403,Bacteria,Proteobacteria,Alphaproteobacteria,Rhizobiales,Beijerinckiaceae,Microvirga,uncultured bacterium
seq3404,Bacteria,Actinobacteriota,Thermoleophilia,uncultured,uncultured bacterium,,
seq3405,ML_predicted_Phylum: Proteobacteria,,,,,,
seq3406,Unclassified,,,,,,
seq3407,Bacteria,Chloroflexi,Chloroflexia,Thermomicrobiales,JG30-KF-CM45,uncultured bacterium,
seq3408,Proteobacteria,,,,,,
seq3409,Patescibacteria,,,,,,
seq3410,Bacteria,Patescibacteria,Saccharimonadia,Saccharimonadales,uncultured bacterium,,
seq3411,Unclassified,,,,,,
seq3412,Bacteroidota,,,,,,
seq3413,Bacteria,Proteobacteria,Gammaproteobacteria,Steroidobacterales,Steroidobacteraceae,Steroidobacter,metagenome
seq3414,Bacteria,Bacteroidota,Bacteroidia,Cytophagales,Microscillaceae,uncultured,uncultured bacterium
seq3415,Bacteria,Bacteroidota,Bacteroidia,Cytophagales,Spirosomaceae,Spirosoma,Spirosoma litoris
seq3416,Bacteria,Acidobacteriota,Vicinamibacteria,Vicinamibacterales,uncultured,uncultured Acidobacteriaceae bacterium,
seq3417,Bacteria,Patescibacteria,Saccharimonadia,Saccharimonadales,uncultured bacterium,,
seq3418,Bacteria,Acidobacteriota,Acidobacteriae,Bryobacterales,Bryobacteraceae,Bryobacter,metagenome
seq3419,Bacteria,Myxococcota,Polyangia,Haliangiales,Haliangiaceae,Haliangium,uncultured bacterium
seq3420,Bacteria,Actinobacteriota,Thermoleophilia,Gaiellales,Gaiellaceae,Gaiella,uncultured bacterium
seq3421,Bacteria,Actinobacteriota,Actinobacteria,Propionibacteriales,Propionibacteriaceae,Microlunatus,uncultured bacterium
seq3422,Bacteria,Actinobacteriota,Thermoleophilia,Solirubrobacterales,Solirubrobacteraceae,Solirubrobacter,uncultured bacterium
seq3423,Bacteria,Actinobacteriota,Thermoleophilia,Gaiellales,uncultured,uncultured actinobacterium,
seq3424,Bacteria,Acidobacteriota,Vicinamibacteria,Vicinamibacterales,Vicinamibacteraceae,uncultured Acidobacteria bacterium,
seq3425,Bacteria,Bacteroidota,Bacteroidia,Chitinophagales,37-13,uncultured bacterium,
seq3426,Bacteria,Actinobacteriota,Actinobacteria,0319-7L14,uncultured bacterium,,
seq3427,Verrucomicrobiota,,,,,,
seq3428,Bacteria,Bacteroidota,Bacteroidia,Chitinophagales,Chitinophagaceae,Terrimonas,uncultured bacterium
seq3429,Bacteria,Actinobacteriota,Thermoleophilia,Gaiellales,uncultured,uncultured bacterium,
seq3430,Bacteria,Bacteroidota,Bacteroidia,Chitinophagales,Chitinophagaceae,uncultured,uncultured bacterium
seq3431,Bacteria,Actinobacteriota,Acidimicrobiia,Microtrichales,uncultured,uncultured bacterium,
seq3432,Bacteria,Bacteroidota,Bacteroidia,Chitinophagales,Chitinophagaceae,Puia,uncultured bacterium
seq3433,Bacteria,Elusimicrobiota,Lineage IIa,uncultured bacterium,,,
seq3434,Bacteria,Actinobacteriota,Thermoleophilia,Gaiellales,uncultured,uncultured bacterium,
seq3435,Bacteria,Actinobacteriota,MB-A2-108,uncultured bacterium,,,
seq3436,Bacteria,Bacteroidota,Bacteroidia,Chitinophagales,Chitinophagaceae,Ferruginibacter,uncultured bacterium
seq3437,Bacteria,Myxococcota,Polyangia,Haliangiales,Haliangiaceae,Haliangium,uncultured bacterium
seq3438,Bacteria,Patescibacteria,Saccharimonadia,Saccharimonadales,YM_S32_TM7_50_20,uncultured soil bacterium,
seq3439,Bacteria,Bacteroidota,Bacteroidia,Cytophagales,Hymenobacteraceae,Adhaeribacter,uncultured bacterium
seq3440,Bacteroidota,,,,,,
seq3441,Bacteria,Chloroflexi,Chloroflexia,Chloroflexales,Roseiflexaceae,uncultured,uncultured bacterium
seq3442,Bacteria,Actinobacteriota,Actinobacteria,Glycomycetales,Glycomycetaceae,Glycomyces,Glycomyces algeriensis
seq3443,Bacteria,Verrucomicrobiota,Verrucomicrobiae,Opitutales,Opitutaceae,Lacunisphaera,uncultured bacterium
seq3444,Bacteria,Bacteroidota,Bacteroidia,Cytophagales,Microscillaceae,uncultured,uncultured bacterium
seq3445,Archaea,Crenarchaeota,Nitrososphaeria,Nitrososphaerales,Nitrososphaeraceae,uncultured archaeon,
seq3446,Unclassified,,,,,,
seq3447,Bacteria,Bacteroidota,Bacteroidia,Flavobacteriales,Flavobacteriaceae,Flavobacterium,Flavobacterium sp. YC6718
seq3448,Bacteria,Proteobacteria,Alphaproteobacteria,Rhizobiales,Xanthobacteraceae,uncultured,uncultured Alphaproteobacteria bacterium
seq3449,Archaea,Crenarchaeota,Nitrososphaeria,Nitrososphaerales,Nitrososphaeraceae,uncultured crenarchaeote,
seq3450,Bacteria,Bacteroidota,Bacteroidia,Chitinophagales,uncultured,uncultured bacterium,
seq3451,Bacteria,Proteobacteria,Alphaproteobacteria,Sphingomonadales,Sphingomonadaceae,uncultured,Sphingosinicella sp. BS11
seq3452,Bacteria,Bacteroidota,Bacteroidia,Flavobacteriales,Flavobacteriaceae,Flavobacterium,uncultured Bacteroidetes bacterium
seq3453,Bacteria,Planctomycetota,Planctomycetes,Pirellulales,Pirellulaceae,uncultured,uncultured bacterium
seq3454,Bacteria,Actinobacteriota,Actinobacteria,Micromonosporales,Micromonosporaceae,Luedemannella,Luedemannella flava
seq3455,Bacteria,Acidobacteriota,Acidobacteriae,Solibacterales,Solibacteraceae,Candidatus Solibacter,uncultured bacterium
seq3456,Bacteria,Patescibacteria,Saccharimonadia,Saccharimonadales,uncultured Candidatus Saccharibacteria bacterium,,
seq3457,Bacteria,Myxococcota,Polyangia,Haliangiales,Haliangiaceae,Haliangium,uncultured bacterium
seq3458,Bacteria,Myxococcota,Polyangia,Haliangiales,Haliangiaceae,Haliangium,uncultured delta proteobacterium
seq3459,Bacteria,Myxococcota,Polyangia,Nannocystales,Nannocystaceae,Nannocystis,metagenome
seq3460,Bacteria,Patescibacteria,Saccharimonadia,Saccharimonadales,uncultured bacterium,,
seq3461,Bacteria,Acidobacteriota,Vicinamibacteria,Vicinamibacterales,uncultured,uncultured bacterium,
seq3462,ML_predicted_Phylum: Patescibacteria,,,,,,
seq3463,Bacteria,Bacteroidota,Bacteroidia,Chitinophagales,Chitinophagaceae,Flavisolibacter,uncultured Flavisolibacter sp.
seq3464,Bacteria,Actinobacteriota,Actinobacteria,Micromonosporales,Micromonosporaceae,uncultured,uncultured bacterium
seq3465,Bacteria,Bacteroidota,Bacteroidia,Cytophagales,Microscillaceae,uncultured,uncultured bacterium
seq3466,Bacteria,Entotheonellaeota,Entotheonellia,Entotheonellales,Entotheonellaceae,uncultured bacterium,
seq3467,Bacteria,Bacteroidota,Bacteroidia,Sphingobacteriales,Sphingobacteriaceae,Pedobacter,Pedobacter humi
seq3468,ML_predicted_Phylum: Proteobacteria,,,,,,
seq3469,ML_predicted_Phylum: Planctomycetota,,,,,,
seq3470,Bacteria,Patescibacteria,Saccharimonadia,Saccharimonadales,Saccharimonadaceae,TM7a,uncultured bacterium
seq3471,Bacteria,Entotheonellaeota,Entotheonellia,Entotheonellales,Entotheonellaceae,uncultured bacterium,
seq3472,Bacteria,Acidobacteriota,Thermoanaerobaculia,Thermoanaerobaculales,Thermoanaerobaculaceae,Subgroup 10,uncultured Alphaproteobacteria bacterium
seq3473,Unclassified,,,,,,
seq3474,Bacteria,Acidobacteriota,Acidobacteriae,Solibacterales,Solibacteraceae,Candidatus Solibacter,uncultured Acidobacterium sp.
seq3475,Bacteria,Actinobacteriota,Thermoleophilia,Gaiellales,Gaiellaceae,Gaiella,uncultured bacterium
seq3476,Bacteria,Proteobacteria,Gammaproteobacteria,Burkholderiales,Sutterellaceae,uncultured,uncultured bacterium
seq3477,Bacteria,Verrucomicrobiota,Verrucomicrobiae,Chthoniobacterales,Xiphinematobacteraceae,Candidatus Xiphinematobacter,uncultured bacterium
seq3478,Bacteria,Planctomycetota,Planctomycetes,uncultured,uncultured Planctomycetaceae bacterium,,
seq3479,Bacteria,Bacteroidota,Bacteroidia,Chitinophagales,Chitinophagaceae,uncultured,uncultured bacterium
seq3480,Bacteria,Planctomycetota,Planctomycetes,Gemmatales,Gemmataceae,uncultured,uncultured bacterium
seq3481,Bacteria,Myxococcota,Polyangia,Haliangiales,Haliangiaceae,Haliangium,uncultured bacterium
seq3482,Bacteria,Actinobacteriota,Thermoleophilia,Solirubrobacterales,67-14,uncultured bacterium,
seq3483,Bacteria,Gemmatimonadota,Gemmatimonadetes,Gemmatimonadales,Gemmatimonadaceae,Gemmatimonas,uncultured bacterium
seq3484,Bacteria,Actinobacteriota,Thermoleophilia,Solirubrobacterales,Solirubrobacteraceae,Solirubrobacter,uncultured bacterium
seq3485,Bacteria,Acidobacteriota,Blastocatellia,Pyrinomonadales,Pyrinomonadaceae,RB41,uncultured bacterium
seq3486,Bacteroidota,,,,,,
seq3487,Bacteria,Chloroflexi,Anaerolineae,SBR1031,A4b,uncultured bacterium,
seq3488,Bacteria,Actinobacteriota,Actinobacteria,Micrococcales,Microbacteriaceae,Agromyces,Agromyces ramosus
seq3489,Bacteria,Actinobacteriota,Thermoleophilia,Gaiellales,uncultured,uncultured bacterium,
seq3490,Bacteria,Bacteroidota,Bacteroidia,Chitinophagales,Chitinophagaceae,uncultured,uncultured bacterium
seq3491,Bacteria,Gemmatimonadota,Gemmatimonadetes,Gemmatimonadales,Gemmatimonadaceae,uncultured,uncultured soil bacterium
seq3492,Bacteria,Acidobacteriota,Blastocatellia,11-24,uncultured Acidobacteria bacterium,,
seq3493,Bacteria,Acidobacteriota,Acidobacteriae,Bryobacterales,Bryobacteraceae,Bryobacter,uncultured prokaryote
seq3494,Bacteria,Planctomycetota,Planctomycetes,Pirellulales,Pirellulaceae,Pirellula,metagenome
seq3495,Bacteria,Actinobacteriota,Actinobacteria,Propionibacteriales,Nocardioidaceae,Nocardioides,Nocardioides panzhihuensis
seq3496,Bacteria,Myxococcota,Polyangia,Polyangiales,Sandaracinaceae,uncultured,uncultured bacterium
seq3497,Bacteria,Actinobacteriota,Acidimicrobiia,Microtrichales,Iamiaceae,Iamia,metagenome
seq3498,Bacteria,Bacteroidota,Bacteroidia,Cytophagales,Microscillaceae,uncultured,uncultured Ohtaekwangia sp.
seq3499,Bacteria,Acidobacteriota,Vicinamibacteria,Vicinamibacterales,Vicinamibacteraceae,uncultured bacterium,
seq3500,Bacteria,Planctomycetota,Planctomycetes,uncultured,uncultured bacterium,,
seq3501,Bacteria,Verrucomicrobiota,Verrucomicrobiae,Pedosphaerales,Pedosphaeraceae,Ellin517,uncultured bacterium
seq3502,Bacteria,Acidobacteriota,Vicinamibacteria,Vicinamibacterales,uncultured,uncultured bacterium,
seq3503,Bacteria,Proteobacteria,Gammaproteobacteria,Steroidobacterales,Steroidobacteraceae,uncultured,uncultured bacterium
seq3504,Bacteria,Acidobacteriota,Vicinamibacteria,Vicinamibacterales,uncultured,uncultured bacterium,
seq3505,Bacteria,Acidobacteriota,Vicinamibacteria,Vicinamibacterales,uncultured,uncultured Acidobacteria bacterium,
seq3506,Bacteria,Proteobacteria,Gammaproteobacteria,Burkholderiales,TRA3-20,uncultured bacterium,
seq3507,Archaea,Crenarchaeota,Nitrososphaeria,Nitrososphaerales,Nitrososphaeraceae,uncultured archaeon,
seq3508,Bacteria,Proteobacteria,Alphaproteobacteria,Rhizobiales,Xanthobacteraceae,Rhodopseudomonas,Bradyrhizobiaceae bacterium 341
seq3509,Bacteria,Planctomycetota,Planctomycetes,Pirellulales,Pirellulaceae,uncultured,uncultured bacterium
seq3510,Bacteria,Patescibacteria,Saccharimonadia,Saccharimonadales,uncultured bacterium,,
seq3511,Bacteria,Proteobacteria,Gammaproteobacteria,CCD24,uncultured bacterium,,
seq3512,Bacteria,Verrucomicrobiota,Verrucomicrobiae,Pedosphaerales,Pedosphaeraceae,uncultured bacterium,
seq3513,Bacteria,Planctomycetota,Phycisphaerae,Tepidisphaerales,WD2101 soil group,uncultured bacterium,
seq3514,Bacteria,Chloroflexi,Anaerolineae,SBR1031,A4b,metagenome,
seq3515,Bacteria,Verrucomicrobiota,Verrucomicrobiae,Chthoniobacterales,Xiphinematobacteraceae,Candidatus Xiphinematobacter,uncultured bacterium
seq3516,Bacteria,Actinobacteriota,MB-A2-108,uncultured bacterium,,,
seq3517,Bacteria,Proteobacteria,Alphaproteobacteria,Rhizobiales,Devosiaceae,Devosia,Devosia sp. Po15d
seq3518,ML_predicted_Phylum: Bacteroidota,,,,,,
seq3519,Bacteria,Proteobacteria,Gammaproteobacteria,Pseudomonadales,Pseudomonadaceae,Pseudomonas,Pseudomonas viridiflava
seq3520,Archaea,Crenarchaeota,Nitrososphaeria,Nitrososphaerales,Nitrososphaeraceae,Candidatus Nitrososphaera,uncultured archaeon
seq3521,Bacteria,Actinobacteriota,Thermoleophilia,Gaiellales,uncultured,uncultured bacterium,
seq3522,Bacteroidota,,,,,,
seq3523,Bacteria,Cyanobacteria,Cyanobacteriia,Cyanobacteriales,Nostocaceae,Nostoc BDU-40302,Nostoc sp. HCC1088
seq3524,Bacteria,Myxococcota,Polyangia,Polyangiales,Polyangiaceae,uncultured,uncultured bacterium
seq3525,Bacteria,Verrucomicrobiota,Verrucomicrobiae,Pedosphaerales,Pedosphaeraceae,uncultured bacterium,
seq3526,Bacteria,Actinobacteriota,Thermoleophilia,Gaiellales,uncultured,uncultured bacterium,
seq3527,Bacteria,Verrucomicrobiota,Verrucomicrobiae,Pedosphaerales,Pedosphaeraceae,uncultured bacterium,
seq3528,Bacteroidota,,,,,,
seq3529,Bacteria,Bacteroidota,Bacteroidia,Chitinophagales,Chitinophagaceae,Flavitalea,bacterium CS57
seq3530,Bacteria,Actinobacteriota,Actinobacteria,Micrococcales,Microbacteriaceae,Agromyces,Agromyces sp. Po20a
seq3531,Bacteria,Chloroflexi,Anaerolineae,SBR1031,A4b,uncultured bacterium,
seq3532,Archaea,Crenarchaeota,Nitrososphaeria,Nitrososphaerales,Nitrososphaeraceae,uncultured archaeon,
seq3533,Bacteria,Bacteroidota,Bacteroidia,Chitinophagales,Chitinophagaceae,uncultured,uncultured Terrimonas sp.
seq3534,Bacteria,Bacteroidota,Bacteroidia,Cytophagales,Cytophagaceae,uncultured bacterium,
seq3535,Bacteria,RCP2-54,uncultured bacterium,,,,
seq3536,Bacteria,Proteobacteria,Gammaproteobacteria,Steroidobacterales,Steroidobacteraceae,Steroidobacter,uncultured bacterium
seq3537,ML_predicted_Phylum: Proteobacteria,,,,,,
seq3538,Bacteria,Desulfobacterota,Desulfuromonadia,PB19,uncultured bacterium,,
seq3539,Bacteria,Proteobacteria,Gammaproteobacteria,Burkholderiales,TRA3-20,uncultured bacterium,
seq3540,Unclassified,,,,,,
seq3541,Bacteria,Proteobacteria,Alphaproteobacteria,Rhizobiales,Xanthobacteraceae,Afipia,iron-reducing bacterium enrichment culture clone FEA_2_G2
seq3542,Unclassified,,,,,,
seq3543,ML_predicted_Phylum: Patescibacteria,,,,,,
seq3544,Bacteria,Verrucomicrobiota,Verrucomicrobiae,Pedosphaerales,Pedosphaeraceae,Ellin517,uncultured bacterium
seq3545,Bacteria,Proteobacteria,Alphaproteobacteria,Rhizobiales,Devosiaceae,uncultured,uncultured bacterium
seq3546,Bacteria,Acidobacteriota,Blastocatellia,11-24,uncultured bacterium,,
seq3547,Bacteria,Proteobacteria,Gammaproteobacteria,Burkholderiales,Comamonadaceae,Ideonella,Aquincola sp. THE-49
seq3548,Bacteria,Acidobacteriota,Subgroup 11,uncultured bacterium,,,
seq3549,Bacteria,Actinobacteriota,Thermoleophilia,uncultured,uncultured bacterium,,
seq3550,Bacteria,Acidobacteriota,Blastocatellia,Pyrinomonadales,Pyrinomonadaceae,RB41,uncultured bacterium
seq3551,Bacteria,Actinobacteriota,Thermoleophilia,Gaiellales,uncultured,uncultured bacterium,
seq3552,Bacteria,Chloroflexi,KD4-96,uncultured bacterium,,,
seq3553,Bacteria,Planctomycetota,Planctomycetes,Planctomycetales,uncultured,metagenome,
seq3554,Bacteria,Verrucomicrobiota,Verrucomicrobiae,Pedosphaerales,Pedosphaeraceae,uncultured bacterium,
seq3555,Bacteria,Bacteroidota,Bacteroidia,Chitinophagales,Chitinophagaceae,Edaphobaculum,uncultured bacterium
seq3556,Bacteria,Bacteroidota,Bacteroidia,Sphingobacteriales,Sphingobacteriaceae,Mucilaginibacter,metagenome
seq3557,Bacteria,Proteobacteria,Gammaproteobacteria,Burkholderiales,Nitrosomonadaceae,Ellin6067,uncultured bacterium
seq3558,ML_predicted_Phylum: Bacteroidota,,,,,,
seq3559,Bacteria,Bacteroidota,Bacteroidia,Chitinophagales,Chitinophagaceae,Flavisolibacter,uncultured bacterium
seq3560,Archaea,Crenarchaeota,Nitrososphaeria,Nitrososphaerales,Nitrososphaeraceae,uncultured archaeon,
seq3561,Bacteria,Proteobacteria,Gammaproteobacteria,Xanthomonadales,Xanthomonadaceae,Lysobacter,uncultured Thermomonas sp.
seq3562,Bacteria,Acidobacteriota,Blastocatellia,Pyrinomonadales,Pyrinomonadaceae,RB41,uncultured bacterium
seq3563,Unclassified,,,,,,
seq3564,ML_predicted_Phylum: Actinobacteriota,,,,,,
seq3565,Bacteria,Planctomycetota,Phycisphaerae,Tepidisphaerales,WD2101 soil group,uncultured bacterium,
seq3566,Bacteria,Proteobacteria,Alphaproteobacteria,Acetobacterales,Acetobacteraceae,uncultured,uncultured Alphaproteobacteria bacterium
seq3567,Bacteria,Acidobacteriota,Vicinamibacteria,Vicinamibacterales,Vicinamibacteraceae,uncultured bacterium,
seq3568,Bacteria,Myxococcota,Polyangia,Polyangiales,Polyangiaceae,Sorangium,Sorangium cellulosum
seq3569,Bacteria,Proteobacteria,Gammaproteobacteria,Pseudomonadales,Pseudomonadaceae,Pseudomonas,Pseudomonas sp. 23ZZ
seq3570,Bacteria,Actinobacteriota,Actinobacteria,Propionibacteriales,Nocardioidaceae,Kribbella,Kribbella sp. ET1s10
seq3571,Unclassified,,,,,,
seq3572,Bacteria,Proteobacteria,Gammaproteobacteria,Burkholderiales,TRA3-20,uncultured Rhodocyclaceae bacterium,
seq3573,Bacteria,Bacteroidota,Bacteroidia,Chitinophagales,Chitinophagaceae,uncultured,uncultured bacterium
seq3574,Bacteria,Myxococcota,Polyangia,Haliangiales,Haliangiaceae,Haliangium,metagenome
seq3575,Bacteria,Actinobacteriota,Thermoleophilia,Solirubrobacterales,Solirubrobacteraceae,Solirubrobacter,uncultured bacterium
seq3576,Bacteria,Actinobacteriota,Thermoleophilia,Gaiellales,Gaiellaceae,Gaiella,uncultured bacterium
seq3577,Bacteria,Actinobacteriota,Acidimicrobiia,Microtrichales,uncultured,uncultured bacterium,
seq3578,Bacteria,Acidobacteriota,Blastocatellia,Blastocatellales,Blastocatellaceae,JGI 0001001-H03,uncultured Acidobacteria bacterium
seq3579,Bacteria,Chloroflexi,Gitt-GS-136,uncultured bacterium,,,
seq3580,Bacteria,Acidobacteriota,Acidobacteriae,Bryobacterales,Bryobacteraceae,Bryobacter,uncultured soil bacterium
seq3581,Nitrospirota,,,,,,
seq3582,Bacteria,Gemmatimonadota,Gemmatimonadetes,Gemmatimonadales,Gemmatimonadaceae,uncultured,uncultured Gemmatimonadetes bacterium
seq3583,Elusimicrobiota,,,,,,
seq3584,Bacteria,Verrucomicrobiota,Verrucomicrobiae,Opitutales,Opitutaceae,Opitutus,metagenome
seq3585,Bacteria,Actinobacteriota,Thermoleophilia,Gaiellales,uncultured,uncultured bacterium,
seq3586,Bacteria,Verrucomicrobiota,Verrucomicrobiae,Chthoniobacterales,Xiphinematobacteraceae,Candidatus Xiphinematobacter,uncultured bacterium
seq3587,Bacteria,Proteobacteria,Gammaproteobacteria,Burkholderiales,SC-I-84,uncultured bacterium,
seq3588,Bacteria,Proteobacteria,Gammaproteobacteria,Xanthomonadales,Xanthomonadaceae,Lysobacter,Lysobacter sp. ES2-22
seq3589,Bacteria,Planctomycetota,Planctomycetes,Gemmatales,Gemmataceae,uncultured,uncultured bacterium
seq3590,Bacteria,Planctomycetota,Planctomycetes,Isosphaerales,Isosphaeraceae,Singulisphaera,uncultured bacterium
seq3591,Bacteria,Actinobacteriota,Thermoleophilia,Solirubrobacterales,67-14,uncultured bacterium,
seq3592,Unclassified,,,,,,
seq3593,Bacteria,Chloroflexi,TK10,uncultured Chloroflexi bacterium,,,
seq3594,Bacteria,Verrucomicrobiota,Verrucomicrobiae,Pedosphaerales,Pedosphaeraceae,uncultured Verrucomicrobia bacterium,
seq3595,Bacteria,Armatimonadota,Fimbriimonadia,Fimbriimonadales,Fimbriimonadaceae,metagenome,
seq3596,Bacteria,Bacteroidota,Bacteroidia,Chitinophagales,Chitinophagaceae,uncultured,uncultured Bacteroidetes bacterium
seq3597,ML_predicted_Phylum: Elusimicrobiota,,,,,,
seq3598,ML_predicted_Phylum: Patescibacteria,,,,,,
seq3599,Bacteria,Verrucomicrobiota,Verrucomicrobiae,Pedosphaerales,Pedosphaeraceae,uncultured bacterium,
seq3600,Bacteria,Bacteroidota,Bacteroidia,Chitinophagales,Chitinophagaceae,Niastella,uncultured bacterium
seq3601,ML_predicted_Phylum: Planctomycetota,,,,,,
seq3602,Unclassified,,,,,,
seq3603,Bacteria,Chloroflexi,Anaerolineae,Caldilineales,Caldilineaceae,uncultured,uncultured bacterium
seq3604,Bacteria,Gemmatimonadota,Gemmatimonadetes,Gemmatimonadales,Gemmatimonadaceae,uncultured,metagenome
seq3605,Bacteria,Proteobacteria,Alphaproteobacteria,Rhizobiales,Rhizobiales Incertae Sedis,Nordella,uncultured bacterium
seq3606,Bacteria,Acidobacteriota,Blastocatellia,Pyrinomonadales,Pyrinomonadaceae,RB41,uncultured bacterium
seq3607,Bacteria,Patescibacteria,Saccharimonadia,Saccharimonadales,uncultured bacterium,,
seq3608,Bacteria,Chloroflexi,Anaerolineae,SBR1031,A4b,uncultured bacterium,
seq3609,Bacteria,Proteobacteria,Alphaproteobacteria,Rhodospirillales,Rhodospirillaceae,uncultured,metagenome
seq3610,Bacteria,Actinobacteriota,Actinobacteria,Streptosporangiales,Streptosporangiaceae,Herbidospora,Herbidospora sakaeratensis
seq3611,ML_predicted_Phylum: Bacteroidota,,,,,,
seq3612,Bacteria,Proteobacteria,Gammaproteobacteria,Pseudomonadales,Pseudohongiellaceae,BIyi10,metagenome
seq3613,Bacteria,Bacteroidota,Bacteroidia,Chitinophagales,Saprospiraceae,uncultured,uncultured bacterium
seq3614,Bacteria,Actinobacteriota,Actinobacteria,Frankiales,Sporichthyaceae,uncultured,uncultured bacterium
seq3615,Bacteria,Patescibacteria,Saccharimonadia,Saccharimonadales,uncultured bacterium,,
seq3616,ML_predicted_Phylum: Proteobacteria,,,,,,
seq3617,Bacteria,Acidobacteriota,Vicinamibacteria,Vicinamibacterales,uncultured,uncultured bacterium,
seq3618,Archaea,Crenarchaeota,Nitrososphaeria,Nitrososphaerales,Nitrososphaeraceae,uncultured archaeon,
seq3619,Bacteria,Actinobacteriota,Acidimicrobiia,uncultured,uncultured actinobacterium,,
seq3620,Bacteria,Bacteroidota,Bacteroidia,Chitinophagales,Chitinophagaceae,uncultured,uncultured bacterium
seq3621,Bacteria,Acidobacteriota,Vicinamibacteria,Vicinamibacterales,uncultured,uncultured Acidobacteria bacterium,
seq3622,Bacteria,Bacteroidota,Bacteroidia,Cytophagales,Microscillaceae,Ohtaekwangia,uncultured Sphingobacteriales bacterium
seq3623,Bacteria,Proteobacteria,Alphaproteobacteria,Caulobacterales,Caulobacteraceae,Caulobacter,uncultured Caulobacter sp.
seq3624,Bacteria,Bacteroidota,Bacteroidia,Flavobacteriales,Flavobacteriaceae,Flavobacterium,Flavobacterium beibuense F44-8
seq3625,Bacteria,Bacteroidota,Bacteroidia,Chitinophagales,Chitinophagaceae,Terrimonas,Terrimonas lutea
seq3626,Bacteria,Acidobacteriota,Vicinamibacteria,Vicinamibacterales,uncultured,uncultured Acidobacteria bacterium,
seq3627,Bacteria,Actinobacteriota,Thermoleophilia,Solirubrobacterales,67-14,uncultured bacterium,
seq3628,Bacteria,Bacteroidota,Bacteroidia,Chitinophagales,Chitinophagaceae,Terrimonas,Terrimonas arctica
seq3629,Bacteria,Bacteroidota,Bacteroidia,Cytophagales,Microscillaceae,uncultured,uncultured bacterium
seq3630,Bacteria,Gemmatimonadota,S0134 terrestrial group,uncultured bacterium,,,
seq3631,ML_predicted_Phylum: Verrucomicrobiota,,,,,,
seq3632,Bacteria,Proteobacteria,Gammaproteobacteria,Burkholderiales,TRA3-20,metagenome,
seq3633,ML_predicted_Phylum: Bacteroidota,,,,,,
seq3634,Bacteria,Bacteroidota,Bacteroidia,Chitinophagales,Chitinophagaceae,uncultured,uncultured Chitinophagaceae bacterium
seq3635,Bacteria,Planctomycetota,Planctomycetes,Isosphaerales,Isosphaeraceae,Singulisphaera,uncultured bacterium
seq3636,Bacteria,Chloroflexi,Chloroflexia,Thermomicrobiales,JG30-KF-CM45,uncultured bacterium,
seq3637,Bacteria,Proteobacteria,Alphaproteobacteria,Rhizobiales,Rhizobiaceae,Ensifer,Sinorhizobium sp. CCBAU 53044
seq3638,Bacteria,Bacteroidota,Bacteroidia,Chitinophagales,Chitinophagaceae,Terrimonas,uncultured Bacteroidetes bacterium
seq3639,Bacteria,Verrucomicrobiota,Verrucomicrobiae,Opitutales,Opitutaceae,Opitutus,uncultured bacterium
seq3640,ML_predicted_Phylum: Proteobacteria,,,,,,
seq3641,Bacteria,Myxococcota,Polyangia,Polyangiales,Sandaracinaceae,uncultured,metagenome
seq3642,Bacteria,Bacteroidota,Bacteroidia,Cytophagales,Microscillaceae,uncultured,uncultured bacterium
seq3643,Bacteria,Actinobacteriota,Thermoleophilia,Gaiellales,uncultured,uncultured bacterium,
seq3644,ML_predicted_Phylum: Proteobacteria,,,,,,
seq3645,Bacteria,Actinobacteriota,Thermoleophilia,Solirubrobacterales,67-14,uncultured bacterium,
seq3646,Bacteria,Latescibacterota,uncultured bacterium,,,,
seq3647,Bacteria,Actinobacteriota,Actinobacteria,Micrococcales,Microbacteriaceae,Microbacterium,uncultured bacterium
seq3648,Bacteria,Myxococcota,Myxococcia,Myxococcales,Myxococcaceae,Corallococcus,Corallococcus exiguus
seq3649,Bacteria,Acidobacteriota,Blastocatellia,Blastocatellales,Blastocatellaceae,Stenotrophobacter,uncultured bacterium
seq3650,Bacteria,Acidobacteriota,Vicinamibacteria,Vicinamibacterales,uncultured,uncultured Acidobacteria bacterium,
seq3651,Bacteria,Planctomycetota,Planctomycetes,Pirellulales,Pirellulaceae,uncultured,uncultured bacterium
seq3652,Bacteria,Acidobacteriota,Blastocatellia,Pyrinomonadales,Pyrinomonadaceae,RB41,uncultured Acidobacteria bacterium
seq3653,Bacteria,Chloroflexi,Chloroflexia,Kallotenuales,AKIW781,uncultured bacterium,
seq3654,Bacteria,Abditibacteriota,Abditibacteria,Abditibacteriales,Abditibacteriaceae,Abditibacterium,uncultured bacterium
seq3655,Bacteria,Actinobacteriota,Rubrobacteria,Rubrobacterales,Rubrobacteriaceae,Rubrobacter,uncultured bacterium
seq3656,Bacteria,Acidobacteriota,Blastocatellia,DS-100,uncultured Acidobacteria bacterium,,
seq3657,Bacteria,Patescibacteria,Parcubacteria,uncultured bacterium,,,
seq3658,Bacteria,Proteobacteria,Alphaproteobacteria,Azospirillales,Azospirillaceae,Skermanella,uncultured bacterium
seq3659,Bacteria,Myxococcota,Polyangia,Polyangiales,Sandaracinaceae,uncultured,uncultured bacterium
seq3660,Archaea,Crenarchaeota,Nitrososphaeria,Nitrososphaerales,Nitrososphaeraceae,uncultured crenarchaeote,
seq3661,Unclassified,,,,,,
seq3662,Bacteria,Proteobacteria,Alphaproteobacteria,Rhizobiales,Xanthobacteraceae,Rhodoplanes,uncultured bacterium
seq3663,Bacteria,Actinobacteriota,Thermoleophilia,Solirubrobacterales,67-14,uncultured bacterium,
seq3664,Bacteria,Acidobacteriota,Acidobacteriae,Bryobacterales,Bryobacteraceae,Bryobacter,uncultured Acidobacteria bacterium
seq3665,Bacteria,Acidobacteriota,Blastocatellia,Blastocatellales,Blastocatellaceae,uncultured,uncultured bacterium
seq3666,Bacteria,Chloroflexi,TK10,uncultured bacterium,,,
seq3667,ML_predicted_Phylum: Verrucomicrobiota,,,,,,
seq3668,Bacteria,Actinobacteriota,Actinobacteria,Streptosporangiales,Thermomonosporaceae,Actinomadura,Actinomadura rudentiformis
seq3669,Bacteria,Proteobacteria,Gammaproteobacteria,Nitrosococcales,Nitrosococcaceae,wb1-P19,uncultured bacterium
seq3670,Bacteria,Bacteroidota,Bacteroidia,Chitinophagales,Chitinophagaceae,uncultured,uncultured bacterium
seq3671,Bacteria,Proteobacteria,Gammaproteobacteria,Gammaproteobacteria Incertae Sedis,Unknown Family,Acidibacter,uncultured gamma proteobacterium
seq3672,Bacteria,Proteobacteria,Alphaproteobacteria,Rhizobiales,Xanthobacteraceae,Bradyrhizobium,Bradyrhizobium sp. TUTVSRDM-I
seq3673,Bacteria,Proteobacteria,Alphaproteobacteria,Rhizobiales,Beijerinckiaceae,Microvirga,Chelatococcus sp. P-117
seq3674,Bacteria,Proteobacteria,Alphaproteobacteria,Sphingomonadales,Sphingomonadaceae,Sphingomonas,Sphingomonas sp. S3-784
seq3675,Bacteria,Actinobacteriota,Thermoleophilia,Gaiellales,Gaiellaceae,Gaiella,uncultured bacterium
seq3676,Bacteria,Chloroflexi,TK10,uncultured bacterium,,,
seq3677,Bacteria,Bacteroidota,Bacteroidia,Flavobacteriales,Flavobacteriaceae,Flavobacterium,uncultured bacterium
seq3678,Bacteria,Proteobacteria,Gammaproteobacteria,Gammaproteobacteria Incertae Sedis,Unknown Family,Acidibacter,uncultured bacterium
seq3679,Bacteria,Verrucomicrobiota,Verrucomicrobiae,Pedosphaerales,Pedosphaeraceae,uncultured bacterium,
seq3680,Bacteria,Planctomycetota,Planctomycetes,uncultured,uncultured bacterium,,
seq3681,Bacteria,Proteobacteria,Alphaproteobacteria,Sphingomonadales,Sphingomonadaceae,Novosphingobium,uncultured Novosphingobium sp.
seq3682,Bacteria,Actinobacteriota,Acidimicrobiia,Microtrichales,Ilumatobacteraceae,uncultured,uncultured bacterium
seq3683,Bacteria,Proteobacteria,Alphaproteobacteria,Elsterales,uncultured,uncultured bacterium,
seq3684,Bacteria,Verrucomicrobiota,Verrucomicrobiae,Chthoniobacterales,Xiphinematobacteraceae,Candidatus Xiphinematobacter,uncultured bacterium
seq3685,Bacteria,Actinobacteriota,Actinobacteria,Micromonosporales,Micromonosporaceae,uncultured bacterium,
seq3686,Bacteria,Proteobacteria,Gammaproteobacteria,Steroidobacterales,Steroidobacteraceae,Steroidobacter,uncultured gamma proteobacterium
seq3687,Bacteria,Actinobacteriota,Thermoleophilia,Gaiellales,uncultured,uncultured bacterium,
seq3688,Bacteria,Chloroflexi,Dehalococcoidia,S085,metagenome,,
seq3689,Bacteria,Proteobacteria,Alphaproteobacteria,Caulobacterales,Hyphomonadaceae,Hirschia,metagenome
seq3690,Bacteria,Actinobacteriota,Actinobacteria,Micromonosporales,Micromonosporaceae,uncultured,uncultured bacterium
seq3691,Bacteria,Actinobacteriota,Acidimicrobiia,IMCC26256,uncultured bacterium,,
seq3692,Bacteria,Proteobacteria,Gammaproteobacteria,Burkholderiales,TRA3-20,uncultured bacterium,
seq3693,Bacteria,Patescibacteria,Saccharimonadia,Saccharimonadales,LWQ8,uncultured Candidatus Saccharibacteria bacterium,
seq3694,Bacteria,Proteobacteria,Alphaproteobacteria,Tistrellales,Geminicoccaceae,Candidatus Alysiosphaera,uncultured Alphaproteobacteria bacterium
seq3695,ML_predicted_Phylum: Bacteroidota,,,,,,
seq3696,Bacteria,Bacteroidota,Bacteroidia,Cytophagales,Microscillaceae,uncultured,uncultured bacterium
seq3697,Unclassified,,,,,,
seq3698,Bacteria,Planctomycetota,Planctomycetes,Planctomycetales,uncultured,metagenome,
seq3699,Bacteria,Bacteroidota,Bacteroidia,Chitinophagales,Chitinophagaceae,Terrimonas,uncultured soil bacterium
seq3700,Bacteria,Entotheonellaeota,Entotheonellia,Entotheonellales,Entotheonellaceae,uncultured bacterium,
seq3701,Unclassified,,,,,,
seq3702,Bacteria,Bacteroidota,Bacteroidia,Sphingobacteriales,AKYH767,uncultured bacterium,
seq3703,Bacteria,Bacteroidota,Bacteroidia,Sphingobacteriales,KD3-93,metagenome,
seq3704,Bacteria,Firmicutes,Bacilli,Entomoplasmatales,Candidatus Spiroplasma,uncultured Mollicutes bacterium,
seq3705,Bacteria,RCP2-54,uncultured bacterium,,,,
seq3706,Bacteria,Acidobacteriota,Blastocatellia,Blastocatellales,Blastocatellaceae,JGI 0001001-H03,uncultured Acidobacteria bacterium
seq3707,Bacteria,Proteobacteria,Alphaproteobacteria,Sphingomonadales,Sphingomonadaceae,Sphingorhabdus,Sphingopyxis sp. HLT2-15-2
seq3708,Bacteria,Planctomycetota,Phycisphaerae,Tepidisphaerales,WD2101 soil group,uncultured soil bacterium,
seq3709,Bacteria,Bacteroidota,Bacteroidia,Chitinophagales,37-13,metagenome,
seq3710,Bacteria,Bacteroidota,Bacteroidia,Sphingobacteriales,AKYH767,metagenome,
seq3711,Bacteria,Planctomycetota,Planctomycetes,Gemmatales,Gemmataceae,Gemmata,uncultured bacterium
seq3712,Bacteria,Nitrospirota,Nitrospiria,Nitrospirales,Nitrospiraceae,Nitrospira,uncultured bacterium
seq3713,Bacteria,Planctomycetota,OM190,uncultured bacterium,,,
seq3714,Bacteria,Verrucomicrobiota,Verrucomicrobiae,Pedosphaerales,Pedosphaeraceae,uncultured,uncultured bacterium
seq3715,Bacteria,Verrucomicrobiota,Verrucomicrobiae,Pedosphaerales,Pedosphaeraceae,uncultured bacterium,
seq3716,Bacteria,Planctomycetota,Planctomycetes,Pirellulales,Pirellulaceae,Pirellula,uncultured bacterium
seq3717,Bacteria,Bacteroidota,Bacteroidia,Chitinophagales,Chitinophagaceae,Puia,uncultured Niastella sp.
seq3718,Unclassified,,,,,,
seq3719,Bacteria,Actinobacteriota,Actinobacteria,Propionibacteriales,Nocardioidaceae,Nocardioides,Nocardioides sp. AP3
seq3720,ML_predicted_Phylum: Actinobacteriota,,,,,,
seq3721,Bacteria,Actinobacteriota,Actinobacteria,Streptomycetales,Streptomycetaceae,Streptomyces,Streptomyces sp. S-4-3
seq3722,Bacteria,Acidobacteriota,Vicinamibacteria,Vicinamibacterales,Vicinamibacteraceae,uncultured bacterium,
seq3723,Bacteria,Proteobacteria,Alphaproteobacteria,Rhizobiales,Xanthobacteraceae,uncultured,uncultured bacterium
seq3724,Bacteria,Bacteroidota,Bacteroidia,Cytophagales,uncultured,uncultured bacterium,
seq3725,Bacteria,Acidobacteriota,Vicinamibacteria,Vicinamibacterales,Vicinamibacteraceae,uncultured bacterium,
seq3726,Bacteria,Bacteroidota,Bacteroidia,Cytophagales,Microscillaceae,uncultured,uncultured bacterium
seq3727,Bacteria,Patescibacteria,Saccharimonadia,Saccharimonadales,uncultured Candidatus Saccharibacteria bacterium,,
seq3728,Archaea,Crenarchaeota,Nitrososphaeria,Nitrososphaerales,Nitrososphaeraceae,uncultured crenarchaeote,
seq3729,Unclassified,,,,,,
seq3730,Bacteria,Actinobacteriota,Actinobacteria,Streptomycetales,Streptomycetaceae,Streptomyces,Streptomyces sp. RU-75
seq3731,Bacteria,Proteobacteria,Gammaproteobacteria,Burkholderiales,Comamonadaceae,Acidovorax,Acidovorax avenae
seq3732,Bacteria,Planctomycetota,Planctomycetes,uncultured,uncultured bacterium,,
seq3733,Bacteria,Actinobacteriota,Thermoleophilia,Solirubrobacterales,Solirubrobacteraceae,Solirubrobacter,uncultured bacterium
seq3734,Bacteria,Chloroflexi,Anaerolineae,RBG-13-54-9,uncultured bacterium,,
seq3735,Bacteria,Armatimonadota,uncultured,uncultured actinobacterium,,,
seq3736,Bacteria,Proteobacteria,Alphaproteobacteria,Caulobacterales,Caulobacteraceae,Phenylobacterium,uncultured Phenylobacterium sp.
seq3737,Bacteria,Gemmatimonadota,BD2-11 terrestrial group,uncultured Gemmatimonadetes bacterium,,,
seq3738,Bacteria,Actinobacteriota,Thermoleophilia,Gaiellales,Gaiellaceae,Gaiella,uncultured bacterium
seq3739,Bacteria,Actinobacteriota,Actinobacteria,Streptomycetales,Streptomycetaceae,Streptacidiphilus,Streptacidiphilus melanogenes
seq3740,Bacteria,Chloroflexi,Chloroflexia,Chloroflexales,Roseiflexaceae,uncultured,uncultured bacterium
seq3741,Unclassified,,,,,,
seq3742,Bacteria,Actinobacteriota,Thermoleophilia,Solirubrobacterales,67-14,uncultured bacterium,
seq3743,Bacteria,Patescibacteria,Parcubacteria,uncultured bacterium,,,
seq3744,Bacteria,Bacteroidota,Bacteroidia,Chitinophagales,Chitinophagaceae,Flavitalea,uncultured bacterium
seq3745,Bacteria,Verrucomicrobiota,Verrucomicrobiae,Chthoniobacterales,Chthoniobacteraceae,Chthoniobacter,uncultured Verrucomicrobia bacterium
seq3746,Bacteria,Planctomycetota,Planctomycetes,Pirellulales,Pirellulaceae,Pirellula,uncultured bacterium
seq3747,Bacteria,Acidobacteriota,Blastocatellia,Pyrinomonadales,Pyrinomonadaceae,RB41,uncultured bacterium
seq3748,Bacteria,Acidobacteriota,Blastocatellia,Blastocatellales,Blastocatellaceae,JGI 0001001-H03,uncultured Acidobacteria bacterium
seq3749,Bacteria,Bacteroidota,Bacteroidia,Chitinophagales,Chitinophagaceae,Terrimonas,uncultured bacterium
seq3750,Archaea,Crenarchaeota,Nitrososphaeria,Nitrososphaerales,Nitrososphaeraceae,uncultured archaeon,
seq3751,Archaea,Crenarchaeota,Nitrososphaeria,Nitrososphaerales,Nitrososphaeraceae,uncultured crenarchaeote,
seq3752,Bacteria,Acidobacteriota,Blastocatellia,Pyrinomonadales,Pyrinomonadaceae,RB41,uncultured Acidobacteria bacterium
seq3753,Bacteria,Acidobacteriota,Vicinamibacteria,Vicinamibacterales,uncultured,uncultured Acidobacteria bacterium,
seq3754,Bacteria,Acidobacteriota,Blastocatellia,Pyrinomonadales,Pyrinomonadaceae,RB41,uncultured bacterium
seq3755,ML_predicted_Phylum: Bacteroidota,,,,,,
seq3756,Bacteria,Chloroflexi,KD4-96,uncultured bacterium,,,
seq3757,Bacteria,Proteobacteria,Alphaproteobacteria,Rhizobiales,Devosiaceae,Devosia,uncultured bacterium
seq3758,Bacteria,Myxococcota,Myxococcia,Myxococcales,Myxococcaceae,uncultured,uncultured delta proteobacterium
seq3759,ML_predicted_Phylum: Verrucomicrobiota,,,,,,
seq3760,Bacteria,Patescibacteria,Saccharimonadia,Saccharimonadales,uncultured Candidatus Saccharibacteria bacterium,,
seq3761,Bacteria,Bacteroidota,Bacteroidia,Chitinophagales,Chitinophagaceae,uncultured,uncultured Bacteroidetes bacterium
seq3762,Bacteria,Actinobacteriota,Actinobacteria,Micromonosporales,Micromonosporaceae,Longispora,uncultured bacterium
seq3763,Bacteria,Verrucomicrobiota,Verrucomicrobiae,Pedosphaerales,Pedosphaeraceae,uncultured bacterium,
seq3764,Bacteria,Chloroflexi,Chloroflexia,Thermomicrobiales,JG30-KF-CM45,uncultured soil bacterium,
seq3765,Bacteria,Planctomycetota,Phycisphaerae,Tepidisphaerales,WD2101 soil group,uncultured bacterium,
seq3766,Bacteria,Verrucomicrobiota,Verrucomicrobiae,Opitutales,Opitutaceae,Opitutus,Opitutus sp. VeSm13
seq3767,Bacteria,Actinobacteriota,Actinobacteria,Propionibacteriales,Nocardioidaceae,Kribbella,Kribbella sp. L1B02
seq3768,Bacteria,Bacteroidota,Bacteroidia,Chitinophagales,37-13,uncultured Bacteroidetes bacterium,
seq3769,Bacteria,Proteobacteria,Alphaproteobacteria,Rhizobiales,uncultured,uncultured bacterium,
seq3770,Bacteria,Planctomycetota,Phycisphaerae,Phycisphaerales,Phycisphaeraceae,SM1A02,metagenome
seq3771,Bacteria,Proteobacteria,Alphaproteobacteria,Sphingomonadales,Sphingomonadaceae,Novosphingobium,Novosphingobium sp. HRRK193
seq3772,Bacteria,Actinobacteriota,Acidimicrobiia,Microtrichales,Ilumatobacteraceae,uncultured,uncultured bacterium
seq3773,Bacteria,Proteobacteria,Alphaproteobacteria,Rhizobiales,KF-JG30-B3,uncultured bacterium,
seq3774,Bacteria,Cyanobacteria,Cyanobacteriia,Chloroplast,Populus alba,,
seq3775,Bacteria,Chloroflexi,Chloroflexia,Kallotenuales,AKIW781,uncultured Chloroflexi bacterium,
seq3776,Bacteria,Bacteroidota,Bacteroidia,Cytophagales,Microscillaceae,Ohtaekwangia,uncultured Bacteroidetes bacterium
seq3777,ML_predicted_Phylum: Bacteroidota,,,,,,
seq3778,Bacteria,Proteobacteria,Alphaproteobacteria,Rhizobiales,Xanthobacteraceae,Rhodoplanes,uncultured bacterium
seq3779,Bacteria,Verrucomicrobiota,Verrucomicrobiae,Pedosphaerales,Pedosphaeraceae,Pedosphaera,uncultured bacterium
seq3780,Bacteria,Planctomycetota,Planctomycetes,Pirellulales,Pirellulaceae,Pirellula,uncultured bacterium
seq3781,Bacteria,Actinobacteriota,Thermoleophilia,Solirubrobacterales,Solirubrobacteraceae,Solirubrobacter,uncultured bacterium
seq3782,Bacteria,Bacteroidota,Bacteroidia,Flavobacteriales,Flavobacteriaceae,Flavobacterium,Flavobacterium sp.
seq3783,Bacteria,Patescibacteria,Saccharimonadia,Saccharimonadales,uncultured bacterium,,
seq3784,Bacteria,Verrucomicrobiota,Verrucomicrobiae,Opitutales,Opitutaceae,Opitutus,uncultured Verrucomicrobia bacterium
seq3785,Bacteria,Acidobacteriota,Vicinamibacteria,Vicinamibacterales,Vicinamibacteraceae,uncultured Acidobacteria bacterium,
seq3786,Unclassified,,,,,,
seq3787,Bacteria,Actinobacteriota,Acidimicrobiia,IMCC26256,uncultured bacterium,,
seq3788,Bacteria,Actinobacteriota,Thermoleophilia,Gaiellales,uncultured,uncultured bacterium,
seq3789,Bacteria,Actinobacteriota,Actinobacteria,Corynebacteriales,Mycobacteriaceae,Mycobacterium,Mycobacterium sp.
seq3790,ML_predicted_Phylum: Bacteroidota,,,,,,
seq3791,Bacteria,Planctomycetota,Planctomycetes,Planctomycetales,uncultured,uncultured bacterium,
seq3792,Bacteria,Acidobacteriota,Vicinamibacteria,Vicinamibacterales,uncultured,uncultured Acidobacteria bacterium,
seq3793,Bacteria,Acidobacteriota,Thermoanaerobaculia,Thermoanaerobaculales,Thermoanaerobaculaceae,Subgroup 10,uncultured bacterium
seq3794,Bacteria,Acidobacteriota,Blastocatellia,Pyrinomonadales,Pyrinomonadaceae,RB41,uncultured bacterium
seq3795,Bacteria,Bacteroidota,Bacteroidia,Chitinophagales,Chitinophagaceae,Ferruginibacter,uncultured bacterium
seq3796,ML_predicted_Phylum: Elusimicrobiota,,,,,,
seq3797,Bacteria,Bacteroidota,Bacteroidia,Chitinophagales,Chitinophagaceae,Flavisolibacter,uncultured bacterium
seq3798,ML_predicted_Phylum: Elusimicrobiota,,,,,,
seq3799,Bacteria,Acidobacteriota,Vicinamibacteria,Vicinamibacterales,uncultured,uncultured bacterium,
seq3800,Bacteria,Proteobacteria,Alphaproteobacteria,Rhizobiales,Rhizobiaceae,Allorhizobium-Neorhizobium-Pararhizobium-Rhizobium,Rhizobium sullae
seq3801,Bacteria,Planctomycetota,Planctomycetes,Pirellulales,Pirellulaceae,Pirellula,uncultured bacterium
seq3802,Bacteria,Bacteroidota,Bacteroidia,Chitinophagales,Chitinophagaceae,Niastella,uncultured bacterium
seq3803,Bacteria,Bacteroidota,Bacteroidia,Chitinophagales,Chitinophagaceae,Ferruginibacter,uncultured Bacteroidetes bacterium
seq3804,ML_predicted_Phylum: Proteobacteria,,,,,,
seq3805,Bacteria,Actinobacteriota,Actinobacteria,Streptomycetales,Streptomycetaceae,Streptomyces,Streptomyces sp.
seq3806,Bacteria,Proteobacteria,Alphaproteobacteria,Sphingomonadales,Sphingomonadaceae,Sphingomonas,uncultured bacterium
seq3807,Bacteria,Proteobacteria,Gammaproteobacteria,Burkholderiales,SC-I-84,uncultured beta proteobacterium,
seq3808,Bacteria,Bacteroidota,Bacteroidia,Chitinophagales,Chitinophagaceae,Ferruginibacter,uncultured bacterium
seq3809,Bacteria,Planctomycetota,Planctomycetes,Pirellulales,Pirellulaceae,uncultured,uncultured bacterium
seq3810,Bacteria,Myxococcota,Polyangia,Polyangiales,Sandaracinaceae,uncultured,metagenome
seq3811,Bacteria,Planctomycetota,Planctomycetes,Pirellulales,Pirellulaceae,uncultured,uncultured bacterium
seq3812,Bacteria,Proteobacteria,Gammaproteobacteria,Burkholderiales,TRA3-20,metagenome,
seq3813,Archaea,Crenarchaeota,Nitrososphaeria,Nitrososphaerales,Nitrososphaeraceae,uncultured archaeon,
seq3814,Bacteria,Proteobacteria,Alphaproteobacteria,Rhizobiales,Labraceae,Labrys,metagenome
seq3815,Bacteria,Myxococcota,Polyangia,Polyangiales,BIrii41,metagenome,
seq3816,Bacteria,Acidobacteriota,Blastocatellia,Blastocatellales,Blastocatellaceae,Blastocatella,uncultured bacterium
seq3817,Bacteria,Planctomycetota,Planctomycetes,Gemmatales,Gemmataceae,Fimbriiglobus,uncultured bacterium
seq3818,Bacteria,Actinobacteriota,Acidimicrobiia,IMCC26256,uncultured actinobacterium,,
seq3819,Bacteria,Planctomycetota,Phycisphaerae,Tepidisphaerales,WD2101 soil group,uncultured soil bacterium,
seq3820,ML_predicted_Phylum: Planctomycetota,,,,,,
seq3821,Bacteria,Planctomycetota,Planctomycetes,Pirellulales,Pirellulaceae,uncultured,uncultured soil bacterium
seq3822,Bacteria,Bacteroidota,Bacteroidia,Chitinophagales,Chitinophagaceae,uncultured,uncultured bacterium
seq3823,Bacteria,Actinobacteriota,Actinobacteria,Propionibacteriales,Nocardioidaceae,Nocardioides,Nocardioides sp.
seq3824,Bacteria,Proteobacteria,Gammaproteobacteria,Gammaproteobacteria Incertae Sedis,Unknown Family,Acidibacter,uncultured bacterium
seq3825,Bacteria,Verrucomicrobiota,Verrucomicrobiae,Pedosphaerales,Pedosphaeraceae,uncultured bacterium,
seq3826,Bacteria,Armatimonadota,Fimbriimonadia,Fimbriimonadales,Fimbriimonadaceae,uncultured bacterium,
seq3827,Bacteria,Verrucomicrobiota,Verrucomicrobiae,Chthoniobacterales,Chthoniobacteraceae,Chthoniobacter,uncultured bacterium
seq3828,Bacteria,Proteobacteria,Alphaproteobacteria,Rhizobiales,Xanthobacteraceae,Rhodoplanes,uncultured bacterium
seq3829,Bacteria,Bacteroidota,Bacteroidia,Cytophagales,Microscillaceae,uncultured,uncultured Bacteroidetes bacterium
seq3830,Bacteria,Actinobacteriota,Acidimicrobiia,Microtrichales,uncultured,uncultured bacterium,
seq3831,Bacteria,Actinobacteriota,Thermoleophilia,Solirubrobacterales,67-14,uncultured bacterium,
seq3832,Unclassified,,,,,,
seq3833,Bacteria,Chloroflexi,Anaerolineae,Anaerolineales,Anaerolineaceae,uncultured,uncultured bacterium
seq3834,Bacteria,Acidobacteriota,Blastocatellia,Pyrinomonadales,Pyrinomonadaceae,RB41,uncultured bacterium
seq3835,Bacteria,Verrucomicrobiota,Verrucomicrobiae,Chthoniobacterales,Chthoniobacteraceae,Candidatus Udaeobacter,uncultured bacterium
seq3836,Bacteria,Entotheonellaeota,Entotheonellia,Entotheonellales,Entotheonellaceae,Candidatus Entotheonella,uncultured bacterium
seq3837,Bacteria,Acidobacteriota,Blastocatellia,Pyrinomonadales,Pyrinomonadaceae,RB41,uncultured bacterium
seq3838,Bacteria,Chloroflexi,Anaerolineae,SBR1031,wastewater metagenome,,
seq3839,Bacteria,Bacteroidota,Bacteroidia,Chitinophagales,Chitinophagaceae,Edaphobaculum,metagenome
seq3840,Bacteria,Proteobacteria,Alphaproteobacteria,Sphingomonadales,Sphingomonadaceae,Ellin6055,uncultured bacterium
seq3841,Bacteria,Verrucomicrobiota,Verrucomicrobiae,Chthoniobacterales,Chthoniobacteraceae,Chthoniobacter,uncultured bacterium
seq3842,Bacteria,Verrucomicrobiota,Verrucomicrobiae,Pedosphaerales,Pedosphaeraceae,uncultured Verrucomicrobia subdivision 3 bacterium,
seq3843,Bacteria,Planctomycetota,Phycisphaerae,Tepidisphaerales,WD2101 soil group,uncultured bacterium,
seq3844,Bacteria,Acidobacteriota,Vicinamibacteria,Vicinamibacterales,uncultured,uncultured bacterium,
seq3845,Bacteria,Verrucomicrobiota,Verrucomicrobiae,Chthoniobacterales,Chthoniobacteraceae,Candidatus Udaeobacter,uncultured bacterium
seq3846,Bacteria,Proteobacteria,Gammaproteobacteria,Burkholderiales,SC-I-84,uncultured bacterium,
seq3847,Bacteria,Verrucomicrobiota,Verrucomicrobiae,Chthoniobacterales,Chthoniobacteraceae,Chthoniobacter,metagenome
seq3848,Bacteria,Proteobacteria,Alphaproteobacteria,Reyranellales,Reyranellaceae,Reyranella,uncultured bacterium
seq3849,Bacteria,Acidobacteriota,Blastocatellia,Blastocatellales,Blastocatellaceae,Aridibacter,uncultured bacterium
seq3850,ML_predicted_Phylum: Acidobacteriota,,,,,,
seq3851,Bacteria,Actinobacteriota,Actinobacteria,Propionibacteriales,Nocardioidaceae,Kribbella,Kribbella sp. ET1s10
seq3852,Bacteria,Actinobacteriota,Acidimicrobiia,Microtrichales,Iamiaceae,Iamia,Aquihabitans daechungensis
seq3853,Bacteria,Bacteroidota,Bacteroidia,Sphingobacteriales,env.OPS 17,metagenome,
seq3854,Bacteria,Acidobacteriota,Acidobacteriae,Bryobacterales,Bryobacteraceae,Bryobacter,uncultured Acidobacteria bacterium
seq3855,Bacteria,Bacteroidota,Bacteroidia,Cytophagales,Hymenobacteraceae,Adhaeribacter,Adhaeribacter aerolatus
seq3856,Bacteria,Chloroflexi,Anaerolineae,SBR1031,A4b,uncultured bacterium,
seq3857,ML_predicted_Phylum: Bacteroidota,,,,,,
seq3858,Bacteria,Verrucomicrobiota,Verrucomicrobiae,Chthoniobacterales,Chthoniobacteraceae,Candidatus Udaeobacter,uncultured bacterium
seq3859,Bacteria,Acidobacteriota,Blastocatellia,Pyrinomonadales,Pyrinomonadaceae,RB41,uncultured bacterium
seq3860,Bacteria,Proteobacteria,Gammaproteobacteria,Burkholderiales,TRA3-20,uncultured bacterium,
seq3861,Bacteria,Acidobacteriota,Vicinamibacteria,Vicinamibacterales,uncultured,uncultured bacterium,
seq3862,Bacteria,Proteobacteria,Alphaproteobacteria,Sphingomonadales,Sphingomonadaceae,Sphingomonas,Sphingomonas flava
seq3863,Bacteria,Actinobacteriota,Actinobacteria,Micromonosporales,Micromonosporaceae,Micromonospora,Frankia sp. BMG5.6
seq3864,Bacteria,Myxococcota,bacteriap25,uncultured bacterium,,,
seq3865,Bacteria,Acidobacteriota,Blastocatellia,Pyrinomonadales,Pyrinomonadaceae,RB41,uncultured bacterium
seq3866,ML_predicted_Phylum: Planctomycetota,,,,,,
seq3867,Bacteria,Bacteroidota,Bacteroidia,Chitinophagales,Chitinophagaceae,uncultured,uncultured bacterium
seq3868,Bacteria,Planctomycetota,Phycisphaerae,Tepidisphaerales,WD2101 soil group,uncultured bacterium,
seq3869,Bacteria,Bacteroidota,Bacteroidia,Chitinophagales,Chitinophagaceae,Ferruginibacter,uncultured bacterium
seq3870,Bacteria,Acidobacteriota,Blastocatellia,Pyrinomonadales,Pyrinomonadaceae,RB41,uncultured bacterium
seq3871,Archaea,Crenarchaeota,Nitrososphaeria,Nitrososphaerales,Nitrososphaeraceae,Candidatus Nitrocosmicus,uncultured archaeon
seq3872,Bacteria,Verrucomicrobiota,Verrucomicrobiae,Pedosphaerales,Pedosphaeraceae,uncultured bacterium,
seq3873,Bacteria,Bacteroidota,Bacteroidia,Chitinophagales,Chitinophagaceae,Segetibacter,uncultured Niastella sp.
seq3874,Bacteria,Chloroflexi,Anaerolineae,Caldilineales,Caldilineaceae,uncultured,uncultured bacterium
seq3875,Bacteria,Acidobacteriota,Vicinamibacteria,Vicinamibacterales,Vicinamibacteraceae,uncultured bacterium,
seq3876,ML_predicted_Phylum: Proteobacteria,,,,,,
seq3877,Bacteria,Planctomycetota,Planctomycetes,Pirellulales,Pirellulaceae,Pir4 lineage,uncultured bacterium
seq3878,Bacteria,Bacteroidota,Bacteroidia,Sphingobacteriales,Sphingobacteriaceae,Mucilaginibacter,Mucilaginibacter sp. UR 7-07
seq3879,Bacteria,Acidobacteriota,Vicinamibacteria,Vicinamibacterales,uncultured,uncultured bacterium,
seq3880,Bacteria,Actinobacteriota,Thermoleophilia,Solirubrobacterales,67-14,uncultured bacterium,
seq3881,Bacteria,Proteobacteria,Alphaproteobacteria,Rhizobiales,Devosiaceae,uncultured,uncultured bacterium
seq3882,Unclassified,,,,,,
seq3883,Bacteria,Firmicutes,Clostridia,Peptostreptococcales-Tissierellales,Peptostreptococcaceae,Romboutsia,uncultured bacterium
seq3884,Bacteria,Myxococcota,Polyangia,Polyangiales,Polyangiaceae,Aetherobacter,Aetherobacter rufus
seq3885,Bacteria,Patescibacteria,Saccharimonadia,Saccharimonadales,uncultured Candidatus Saccharibacteria bacterium,,
seq3886,Bacteria,Actinobacteriota,Thermoleophilia,Solirubrobacterales,67-14,uncultured bacterium,
seq3887,Bacteria,Nitrospirota,Nitrospiria,Nitrospirales,Nitrospiraceae,Nitrospira,uncultured bacterium
seq3888,Bacteria,Planctomycetota,Planctomycetes,Isosphaerales,Isosphaeraceae,uncultured,uncultured planctomycete
seq3889,Bacteria,Planctomycetota,Planctomycetes,Pirellulales,Pirellulaceae,Pirellula,uncultured bacterium
seq3890,ML_predicted_Phylum: Bacteroidota,,,,,,
seq3891,Bacteria,Proteobacteria,Gammaproteobacteria,Nitrosococcales,Nitrosococcaceae,SZB85,uncultured gamma proteobacterium
seq3892,Bacteria,Actinobacteriota,Thermoleophilia,Gaiellales,uncultured,uncultured bacterium,
seq3893,Bacteria,Acidobacteriota,Vicinamibacteria,Vicinamibacterales,Vicinamibacteraceae,uncultured bacterium,
seq3894,Unclassified,,,,,,
seq3895,Bacteria,Firmicutes,Bacilli,Bacillales,Bacillaceae,Bacillus,unidentified eubacterium clone BSV46
seq3896,Bacteria,Planctomycetota,Phycisphaerae,Tepidisphaerales,WD2101 soil group,uncultured bacterium,
seq3897,Bacteria,Acidobacteriota,Blastocatellia,Blastocatellales,Blastocatellaceae,JGI 0001001-H03,uncultured bacterium
seq3898,Bacteria,Proteobacteria,Alphaproteobacteria,Rhizobiales,Devosiaceae,uncultured,uncultured bacterium
seq3899,Bacteria,Actinobacteriota,Thermoleophilia,Solirubrobacterales,67-14,uncultured bacterium,
seq3900,Bacteria,Acidobacteriota,Vicinamibacteria,Vicinamibacterales,uncultured,uncultured bacterium,
seq3901,Bacteria,Verrucomicrobiota,Verrucomicrobiae,Chthoniobacterales,Chthoniobacteraceae,Chthoniobacter,metagenome
seq3902,Bacteria,Acidobacteriota,Vicinamibacteria,Vicinamibacterales,Vicinamibacteraceae,uncultured Acidobacterium sp.,
seq3903,Bacteria,Proteobacteria,Gammaproteobacteria,Burkholderiales,Nitrosomonadaceae,MND1,uncultured bacterium
seq3904,Bacteria,Firmicutes,Bacilli,Bacillales,Planococcaceae,Planococcus,uncultured bacterium
seq3905,Bacteria,Cyanobacteria,Cyanobacteriia,Chloroplast,uncultured bacterium,,
seq3906,ML_predicted_Phylum: Patescibacteria,,,,,,
seq3907,Bacteria,Proteobacteria,Alphaproteobacteria,Sphingomonadales,Sphingomonadaceae,uncultured,uncultured soil bacterium
seq3908,Bacteria,Planctomycetota,Phycisphaerae,Tepidisphaerales,WD2101 soil group,uncultured planctomycete,
seq3909,Bacteria,Myxococcota,Polyangia,Polyangiales,BIrii41,uncultured bacterium,
seq3910,ML_predicted_Phylum: Patescibacteria,,,,,,
seq3911,Bacteria,Verrucomicrobiota,Verrucomicrobiae,Chthoniobacterales,Chthoniobacteraceae,Chthoniobacter,uncultured bacterium
seq3912,Bacteria,Acidobacteriota,Holophagae,Subgroup 7,uncultured bacterium,,
seq3913,Bacteria,Verrucomicrobiota,Verrucomicrobiae,Opitutales,Opitutaceae,Opitutus,metagenome
seq3914,Bacteria,Planctomycetota,Planctomycetes,Gemmatales,Gemmataceae,uncultured,uncultured bacterium
seq3915,Bacteria,Proteobacteria,Alphaproteobacteria,Rhizobiales,Labraceae,Labrys,uncultured bacterium
seq3916,Bacteria,Verrucomicrobiota,Verrucomicrobiae,Pedosphaerales,Pedosphaeraceae,ADurb.Bin063-1,uncultured bacterium
seq3917,Bacteria,Patescibacteria,Saccharimonadia,Saccharimonadales,uncultured bacterium,,
seq3918,Bacteria,Planctomycetota,Phycisphaerae,Tepidisphaerales,WD2101 soil group,uncultured bacterium,
seq3919,Bacteria,Proteobacteria,Alphaproteobacteria,Tistrellales,Geminicoccaceae,uncultured,uncultured bacterium
seq3920,Bacteria,Myxococcota,Polyangia,Polyangiales,BIrii41,uncultured bacterium,
seq3921,Bacteria,Actinobacteriota,Acidimicrobiia,uncultured,uncultured bacterium,,
seq3922,Bacteria,Actinobacteriota,Rubrobacteria,Rubrobacterales,Rubrobacteriaceae,Rubrobacter,uncultured actinobacterium
seq3923,Bacteria,Planctomycetota,Planctomycetes,Pirellulales,Pirellulaceae,Pir4 lineage,uncultured bacterium
seq3924,Bacteria,Actinobacteriota,Rubrobacteria,Rubrobacterales,Rubrobacteriaceae,Rubrobacter,uncultured bacterium
seq3925,Bacteria,Acidobacteriota,Thermoanaerobaculia,Thermoanaerobaculales,Thermoanaerobaculaceae,Subgroup 10,uncultured Alphaproteobacteria bacterium
seq3926,Bacteria,Planctomycetota,Planctomycetes,Planctomycetales,uncultured,uncultured bacterium,
seq3927,Bacteria,Proteobacteria,Gammaproteobacteria,Burkholderiales,TRA3-20,uncultured bacterium,
seq3928,Bacteria,Acidobacteriota,Vicinamibacteria,Vicinamibacterales,Vicinamibacteraceae,uncultured Acidobacteria bacterium,
seq3929,Bacteria,Bacteroidota,Bacteroidia,Sphingobacteriales,AKYH767,uncultured bacterium,
seq3930,Bacteria,Actinobacteriota,Rubrobacteria,Rubrobacterales,Rubrobacteriaceae,Rubrobacter,uncultured actinobacterium
seq3931,Bacteria,Actinobacteriota,Acidimicrobiia,Microtrichales,Ilumatobacteraceae,Ilumatobacter,uncultured bacterium
seq3932,Bacteria,Acidobacteriota,Blastocatellia,Pyrinomonadales,Pyrinomonadaceae,RB41,uncultured Acidobacteria bacterium
seq3933,Bacteria,Verrucomicrobiota,Verrucomicrobiae,Chthoniobacterales,Chthoniobacteraceae,Candidatus Udaeobacter,uncultured Spartobacteria bacterium
seq3934,Bacteria,Bacteroidota,Bacteroidia,Chitinophagales,Chitinophagaceae,uncultured,uncultured bacterium
seq3935,Bacteria,Proteobacteria,Alphaproteobacteria,Azospirillales,Azospirillaceae,Skermanella,uncultured soil bacterium
seq3936,Archaea,Crenarchaeota,Nitrososphaeria,Nitrososphaerales,Nitrososphaeraceae,uncultured archaeon,
seq3937,Bacteria,Bacteroidota,Bacteroidia,Sphingobacteriales,Sphingobacteriaceae,Arcticibacter,uncultured Bacteroidetes bacterium
seq3938,Bacteria,Chloroflexi,Dehalococcoidia,S085,uncultured soil bacterium,,
seq3939,Bacteria,Chloroflexi,Gitt-GS-136,uncultured bacterium,,,
seq3940,Bacteria,Acidobacteriota,Vicinamibacteria,Vicinamibacterales,uncultured,uncultured bacterium,
seq3941,Bacteria,Bacteroidota,Bacteroidia,Cytophagales,Microscillaceae,uncultured,uncultured Bacteroidetes bacterium
seq3942,Bacteria,Proteobacteria,Gammaproteobacteria,PLTA13,uncultured gamma proteobacterium,,
seq3943,Bacteria,Actinobacteriota,Thermoleophilia,Solirubrobacterales,67-14,uncultured bacterium,
seq3944,Archaea,Crenarchaeota,Nitrososphaeria,Nitrososphaerales,Nitrososphaeraceae,uncultured crenarchaeote,
seq3945,Bacteria,Proteobacteria,Alphaproteobacteria,Rhizobiales,Rhizobiaceae,Mesorhizobium,uncultured bacterium
seq3946,Bacteria,Planctomycetota,Planctomycetes,Gemmatales,Gemmataceae,Gemmata,uncultured bacterium
seq3947,Bacteria,Acidobacteriota,Holophagae,Subgroup 7,uncultured bacterium,,
seq3948,Bacteria,Acidobacteriota,Blastocatellia,Pyrinomonadales,Pyrinomonadaceae,RB41,uncultured Acidobacteria bacterium
seq3949,Bacteria,Proteobacteria,Alphaproteobacteria,Rhizobiales,Xanthobacteraceae,Rhodoplanes,uncultured bacterium
seq3950,Bacteria,Nitrospirota,Nitrospiria,Nitrospirales,Nitrospiraceae,Nitrospira,uncultured bacterium
seq3951,Bacteria,Proteobacteria,Gammaproteobacteria,Steroidobacterales,Steroidobacteraceae,Steroidobacter,uncultured Steroidobacter sp.
seq3952,ML_predicted_Phylum: Planctomycetota,,,,,,
seq3953,Bacteria,Chloroflexi,Anaerolineae,Caldilineales,Caldilineaceae,uncultured,uncultured bacterium
seq3954,Bacteria,Proteobacteria,Gammaproteobacteria,Burkholderiales,SC-I-84,uncultured bacterium,
seq3955,Bacteria,Planctomycetota,Planctomycetes,Pirellulales,Pirellulaceae,uncultured,uncultured bacterium
seq3956,Bacteria,Bacteroidota,Bacteroidia,Cytophagales,Microscillaceae,Ohtaekwangia,uncultured Bacteroidetes bacterium
seq3957,Unclassified,,,,,,
seq3958,Unclassified,,,,,,
seq3959,Bacteria,Planctomycetota,OM190,uncultured bacterium,,,
seq3960,Bacteria,Actinobacteriota,Rubrobacteria,Rubrobacterales,Rubrobacteriaceae,Rubrobacter,uncultured bacterium
seq3961,Bacteria,Bdellovibrionota,Oligoflexia,Oligoflexales,Oligoflexaceae,Oligoflexus,Thymallus thymallus (grayling)
seq3962,Bacteria,Planctomycetota,Planctomycetes,Pirellulales,Pirellulaceae,uncultured,uncultured bacterium
seq3963,Bacteria,Proteobacteria,Alphaproteobacteria,Tistrellales,Geminicoccaceae,uncultured,uncultured Alphaproteobacteria bacterium
seq3964,Bacteria,Bacteroidota,Bacteroidia,Chitinophagales,Chitinophagaceae,Ferruginibacter,metagenome
seq3965,Bacteria,Acidobacteriota,Thermoanaerobaculia,Thermoanaerobaculales,Thermoanaerobaculaceae,Subgroup 10,uncultured bacterium
seq3966,Bacteria,Patescibacteria,Saccharimonadia,Saccharimonadales,LWQ8,uncultured bacterium,
seq3967,Archaea,Crenarchaeota,Nitrososphaeria,Nitrososphaerales,Nitrososphaeraceae,uncultured archaeon,
seq3968,Bacteria,Actinobacteriota,Acidimicrobiia,IMCC26256,uncultured bacterium,,
seq3969,Bacteria,Myxococcota,bacteriap25,uncultured bacterium,,,
seq3970,Bacteria,Proteobacteria,Alphaproteobacteria,Rhizobiales,Hyphomicrobiaceae,Pedomicrobium,uncultured bacterium
seq3971,Bacteria,Firmicutes,Bacilli,Bacillales,Bacillaceae,Bacillus,Bacillus zeae
seq3972,Bacteria,Proteobacteria,Gammaproteobacteria,Burkholderiales,Comamonadaceae,Ideonella,Aquincola sp. THE-49
seq3973,Bacteria,Actinobacteriota,Rubrobacteria,Rubrobacterales,Rubrobacteriaceae,Rubrobacter,uncultured bacterium
seq3974,Unclassified,,,,,,
seq3975,Unclassified,,,,,,
seq3976,Archaea,Crenarchaeota,Nitrososphaeria,Nitrososphaerales,Nitrososphaeraceae,uncultured crenarchaeote,
seq3977,Bacteria,Actinobacteriota,Thermoleophilia,Solirubrobacterales,67-14,uncultured Rubrobacteria bacterium,
seq3978,Bacteria,Actinobacteriota,Actinobacteria,Streptomycetales,Streptomycetaceae,Streptomyces,Streptomyces sp. LC028
seq3979,Bacteria,Proteobacteria,Alphaproteobacteria,Reyranellales,Reyranellaceae,Reyranella,Reyranella soli
seq3980,Bacteria,Chloroflexi,Gitt-GS-136,uncultured bacterium #0319-6C24,,,
seq3981,Archaea,Crenarchaeota,Nitrososphaeria,Nitrososphaerales,Nitrososphaeraceae,Candidatus Nitrocosmicus,uncultured archaeon
seq3982,Bacteria,Acidobacteriota,Vicinamibacteria,Vicinamibacterales,uncultured,uncultured bacterium,
seq3983,Bacteria,Actinobacteriota,Thermoleophilia,Solirubrobacterales,Solirubrobacteraceae,Solirubrobacter,uncultured bacterium
seq3984,Bacteria,Acidobacteriota,Blastocatellia,Pyrinomonadales,Pyrinomonadaceae,RB41,uncultured Acidobacteria bacterium
seq3985,Bacteria,Actinobacteriota,Acidimicrobiia,uncultured,uncultured bacterium,,
seq3986,Bacteria,Methylomirabilota,Methylomirabilia,Rokubacteriales,WX65,uncultured bacterium,
seq3987,Bacteria,Chloroflexi,Gitt-GS-136,uncultured Chloroflexus sp.,,,
seq3988,Bacteria,RCP2-54,uncultured bacterium,,,,
seq3989,Bacteria,Verrucomicrobiota,Verrucomicrobiae,Chthoniobacterales,Chthoniobacteraceae,Candidatus Udaeobacter,uncultured Verrucomicrobia bacterium
seq3990,Bacteria,Acidobacteriota,Subgroup 18,uncultured bacterium,,,
seq3991,Bacteria,Proteobacteria,Alphaproteobacteria,Sphingomonadales,Sphingomonadaceae,Sphingomonas,uncultured bacterium
seq3992,Bacteria,Actinobacteriota,Thermoleophilia,Solirubrobacterales,67-14,metagenome,
seq3993,ML_predicted_Phylum: Bacteroidota,,,,,,
seq3994,Bacteria,Patescibacteria,Saccharimonadia,Saccharimonadales,uncultured bacterium,,
seq3995,Unclassified,,,,,,
seq3996,Bacteria,Acidobacteriota,Vicinamibacteria,Subgroup 17,uncultured Acidobacteria bacterium,,
seq3997,Archaea,Crenarchaeota,Nitrososphaeria,Nitrososphaerales,Nitrososphaeraceae,uncultured archaeon,
seq3998,Unclassified,,,,,,
seq3999,Unclassified,,,,,,
seq4000,Bacteria,Actinobacteriota,Acidimicrobiia,Microtrichales,Ilumatobacteraceae,CL500-29 marine group,uncultured bacterium
seq4001,Bacteria,Myxococcota,bacteriap25,uncultured bacterium,,,
seq4002,Bacteria,Actinobacteriota,Thermoleophilia,Solirubrobacterales,67-14,uncultured bacterium,
seq4003,Bacteria,Chloroflexi,KD4-96,uncultured bacterium,,,
seq4004,Bacteria,Proteobacteria,Gammaproteobacteria,CCD24,uncultured bacterium,,
seq4005,Bacteria,Verrucomicrobiota,Verrucomicrobiae,Chthoniobacterales,Chthoniobacteraceae,Candidatus Udaeobacter,uncultured bacterium
seq4006,Bacteria,Acidobacteriota,Vicinamibacteria,Vicinamibacterales,Vicinamibacteraceae,uncultured bacterium,
seq4007,Bacteria,Verrucomicrobiota,Verrucomicrobiae,Verrucomicrobiales,Verrucomicrobiaceae,Roseimicrobium,uncultured Verrucomicrobiaceae bacterium
seq4008,Unclassified,,,,,,
seq4009,Unclassified,,,,,,
seq4010,Bacteria,Bacteroidota,Bacteroidia,Cytophagales,Microscillaceae,uncultured,uncultured bacterium
seq4011,Bacteria,Actinobacteriota,Acidimicrobiia,uncultured,uncultured Actinomycetales bacterium,,
seq4012,Bacteria,Proteobacteria,Gammaproteobacteria,Burkholderiales,TRA3-20,uncultured bacterium,
seq4013,Bacteria,Acidobacteriota,Blastocatellia,Pyrinomonadales,Pyrinomonadaceae,RB41,uncultured bacterium
seq4014,Bacteria,Planctomycetota,Phycisphaerae,Tepidisphaerales,WD2101 soil group,uncultured bacterium,
seq4015,Bacteria,Proteobacteria,Alphaproteobacteria,Rhizobiales,Hyphomicrobiaceae,Pedomicrobium,uncultured Rhizobiales bacterium
seq4016,Unclassified,,,,,,
seq4017,Bacteria,Gemmatimonadota,Gemmatimonadetes,Gemmatimonadales,Gemmatimonadaceae,uncultured,uncultured Gemmatimonadales bacterium
seq4018,Bacteria,Bacteroidota,Bacteroidia,Sphingobacteriales,KD3-93,uncultured Bacteroidetes bacterium,
seq4019,Bacteria,Actinobacteriota,Thermoleophilia,Gaiellales,uncultured,uncultured Gaiella sp.,
seq4020,Bacteria,Planctomycetota,Planctomycetes,Gemmatales,Gemmataceae,uncultured,uncultured bacterium
seq4021,ML_predicted_Phylum: Patescibacteria,,,,,,
seq4022,ML_predicted_Phylum: Planctomycetota,,,,,,
seq4023,Bacteria,Proteobacteria,Alphaproteobacteria,Rhizobiales,Devosiaceae,Devosia,uncultured bacterium
seq4024,Bacteria,Acidobacteriota,Blastocatellia,Blastocatellales,Blastocatellaceae,Stenotrophobacter,uncultured bacterium gp4
seq4025,Bacteria,Proteobacteria,Gammaproteobacteria,Steroidobacterales,Steroidobacteraceae,Steroidobacter,uncultured bacterium
seq4026,Bacteria,Actinobacteriota,Acidimicrobiia,Microtrichales,Iamiaceae,Iamia,uncultured bacterium
seq4027,Bacteria,Proteobacteria,Alphaproteobacteria,Acetobacterales,Acetobacteraceae,uncultured,uncultured bacterium
seq4028,Archaea,Crenarchaeota,Nitrososphaeria,Nitrososphaerales,Nitrososphaeraceae,uncultured crenarchaeote,
seq4029,Bacteria,Planctomycetota,Planctomycetes,Pirellulales,Pirellulaceae,Pirellula,uncultured bacterium
seq4030,Bacteria,Acidobacteriota,Blastocatellia,Pyrinomonadales,Pyrinomonadaceae,RB41,uncultured bacterium
seq4031,Bacteria,Acidobacteriota,Vicinamibacteria,Vicinamibacterales,Vicinamibacteraceae,uncultured Acidobacteria bacterium,
seq4032,Bacteria,Actinobacteriota,Acidimicrobiia,IMCC26256,uncultured Cellulomonadaceae bacterium,,
seq4033,Bacteria,Planctomycetota,Planctomycetes,Gemmatales,Gemmataceae,uncultured,uncultured bacterium
seq4034,Bacteria,Proteobacteria,Alphaproteobacteria,Sphingomonadales,Sphingomonadaceae,uncultured,uncultured bacterium
seq4035,Bacteria,Patescibacteria,Saccharimonadia,Saccharimonadales,uncultured bacterium,,
seq4036,Bacteria,Verrucomicrobiota,Verrucomicrobiae,Chthoniobacterales,Chthoniobacteraceae,Candidatus Udaeobacter,uncultured bacterium
seq4037,Bacteria,Proteobacteria,Alphaproteobacteria,Rhizobiales,Rhizobiaceae,Mesorhizobium,uncultured bacterium
seq4038,Bacteria,Actinobacteriota,Thermoleophilia,Gaiellales,uncultured,uncultured bacterium,
seq4039,Bacteria,Myxococcota,Polyangia,Haliangiales,Haliangiaceae,Haliangium,uncultured bacterium
seq4040,Bacteria,Acidobacteriota,Vicinamibacteria,Subgroup 17,uncultured bacterium,,
seq4041,Bacteria,Proteobacteria,Alphaproteobacteria,Tistrellales,Geminicoccaceae,uncultured,uncultured bacterium
seq4042,Bacteria,Proteobacteria,Gammaproteobacteria,Burkholderiales,TRA3-20,uncultured bacterium,
seq4043,Bacteria,Actinobacteriota,Thermoleophilia,Solirubrobacterales,67-14,uncultured bacterium,
seq4044,ML_predicted_Phylum: Bacteroidota,,,,,,
seq4045,Bacteria,Actinobacteriota,Acidimicrobiia,Microtrichales,Iamiaceae,Iamia,uncultured bacterium
seq4046,Bacteria,Planctomycetota,Planctomycetes,Pirellulales,Pirellulaceae,uncultured,uncultured bacterium
seq4047,Bacteria,Myxococcota,Polyangia,Polyangiales,Polyangiaceae,Sorangium,uncultured bacterium
seq4048,Bacteria,Actinobacteriota,Acidimicrobiia,uncultured,metagenome,,
seq4049,Bacteria,Bacteroidota,Bacteroidia,Cytophagales,Microscillaceae,uncultured,uncultured bacterium
seq4050,Unclassified,,,,,,
seq4051,Bacteria,Actinobacteriota,Acidimicrobiia,IMCC26256,uncultured bacterium,,
seq4052,Bacteria,Myxococcota,bacteriap25,uncultured bacterium,,,
seq4053,ML_predicted_Phylum: Planctomycetota,,,,,,
seq4054,Bacteria,Verrucomicrobiota,Verrucomicrobiae,Chthoniobacterales,Xiphinematobacteraceae,Candidatus Xiphinematobacter,uncultured bacterium
seq4055,Bacteria,Acidobacteriota,Blastocatellia,Blastocatellales,Blastocatellaceae,uncultured,uncultured Acidobacteria bacterium
seq4056,Bacteria,Planctomycetota,Planctomycetes,Pirellulales,Pirellulaceae,Pirellula,uncultured bacterium
seq4057,Bacteria,Proteobacteria,Gammaproteobacteria,Burkholderiales,TRA3-20,uncultured bacterium,
seq4058,Bacteria,Acidobacteriota,Blastocatellia,Pyrinomonadales,Pyrinomonadaceae,RB41,uncultured bacterium
seq4059,Bacteria,Bacteroidota,Bacteroidia,Cytophagales,Microscillaceae,uncultured,uncultured bacterium
seq4060,Unclassified,,,,,,
seq4061,Unclassified,,,,,,
seq4062,Bacteria,Proteobacteria,Alphaproteobacteria,Reyranellales,Reyranellaceae,Reyranella,uncultured bacterium
seq4063,Bacteria,Planctomycetota,Planctomycetes,Pirellulales,Pirellulaceae,uncultured,uncultured bacterium
seq4064,Bacteria,Myxococcota,Polyangia,Nannocystales,Nannocystaceae,Nannocystis,metagenome
seq4065,ML_predicted_Phylum: Planctomycetota,,,,,,
seq4066,Bacteria,NB1-j,uncultured bacterium,,,,
seq4067,Bacteria,Actinobacteriota,Actinobacteria,Streptomycetales,Streptomycetaceae,Streptomyces,Streptomyces sp.
seq4068,Bacteria,Planctomycetota,Planctomycetes,Gemmatales,Gemmataceae,uncultured,uncultured bacterium
seq4069,Bacteria,Entotheonellaeota,Entotheonellia,Entotheonellales,Entotheonellaceae,uncultured bacterium,
seq4070,Bacteria,Bacteroidota,Bacteroidia,Chitinophagales,Chitinophagaceae,Puia,uncultured bacterium
seq4071,Bacteria,Bacteroidota,Bacteroidia,Chitinophagales,Chitinophagaceae,Terrimonas,uncultured bacterium
seq4072,Bacteria,Bacteroidota,Bacteroidia,Cytophagales,Microscillaceae,uncultured,uncultured bacterium
seq4073,ML_predicted_Phylum: Bacteroidota,,,,,,
seq4074,Bacteria,Acidobacteriota,Vicinamibacteria,Subgroup 17,uncultured Acidobacteriales bacterium,,
seq4075,Bacteria,Bacteroidota,Bacteroidia,Cytophagales,Microscillaceae,uncultured,uncultured bacterium
seq4076,Bacteria,Actinobacteriota,Thermoleophilia,Solirubrobacterales,Solirubrobacteraceae,uncultured Rubrobacteria bacterium,
seq4077,Bacteria,Planctomycetota,Planctomycetes,Pirellulales,Pirellulaceae,Pirellula,uncultured planctomycete
seq4078,Bacteria,Bacteroidota,Bacteroidia,Chitinophagales,Chitinophagaceae,Edaphobaculum,metagenome
seq4079,Bacteria,Verrucomicrobiota,Verrucomicrobiae,Opitutales,Opitutaceae,Opitutus,uncultured bacterium
seq4080,Unclassified,,,,,,
seq4081,Bacteria,Planctomycetota,Phycisphaerae,Tepidisphaerales,WD2101 soil group,uncultured bacterium,
seq4082,Bacteria,Myxococcota,bacteriap25,uncultured bacterium,,,
seq4083,Bacteria,Actinobacteriota,Thermoleophilia,Solirubrobacterales,Solirubrobacteraceae,uncultured,uncultured actinobacterium
seq4084,Archaea,Thermoplasmatota,Thermoplasmata,Marine Group II,uncultured archaeon,,
seq4085,Bacteria,Planctomycetota,OM190,uncultured bacterium,,,
seq4086,Bacteria,Chloroflexi,Anaerolineae,SBR1031,A4b,metagenome,
seq4087,Bacteria,Myxococcota,Polyangia,Nannocystales,Nannocystaceae,metagenome,
seq4088,Bacteria,Myxococcota,bacteriap25,uncultured bacterium,,,
seq4089,Bacteria,Verrucomicrobiota,Verrucomicrobiae,Opitutales,Opitutaceae,Opitutus,uncultured bacterium
seq4090,Bacteria,Chloroflexi,Anaerolineae,Caldilineales,Caldilineaceae,uncultured,uncultured bacterium
seq4091,Bacteria,Proteobacteria,Alphaproteobacteria,Sphingomonadales,Sphingomonadaceae,Sphingomonas,uncultured bacterium
seq4092,Bacteria,Acidobacteriota,Vicinamibacteria,Vicinamibacterales,uncultured,uncultured Acidobacteria bacterium,
seq4093,Bacteria,Planctomycetota,Planctomycetes,Gemmatales,Gemmataceae,uncultured,uncultured bacterium
seq4094,ML_predicted_Phylum: Patescibacteria,,,,,,
seq4095,Bacteria,Actinobacteriota,MB-A2-108,uncultured bacterium,,,
seq4096,Bacteria,Bacteroidota,Bacteroidia,Chitinophagales,Chitinophagaceae,uncultured,uncultured bacterium
seq4097,Bacteria,Actinobacteriota,Thermoleophilia,Gaiellales,uncultured,uncultured bacterium,
seq4098,Bacteria,Proteobacteria,Alphaproteobacteria,Caulobacterales,Caulobacteraceae,Caulobacter,metagenome
seq4099,Bacteria,Myxococcota,bacteriap25,uncultured bacterium,,,
seq4100,Bacteria,Actinobacteriota,Acidimicrobiia,Microtrichales,Ilumatobacteraceae,uncultured,uncultured bacterium
seq4101,Bacteria,Elusimicrobiota,Lineage IIb,uncultured soil bacterium,,,
seq4102,ML_predicted_Phylum: Proteobacteria,,,,,,
seq4103,Bacteria,Elusimicrobiota,Lineage IIa,uncultured bacterium,,,
seq4104,Bacteria,Bacteroidota,Bacteroidia,Cytophagales,Microscillaceae,Hassallia,uncultured Sphingobacteriales bacterium
seq4105,Bacteria,Acidobacteriota,Vicinamibacteria,Vicinamibacterales,Vicinamibacteraceae,uncultured bacterium,
seq4106,Bacteria,Planctomycetota,Phycisphaerae,Tepidisphaerales,WD2101 soil group,uncultured bacterium,
seq4107,Bacteria,Myxococcota,Polyangia,Haliangiales,Haliangiaceae,Haliangium,uncultured bacterium
seq4108,Bacteria,Verrucomicrobiota,Chlamydiae,Chlamydiales,Parachlamydiaceae,uncultured,metagenome
seq4109,Bacteria,Acidobacteriota,Blastocatellia,Blastocatellales,Blastocatellaceae,Stenotrophobacter,uncultured bacterium
seq4110,Bacteria,Proteobacteria,Alphaproteobacteria,Rickettsiales,SM2D12,uncultured bacterium,
seq4111,Unclassified,,,,,,
seq4112,Bacteria,Planctomycetota,Planctomycetes,Planctomycetales,uncultured,metagenome,
seq4113,ML_predicted_Phylum: Verrucomicrobiota,,,,,,
seq4114,Bacteria,Proteobacteria,Gammaproteobacteria,Gammaproteobacteria Incertae Sedis,Unknown Family,Acidibacter,uncultured bacterium
seq4115,Bacteria,Acidobacteriota,Blastocatellia,Pyrinomonadales,Pyrinomonadaceae,RB41,uncultured bacterium
seq4116,Bacteria,Planctomycetota,Phycisphaerae,Phycisphaerales,Phycisphaeraceae,SM1A02,uncultured bacterium
seq4117,Bacteria,Verrucomicrobiota,Verrucomicrobiae,Pedosphaerales,Pedosphaeraceae,uncultured,uncultured bacterium
seq4118,Bacteria,Verrucomicrobiota,Verrucomicrobiae,Chthoniobacterales,Chthoniobacteraceae,Chthoniobacter,metagenome
seq4119,Bacteria,Proteobacteria,Alphaproteobacteria,Sphingomonadales,Sphingomonadaceae,Sphingopyxis,Sphingomonas sp. FS61
seq4120,Bacteria,Bacteroidota,Bacteroidia,Chitinophagales,Chitinophagaceae,uncultured,uncultured bacterium
seq4121,Bacteria,Verrucomicrobiota,Verrucomicrobiae,Pedosphaerales,Pedosphaeraceae,uncultured Verrucomicrobia bacterium,
seq4122,Bacteria,Planctomycetota,Planctomycetes,Gemmatales,Gemmataceae,Telmatocola,metagenome
seq4123,Bacteria,Acidobacteriota,Vicinamibacteria,Vicinamibacterales,uncultured,uncultured bacterium,
seq4124,Archaea,Crenarchaeota,Nitrososphaeria,Nitrososphaerales,Nitrososphaeraceae,uncultured crenarchaeote,
seq4125,Bacteria,Actinobacteriota,Rubrobacteria,Rubrobacterales,Rubrobacteriaceae,Rubrobacter,uncultured actinobacterium
seq4126,Bacteria,Actinobacteriota,Thermoleophilia,uncultured,uncultured bacterium,,
seq4127,Bacteria,Acidobacteriota,Blastocatellia,Blastocatellales,Blastocatellaceae,JGI 0001001-H03,uncultured Acidobacteria bacterium
seq4128,Bacteria,Myxococcota,Polyangia,Polyangiales,Sandaracinaceae,uncultured,uncultured delta proteobacterium
seq4129,Unclassified,,,,,,
seq4130,Unclassified,,,,,,
seq4131,Bacteria,Bacteroidota,Bacteroidia,Chitinophagales,37-13,uncultured soil bacterium,
seq4132,Bacteria,Proteobacteria,Gammaproteobacteria,Steroidobacterales,Steroidobacteraceae,Steroidobacter,metagenome
seq4133,Bacteria,Verrucomicrobiota,Verrucomicrobiae,Opitutales,Opitutaceae,Opitutus,uncultured Verrucomicrobia bacterium
seq4134,Bacteria,Planctomycetota,OM190,uncultured bacterium,,,
seq4135,Bacteria,Acidobacteriota,Subgroup 25,uncultured bacterium,,,
seq4136,Bacteria,Planctomycetota,Phycisphaerae,Tepidisphaerales,WD2101 soil group,uncultured bacterium,
seq4137,Bacteria,Verrucomicrobiota,Verrucomicrobiae,Verrucomicrobiales,Verrucomicrobiaceae,Roseimicrobium,metagenome
seq4138,Bacteria,Acidobacteriota,Acidobacteriae,Subgroup 15,uncultured bacterium,,
seq4139,Bacteria,Planctomycetota,OM190,uncultured bacterium,,,
seq4140,Unclassified,,,,,,
seq4141,Unclassified,,,,,,
seq4142,Bacteria,Actinobacteriota,Thermoleophilia,Solirubrobacterales,67-14,uncultured bacterium,
seq4143,Bacteria,Bacteroidota,Bacteroidia,Chitinophagales,Chitinophagaceae,Pseudoflavitalea,metagenome
seq4144,Bacteria,Bacteroidota,Bacteroidia,Bacteroidetes VC2.1 Bac22,metagenome,,
seq4145,Bacteria,Acidobacteriota,Vicinamibacteria,Vicinamibacterales,uncultured,uncultured bacterium,
seq4146,Bacteria,Planctomycetota,Planctomycetes,Pirellulales,Pirellulaceae,Pirellula,uncultured bacterium
seq4147,Bacteria,Planctomycetota,Planctomycetes,Gemmatales,Gemmataceae,Fimbriiglobus,uncultured planctomycete
seq4148,Bacteria,Proteobacteria,Gammaproteobacteria,Steroidobacterales,Steroidobacteraceae,Steroidobacter,uncultured Xanthomonadales bacterium
seq4149,Bacteria,Proteobacteria,Alphaproteobacteria,Rhizobiales,Hyphomicrobiaceae,Hyphomicrobium,uncultured Alphaproteobacteria bacterium
seq4150,Bacteria,Bacteroidota,Bacteroidia,Sphingobacteriales,env.OPS 17,uncultured bacterium,
seq4151,Bacteria,Chloroflexi,AD3,uncultured bacterium,,,
seq4152,Bacteria,Bacteroidota,Bacteroidia,Chitinophagales,Chitinophagaceae,uncultured,uncultured bacterium
seq4153,Bacteria,Verrucomicrobiota,Verrucomicrobiae,Chthoniobacterales,Chthoniobacteraceae,Chthoniobacter,metagenome
seq4154,Unclassified,,,,,,
seq4155,Bacteria,Actinobacteriota,Thermoleophilia,Gaiellales,Gaiellaceae,Gaiella,uncultured bacterium
seq4156,Bacteria,Proteobacteria,Alphaproteobacteria,Rhizobiales,Beijerinckiaceae,Microvirga,Microvirga makkahensis
seq4157,Bacteria,Planctomycetota,Planctomycetes,Gemmatales,Gemmataceae,uncultured,uncultured bacterium
seq4158,Bacteria,Verrucomicrobiota,Verrucomicrobiae,Pedosphaerales,Pedosphaeraceae,Ellin517,metagenome
seq4159,Bacteria,Chloroflexi,Anaerolineae,Anaerolineales,Anaerolineaceae,uncultured,metagenome
seq4160,Bacteria,Bacteroidota,Bacteroidia,Chitinophagales,Chitinophagaceae,Ferruginibacter,uncultured bacterium
seq4161,Unclassified,,,,,,
seq4162,Bacteria,Bacteroidota,Kapabacteria,Kapabacteriales,uncultured bacterium,,
seq4163,Bacteria,Elusimicrobiota,Lineage IIb,uncultured soil bacterium,,,
seq4164,Bacteria,Myxococcota,bacteriap25,uncultured bacterium,,,
seq4165,Bacteria,Proteobacteria,Alphaproteobacteria,Reyranellales,Reyranellaceae,Reyranella,metagenome
seq4166,Bacteria,Acidobacteriota,Blastocatellia,Pyrinomonadales,Pyrinomonadaceae,RB41,uncultured bacterium
seq4167,Bacteria,Actinobacteriota,Acidimicrobiia,Microtrichales,uncultured,uncultured bacterium,
seq4168,Bacteria,Proteobacteria,Alphaproteobacteria,Acetobacterales,Acetobacteraceae,Roseomonas,metagenome
seq4169,ML_predicted_Phylum: Proteobacteria,,,,,,
seq4170,Bacteria,Actinobacteriota,Acidimicrobiia,IMCC26256,uncultured bacterium,,
seq4171,Bacteria,Bacteroidota,Bacteroidia,Cytophagales,Microscillaceae,Ohtaekwangia,uncultured bacterium
seq4172,ML_predicted_Phylum: Bacteroidota,,,,,,
seq4173,Bacteria,Acidobacteriota,Vicinamibacteria,Vicinamibacterales,uncultured,uncultured Acidobacteria bacterium,
seq4174,Bacteria,Acidobacteriota,Blastocatellia,Blastocatellales,Blastocatellaceae,Blastocatella,uncultured bacterium
seq4175,Bacteria,Bacteroidota,Bacteroidia,Chitinophagales,Chitinophagaceae,Terrimonas,Terrimonas sp.
seq4176,Eukaryota,Amorphea,Obazoa,Opisthokonta,Nucletmycea,Fungi,Mucoromycota
seq4177,Bacteria,Verrucomicrobiota,Verrucomicrobiae,Opitutales,Opitutaceae,Opitutus,uncultured bacterium
seq4178,Bacteria,Proteobacteria,Alphaproteobacteria,Tistrellales,Geminicoccaceae,uncultured,uncultured bacterium
seq4179,Bacteria,Verrucomicrobiota,Verrucomicrobiae,S-BQ2-57 soil group,uncultured bacterium,,
seq4180,Bacteria,Actinobacteriota,Actinobacteria,Micromonosporales,Micromonosporaceae,Actinoplanes,uncultured bacterium
seq4181,ML_predicted_Phylum: Verrucomicrobiota,,,,,,
seq4182,Bacteria,Actinobacteriota,Actinobacteria,Propionibacteriales,Nocardioidaceae,Marmoricola,uncultured bacterium
seq4183,Bacteria,Bacteroidota,Bacteroidia,Chitinophagales,Chitinophagaceae,Niabella,uncultured bacterium
seq4184,Bacteria,Acidobacteriota,Blastocatellia,Pyrinomonadales,Pyrinomonadaceae,RB41,uncultured Acidobacteria bacterium
seq4185,Bacteria,Gemmatimonadota,Gemmatimonadetes,Gemmatimonadales,Gemmatimonadaceae,uncultured,uncultured bacterium
seq4186,Bacteria,Acidobacteriota,Blastocatellia,Pyrinomonadales,Pyrinomonadaceae,RB41,uncultured bacterium
seq4187,Bacteria,Bacteroidota,Bacteroidia,Sphingobacteriales,env.OPS 17,uncultured bacterium,
seq4188,Bacteria,Chloroflexi,Anaerolineae,Caldilineales,Caldilineaceae,uncultured,uncultured bacterium
seq4189,ML_predicted_Phylum: Planctomycetota,,,,,,
seq4190,Bacteria,Acidobacteriota,Vicinamibacteria,Vicinamibacterales,uncultured,uncultured Acidobacteriaceae bacterium,
seq4191,Bacteria,Proteobacteria,Gammaproteobacteria,Burkholderiales,TRA3-20,uncultured bacterium,
seq4192,Bacteria,Bacteroidota,Bacteroidia,Cytophagales,Microscillaceae,uncultured,uncultured bacterium
seq4193,Bacteria,Planctomycetota,Planctomycetes,Gemmatales,Gemmataceae,uncultured,uncultured Zavarzinella sp.
seq4194,Bacteria,Actinobacteriota,Rubrobacteria,Rubrobacterales,Rubrobacteriaceae,Rubrobacter,uncultured bacterium
seq4195,Bacteria,Firmicutes,Bacilli,Paenibacillales,Paenibacillaceae,Paenibacillus,Paenibacillus sp. KAR72
seq4196,Bacteria,Bacteroidota,Bacteroidia,Chitinophagales,Chitinophagaceae,Ferruginibacter,metagenome
seq4197,Archaea,Crenarchaeota,Nitrososphaeria,Nitrososphaerales,Nitrososphaeraceae,Candidatus Nitrososphaera,uncultured archaeon
seq4198,Bacteria,Planctomycetota,Planctomycetes,Pirellulales,Pirellulaceae,Pirellula,metagenome
seq4199,Bacteria,Planctomycetota,Pla4 lineage,metagenome,,,
seq4200,Bacteria,Verrucomicrobiota,Verrucomicrobiae,Opitutales,Opitutaceae,Cephaloticoccus,metagenome
seq4201,Bacteria,Myxococcota,Polyangia,Polyangiales,BIrii41,uncultured bacterium,
seq4202,Bacteria,Actinobacteriota,Actinobacteria,Micromonosporales,Micromonosporaceae,Actinoplanes,uncultured bacterium
seq4203,Bacteria,Actinobacteriota,Acidimicrobiia,IMCC26256,uncultured bacterium,,
seq4204,Unclassified,,,,,,
seq4205,Bacteria,Actinobacteriota,Actinobacteria,Propionibacteriales,Nocardioidaceae,Marmoricola,Marmoricola sp.
seq4206,Bacteria,Actinobacteriota,Actinobacteria,Corynebacteriales,Mycobacteriaceae,Mycobacterium,uncultured Mycobacterium sp.
seq4207,ML_predicted_Phylum: Bacteroidota,,,,,,
seq4208,Bacteria,Actinobacteriota,Thermoleophilia,Solirubrobacterales,Solirubrobacteraceae,Conexibacter,uncultured bacterium
seq4209,Bacteria,Planctomycetota,Planctomycetes,Pirellulales,Pirellulaceae,Pirellula,uncultured Planctomycetaceae bacterium
seq4210,Bacteria,Bacteroidota,Bacteroidia,Chitinophagales,Chitinophagaceae,Terrimonas,Terrimonas sp.
seq4211,Bacteria,Chloroflexi,Anaerolineae,Caldilineales,Caldilineaceae,uncultured,uncultured bacterium
seq4212,Bacteria,Verrucomicrobiota,Verrucomicrobiae,Chthoniobacterales,Chthoniobacteraceae,Candidatus Udaeobacter,uncultured bacterium
seq4213,Bacteria,Actinobacteriota,Actinobacteria,Propionibacteriales,Nocardioidaceae,Nocardioides,uncultured bacterium
seq4214,Bacteria,Actinobacteriota,Acidimicrobiia,Microtrichales,uncultured,uncultured bacterium,
seq4215,Bacteria,Chloroflexi,Chloroflexia,Kallotenuales,AKIW781,uncultured bacterium,
seq4216,Bacteria,Chloroflexi,Anaerolineae,SBR1031,uncultured bacterium,,
seq4217,Bacteria,Verrucomicrobiota,Verrucomicrobiae,Pedosphaerales,Pedosphaeraceae,uncultured,uncultured bacterium
seq4218,Bacteria,Planctomycetota,Planctomycetes,Pirellulales,Pirellulaceae,Pir4 lineage,uncultured bacterium
seq4219,ML_predicted_Phylum: Planctomycetota,,,,,,
seq4220,Bacteria,Acidobacteriota,Thermoanaerobaculia,Thermoanaerobaculales,Thermoanaerobaculaceae,Subgroup 10,Acidobacteria bacterium WX184
seq4221,Bacteria,Bacteroidota,Bacteroidia,Flavobacteriales,Flavobacteriaceae,Flavobacterium,Flavobacterium sp. HMDA3
seq4222,ML_predicted_Phylum: Patescibacteria,,,,,,
seq4223,Bacteria,Bacteroidota,Bacteroidia,Cytophagales,Microscillaceae,uncultured,uncultured bacterium
seq4224,Bacteria,Proteobacteria,Alphaproteobacteria,uncultured,uncultured bacterium,,
seq4225,Bacteria,Proteobacteria,Alphaproteobacteria,Rhizobiales,Xanthobacteraceae,uncultured,uncultured bacterium
seq4226,Bacteria,Planctomycetota,Planctomycetes,uncultured,uncultured bacterium,,
seq4227,Bacteria,Actinobacteriota,Actinobacteria,Micrococcales,Microbacteriaceae,Homoserinibacter,Homoserinibacter gongjuensis
seq4228,Bacteria,Actinobacteriota,Actinobacteria,Micrococcales,Cellulomonadaceae,Cellulomonas,Cellulomonas sp. ES2-55
seq4229,Bacteria,Proteobacteria,Alphaproteobacteria,Rhizobiales,Rhizobiaceae,Phyllobacterium,Phyllobacterium sp. CCBAU 83356
seq4230,Bacteria,Bacteroidota,Bacteroidia,Flavobacteriales,Flavobacteriaceae,Flavobacterium,Flavobacterium sp. R-38295
seq4231,Bacteria,RCP2-54,uncultured bacterium,,,,
seq4232,Bacteria,Bacteroidota,Bacteroidia,Sphingobacteriales,Sphingobacteriaceae,Mucilaginibacter,Mucilaginibacter boryungensis
seq4233,ML_predicted_Phylum: Bacteroidota,,,,,,
seq4234,Unclassified,,,,,,
seq4235,Bacteria,Planctomycetota,Phycisphaerae,Tepidisphaerales,WD2101 soil group,uncultured bacterium,
seq4236,Bacteria,Chloroflexi,Anaerolineae,Anaerolineales,Anaerolineaceae,uncultured,uncultured bacterium
seq4237,Bacteria,Bacteroidota,Bacteroidia,Chitinophagales,Chitinophagaceae,Niastella,metagenome
seq4238,Bacteria,Proteobacteria,Alphaproteobacteria,Caulobacterales,Caulobacteraceae,Phenylobacterium,uncultured bacterium
seq4239,Bacteria,Proteobacteria,Gammaproteobacteria,Burkholderiales,Burkholderiaceae,Lautropia,uncultured bacterium
seq4240,Bacteria,Planctomycetota,Phycisphaerae,Tepidisphaerales,WD2101 soil group,uncultured soil bacterium,
seq4241,Bacteria,Bacteroidota,Bacteroidia,Chitinophagales,Chitinophagaceae,Ferruginibacter,uncultured bacterium
seq4242,Bacteria,Proteobacteria,Alphaproteobacteria,Rhizobiales,Devosiaceae,Devosia,Devosia sp. M30
seq4243,Bacteria,Myxococcota,bacteriap25,uncultured bacterium,,,
seq4244,Bacteria,Bacteroidota,Bacteroidia,Chitinophagales,Chitinophagaceae,Edaphobaculum,uncultured soil bacterium
seq4245,ML_predicted_Phylum: Patescibacteria,,,,,,
seq4246,Bacteria,Bacteroidota,Bacteroidia,Sphingobacteriales,Sphingobacteriaceae,Pedobacter,Pedobacter sp. Ulm16
seq4247,Bacteria,Bacteroidota,Bacteroidia,Flavobacteriales,Flavobacteriaceae,Flavobacterium,Flavobacterium hauense
seq4248,Bacteria,Actinobacteriota,Acidimicrobiia,Microtrichales,uncultured,uncultured bacterium,
seq4249,Bacteria,Chloroflexi,Ktedonobacteria,C0119,uncultured bacterium,,
seq4250,Archaea,Crenarchaeota,Nitrososphaeria,Nitrososphaerales,Nitrososphaeraceae,uncultured crenarchaeote,
seq4251,Bacteria,Bacteroidota,Bacteroidia,Chitinophagales,Chitinophagaceae,Terrimonas,uncultured bacterium
seq4252,Bacteria,Actinobacteriota,Actinobacteria,Micromonosporales,Micromonosporaceae,Luedemannella,uncultured bacterium
seq4253,Bacteria,Bacteroidota,Bacteroidia,Chitinophagales,Chitinophagaceae,uncultured,uncultured soil bacterium
seq4254,Bacteria,Actinobacteriota,Actinobacteria,Micromonosporales,Micromonosporaceae,Verrucosispora sp. FXJ6.013,
seq4255,Bacteria,Acidobacteriota,Subgroup 18,uncultured bacterium,,,
seq4256,ML_predicted_Phylum: Patescibacteria,,,,,,
seq4257,Bacteria,Bacteroidota,Bacteroidia,Chitinophagales,Chitinophagaceae,Ferruginibacter,uncultured bacterium
seq4258,Archaea,Crenarchaeota,Nitrososphaeria,Nitrososphaerales,Nitrososphaeraceae,uncultured archaeon,
seq4259,Archaea,Crenarchaeota,Nitrososphaeria,Nitrososphaerales,Nitrososphaeraceae,uncultured archaeon,
seq4260,Bacteria,Bacteroidota,Bacteroidia,Chitinophagales,Chitinophagaceae,uncultured,uncultured bacterium
seq4261,Bacteria,Verrucomicrobiota,Verrucomicrobiae,Pedosphaerales,Pedosphaeraceae,uncultured,metagenome
seq4262,ML_predicted_Phylum: Patescibacteria,,,,,,
seq4263,Bacteria,Bacteroidota,Bacteroidia,Sphingobacteriales,Sphingobacteriaceae,Sphingobacterium,Sphingobacterium multivorum
seq4264,ML_predicted_Phylum: Proteobacteria,,,,,,
seq4265,Bacteria,Myxococcota,bacteriap25,uncultured bacterium,,,
seq4266,Bacteria,Cyanobacteria,Cyanobacteriia,Cyanobacteriales,Nostocaceae,Nostoc BDU-40302,Nostoc sp. HCC1088
seq4267,Bacteria,Verrucomicrobiota,Verrucomicrobiae,Opitutales,Opitutaceae,Opitutus,uncultured Verrucomicrobium sp.
seq4268,Bacteria,Bacteroidota,Bacteroidia,Sphingobacteriales,Sphingobacteriaceae,Pedobacter,Pedobacter humi
seq4269,Bacteria,Acidobacteriota,Blastocatellia,11-24,uncultured bacterium,,
seq4270,Bacteria,Verrucomicrobiota,Verrucomicrobiae,Verrucomicrobiales,Verrucomicrobiaceae,Roseimicrobium,metagenome
seq4271,Bacteria,Bacteroidota,Bacteroidia,Cytophagales,Microscillaceae,uncultured,metagenome
seq4272,ML_predicted_Phylum: Chloroflexi,,,,,,
seq4273,Bacteria,Planctomycetota,Phycisphaerae,Tepidisphaerales,WD2101 soil group,uncultured bacterium,
seq4274,Bacteria,Verrucomicrobiota,Verrucomicrobiae,Opitutales,Opitutaceae,Opitutus,uncultured Verrucomicrobium sp.
seq4275,Bacteria,Chloroflexi,Chloroflexia,Thermomicrobiales,JG30-KF-CM45,uncultured bacterium,
seq4276,Bacteria,Planctomycetota,OM190,uncultured bacterium,,,
seq4277,Bacteria,Proteobacteria,Alphaproteobacteria,Sphingomonadales,Sphingomonadaceae,Sphingomonas,uncultured bacterium
seq4278,ML_predicted_Phylum: Proteobacteria,,,,,,
seq4279,Bacteria,Actinobacteriota,Acidimicrobiia,Microtrichales,Ilumatobacteraceae,uncultured,metagenome
seq4280,Bacteria,Bacteroidota,Bacteroidia,Chitinophagales,Chitinophagaceae,Ferruginibacter,uncultured bacterium
seq4281,Bacteria,Planctomycetota,Planctomycetes,Pirellulales,Pirellulaceae,Pirellula,metagenome
seq4282,Unclassified,,,,,,
seq4283,Bacteria,Bacteroidota,Bacteroidia,Chitinophagales,Chitinophagaceae,Terrimonas,uncultured bacterium
seq4284,ML_predicted_Phylum: Actinobacteriota,,,,,,
seq4285,Bacteria,Proteobacteria,Gammaproteobacteria,Burkholderiales,B1-7BS,metagenome,
seq4286,Bacteria,Proteobacteria,Alphaproteobacteria,Sphingomonadales,Sphingomonadaceae,Altererythrobacter,uncultured bacterium
seq4287,Bacteria,Actinobacteriota,Thermoleophilia,Gaiellales,uncultured,uncultured bacterium,
seq4288,Bacteria,Verrucomicrobiota,Verrucomicrobiae,Pedosphaerales,Pedosphaeraceae,metagenome,
seq4289,Bacteria,Acidobacteriota,Blastocatellia,11-24,uncultured Acidobacteria bacterium,,
seq4290,Bacteria,Bacteroidota,Bacteroidia,Flavobacteriales,Weeksellaceae,Chryseobacterium,Chryseobacterium sp. TA_EU
seq4291,Bacteria,Actinobacteriota,Thermoleophilia,Solirubrobacterales,Solirubrobacteraceae,Solirubrobacter,uncultured bacterium
seq4292,Bacteria,Proteobacteria,Gammaproteobacteria,Xanthomonadales,Xanthomonadaceae,Pseudoxanthomonas,uncultured bacterium
seq4293,Bacteria,Planctomycetota,Planctomycetes,Gemmatales,Gemmataceae,uncultured,uncultured bacterium
seq4294,Bacteria,Planctomycetota,Planctomycetes,Pirellulales,Pirellulaceae,uncultured,uncultured bacterium
seq4295,Archaea,Crenarchaeota,Nitrososphaeria,Nitrososphaerales,Nitrososphaeraceae,uncultured archaeon,
seq4296,Bacteria,Myxococcota,Polyangia,Haliangiales,Haliangiaceae,Haliangium,uncultured bacterium
seq4297,Bacteria,Myxococcota,Polyangia,Polyangiales,Polyangiaceae,uncultured bacterium,
seq4298,Bacteria,Acidobacteriota,Blastocatellia,Blastocatellales,Blastocatellaceae,JGI 0001001-H03,uncultured bacterium
seq4299,Bacteria,Patescibacteria,Saccharimonadia,Saccharimonadales,uncultured Candidatus Saccharibacteria bacterium,,
seq4300,Bacteria,Planctomycetota,Planctomycetes,Pirellulales,Pirellulaceae,Rhodopirellula,metagenome
seq4301,Bacteria,Bacteroidota,Bacteroidia,Sphingobacteriales,Sphingobacteriaceae,Pedobacter,Pedobacter humi
seq4302,Bacteria,Verrucomicrobiota,Chlamydiae,Chlamydiales,Parachlamydiaceae,Candidatus Protochlamydia,Candidatus Protochlamydia sp. cvE12
seq4303,Bacteria,Proteobacteria,Gammaproteobacteria,Diplorickettsiales,Diplorickettsiaceae,uncultured,uncultured bacterium
seq4304,Bacteria,Bacteroidota,Bacteroidia,Cytophagales,Spirosomaceae,Spirosoma,Spirosoma endophyticum
seq4305,Bacteria,Planctomycetota,Planctomycetes,Gemmatales,Gemmataceae,uncultured,metagenome
seq4306,Bacteria,Actinobacteriota,Acidimicrobiia,Microtrichales,Iamiaceae,Iamia,metagenome
seq4307,Bacteria,Actinobacteriota,Actinobacteria,Streptosporangiales,Thermomonosporaceae,Actinomadura,Thermomonosporaceae bacterium ACT-0131
seq4308,Bacteria,Cyanobacteria,Cyanobacteriia,Chloroplast,Lactuca sativa,,
seq4309,Bacteria,Proteobacteria,Alphaproteobacteria,Rhizobiales,Xanthobacteraceae,uncultured,uncultured bacterium
seq4310,Bacteria,Acidobacteriota,Vicinamibacteria,Vicinamibacterales,Vicinamibacteraceae,uncultured bacterium,
seq4311,Bacteria,Bdellovibrionota,Bdellovibrionia,Bdellovibrionales,Bdellovibrionaceae,OM27 clade,uncultured delta proteobacterium
seq4312,Bacteria,Patescibacteria,Saccharimonadia,Saccharimonadales,uncultured bacterium,,
seq4313,Bacteria,Proteobacteria,Alphaproteobacteria,Rhizobiales,Xanthobacteraceae,uncultured,uncultured Bradyrhizobiaceae bacterium
seq4314,Bacteria,Acidobacteriota,Vicinamibacteria,Vicinamibacterales,uncultured,uncultured Acidobacteria bacterium,
seq4315,Bacteria,Proteobacteria,Alphaproteobacteria,Rhizobiales,Rhizobiaceae,Allorhizobium-Neorhizobium-Pararhizobium-Rhizobium,Neorhizobium huautlense
seq4316,Bacteria,Acidobacteriota,Blastocatellia,Pyrinomonadales,Pyrinomonadaceae,RB41,uncultured bacterium
seq4317,Bacteria,Patescibacteria,Saccharimonadia,Saccharimonadales,YM_S32_TM7_50_20,uncultured bacterium,
seq4318,Bacteria,Proteobacteria,Alphaproteobacteria,Azospirillales,Inquilinaceae,Inquilinus,bacterium PA13
seq4319,Bacteria,Bacteroidota,Bacteroidia,Flavobacteriales,Flavobacteriaceae,Flavobacterium,uncultured bacterium
seq4320,Unclassified,,,,,,
seq4321,Bacteria,Proteobacteria,Gammaproteobacteria,Gammaproteobacteria Incertae Sedis,Unknown Family,Acidibacter,uncultured bacterium
seq4322,ML_predicted_Phylum: Bacteroidota,,,,,,
seq4323,Bacteria,Bacteroidota,Bacteroidia,Cytophagales,Microscillaceae,uncultured,uncultured bacterium
seq4324,Bacteria,Acidobacteriota,Vicinamibacteria,Vicinamibacterales,uncultured,uncultured bacterium,
seq4325,Bacteria,Proteobacteria,Alphaproteobacteria,Sphingomonadales,Sphingomonadaceae,Sphingobium,Sphingobium sp. LC341
seq4326,Bacteria,Bacteroidota,Bacteroidia,Chitinophagales,Chitinophagaceae,Puia,uncultured Niastella sp.
seq4327,Bacteria,Actinobacteriota,Thermoleophilia,Solirubrobacterales,Solirubrobacteraceae,Solirubrobacter,uncultured bacterium
seq4328,Bacteria,Actinobacteriota,Thermoleophilia,Solirubrobacterales,67-14,Solirubrobacterales bacterium 67-14,
seq4329,Bacteria,Proteobacteria,Gammaproteobacteria,Burkholderiales,Oxalobacteraceae,Noviherbaspirillum,bacterium BII-R5
seq4330,Archaea,Crenarchaeota,Nitrososphaeria,Nitrososphaerales,Nitrososphaeraceae,uncultured archaeon,
seq4331,Bacteria,Planctomycetota,Phycisphaerae,Tepidisphaerales,WD2101 soil group,uncultured bacterium,
seq4332,Bacteria,Planctomycetota,Planctomycetes,Isosphaerales,Isosphaeraceae,Singulisphaera,uncultured bacterium
seq4333,Bacteria,Actinobacteriota,Actinobacteria,Streptomycetales,Streptomycetaceae,Streptomyces,Streptomyces kunmingensis
seq4334,Bacteria,Myxococcota,Polyangia,Polyangiales,Sandaracinaceae,uncultured,metagenome
seq4335,Bacteria,Bacteroidota,Bacteroidia,Cytophagales,Microscillaceae,uncultured,uncultured bacterium
seq4336,Bacteria,Acidobacteriota,Vicinamibacteria,Vicinamibacterales,Vicinamibacteraceae,uncultured bacterium,
seq4337,Bacteria,Bacteroidota,Bacteroidia,Chitinophagales,Chitinophagaceae,Segetibacter,uncultured bacterium
seq4338,Bacteria,Sumerlaeota,Sumerlaeia,Sumerlaeales,Sumerlaeaceae,Sumerlaea,uncultured bacterium
seq4339,Bacteria,Myxococcota,Myxococcia,Myxococcales,Myxococcaceae,P3OB-42,uncultured bacterium
seq4340,ML_predicted_Phylum: Bacteroidota,,,,,,
seq4341,Bacteria,Verrucomicrobiota,Verrucomicrobiae,Verrucomicrobiales,Verrucomicrobiaceae,uncultured,metagenome
seq4342,Bacteria,Proteobacteria,Gammaproteobacteria,Burkholderiales,Comamonadaceae,uncultured,uncultured bacterium
seq4343,Bacteria,Bacteroidota,Bacteroidia,Chitinophagales,Chitinophagaceae,uncultured,uncultured Bacteroidetes bacterium
seq4344,Bacteria,Bacteroidota,Bacteroidia,Chitinophagales,Chitinophagaceae,uncultured,uncultured bacterium
seq4345,Bacteria,Bacteroidota,Bacteroidia,Chitinophagales,Chitinophagaceae,Ferruginibacter,uncultured Bacteroidetes bacterium
seq4346,Bacteria,Proteobacteria,Alphaproteobacteria,Rhizobiales,Devosiaceae,Devosia,metagenome
seq4347,Unclassified,,,,,,
seq4348,Bacteria,Acidobacteriota,Subgroup 5,uncultured Acidobacteria bacterium,,,
seq4349,Bacteria,Planctomycetota,Phycisphaerae,Tepidisphaerales,WD2101 soil group,uncultured bacterium,
seq4350,Bacteria,Bacteroidota,Bacteroidia,Sphingobacteriales,KD3-93,metagenome,
seq4351,Bacteria,Planctomycetota,Phycisphaerae,Tepidisphaerales,WD2101 soil group,Planctomycetales bacterium Ellin7224,
seq4352,Bacteria,Verrucomicrobiota,Verrucomicrobiae,Verrucomicrobiales,Verrucomicrobiaceae,Roseimicrobium,metagenome
seq4353,Archaea,Crenarchaeota,Nitrososphaeria,Nitrososphaerales,Nitrososphaeraceae,uncultured archaeon,
seq4354,Bacteria,Verrucomicrobiota,Verrucomicrobiae,Chthoniobacterales,Chthoniobacteraceae,Chthoniobacter,bacterium Ellin511
seq4355,Bacteria,Actinobacteriota,Acidimicrobiia,Microtrichales,uncultured,uncultured bacterium,
seq4356,Bacteria,Chloroflexi,TK10,uncultured bacterium,,,
seq4357,Bacteria,Myxococcota,Polyangia,Haliangiales,Haliangiaceae,Haliangium,uncultured bacterium
seq4358,Bacteria,Planctomycetota,Pla4 lineage,metagenome,,,
seq4359,Bacteria,Acidobacteriota,Vicinamibacteria,Vicinamibacterales,Vicinamibacteraceae,uncultured bacterium,
seq4360,Bacteria,Myxococcota,Polyangia,Polyangiales,Sandaracinaceae,uncultured,uncultured delta proteobacterium
seq4361,Bacteria,Planctomycetota,Planctomycetes,Pirellulales,Pirellulaceae,uncultured,metagenome
seq4362,Archaea,Crenarchaeota,Nitrososphaeria,Nitrososphaerales,Nitrososphaeraceae,uncultured crenarchaeote,
seq4363,Bacteria,Proteobacteria,Alphaproteobacteria,Rhizobiales,Xanthobacteraceae,uncultured,uncultured bacterium
seq4364,Bacteria,Proteobacteria,Gammaproteobacteria,Pseudomonadales,Pseudohongiellaceae,BIyi10,uncultured soil bacterium
seq4365,Bacteria,Actinobacteriota,Thermoleophilia,Gaiellales,uncultured,uncultured bacterium,
seq4366,Bacteria,Bacteroidota,Bacteroidia,Chitinophagales,Chitinophagaceae,uncultured,uncultured bacterium
seq4367,Archaea,Crenarchaeota,Nitrososphaeria,Nitrososphaerales,Nitrososphaeraceae,uncultured crenarchaeote,
seq4368,Bacteria,Planctomycetota,Phycisphaerae,Tepidisphaerales,WD2101 soil group,uncultured bacterium,
seq4369,Bacteria,Bacteroidota,Bacteroidia,Chitinophagales,Chitinophagaceae,Edaphobaculum,uncultured bacterium
seq4370,Bacteria,Bacteroidota,Bacteroidia,Chitinophagales,Chitinophagaceae,uncultured,uncultured bacterium
seq4371,Bacteria,Patescibacteria,Saccharimonadia,Saccharimonadales,metagenome,,
seq4372,Bacteria,Actinobacteriota,Actinobacteria,Streptomycetales,Streptomycetaceae,Streptomyces,Streptomyces cinnamonensis
seq4373,Bacteria,Verrucomicrobiota,Verrucomicrobiae,Chthoniobacterales,Chthoniobacteraceae,Chthoniobacter,uncultured bacterium
seq4374,Bacteria,Actinobacteriota,Thermoleophilia,Solirubrobacterales,Solirubrobacteraceae,uncultured Rubrobacteria bacterium,
seq4375,Bacteria,Planctomycetota,OM190,uncultured bacterium,,,
seq4376,Bacteria,Acidobacteriota,Vicinamibacteria,Vicinamibacterales,uncultured,uncultured Acidobacteria bacterium,
seq4377,Bacteria,Bacteroidota,Bacteroidia,Sphingobacteriales,Sphingobacteriaceae,Pedobacter,Pedobacter metabolipauper
seq4378,Bacteria,Bacteroidota,Bacteroidia,Chitinophagales,Chitinophagaceae,uncultured,uncultured bacterium
seq4379,Bacteria,Proteobacteria,Gammaproteobacteria,Gammaproteobacteria Incertae Sedis,Unknown Family,uncultured soil bacterium,
seq4380,Bacteria,Elusimicrobiota,Lineage IIa,uncultured bacterium,,,
seq4381,Unclassified,,,,,,
seq4382,Bacteria,Proteobacteria,Gammaproteobacteria,Burkholderiales,TRA3-20,uncultured bacterium,
seq4383,Bacteria,Bacteroidota,Bacteroidia,Flavobacteriales,Flavobacteriaceae,Flavobacterium,uncultured bacterium
seq4384,Bacteria,Actinobacteriota,Actinobacteria,Streptomycetales,Streptomycetaceae,Streptomyces,Streptomyces kebangsaanensis
seq4385,Bacteria,Myxococcota,Polyangia,Polyangiales,BIrii41,uncultured bacterium,
seq4386,Bacteria,Latescibacterota,uncultured bacterium,,,,
seq4387,Bacteria,Proteobacteria,Gammaproteobacteria,Steroidobacterales,Steroidobacteraceae,uncultured,uncultured bacterium
seq4388,Bacteria,Proteobacteria,Gammaproteobacteria,Xanthomonadales,Xanthomonadaceae,Lysobacter,uncultured bacterium
seq4389,Bacteria,Bacteroidota,Bacteroidia,Flavobacteriales,Flavobacteriaceae,Flavobacterium,Sporocytophaga sp. A61
seq4390,ML_predicted_Phylum: Bacteroidota,,,,,,
seq4391,ML_predicted_Phylum: Bacteroidota,,,,,,
seq4392,Bacteria,Patescibacteria,Saccharimonadia,Saccharimonadales,uncultured Candidatus Saccharibacteria bacterium,,
seq4393,Bacteria,Fibrobacterota,Fibrobacteria,Fibrobacterales,Fibrobacteraceae,possible genus 04,uncultured bacterium
seq4394,Bacteria,Myxococcota,Polyangia,Nannocystales,Nannocystaceae,Nannocystis,uncultured bacterium
seq4395,Bacteria,Verrucomicrobiota,Verrucomicrobiae,Pedosphaerales,Pedosphaeraceae,uncultured bacterium,
seq4396,Bacteria,Actinobacteriota,Actinobacteria,Micromonosporales,Micromonosporaceae,Phytomonospora,Phytomonospora cypria
seq4397,Bacteria,Acidobacteriota,Vicinamibacteria,Vicinamibacterales,uncultured,uncultured soil bacterium,
seq4398,Bacteria,Acidobacteriota,Vicinamibacteria,Vicinamibacterales,uncultured,uncultured Acidobacteria bacterium,
seq4399,Bacteria,Actinobacteriota,Thermoleophilia,Solirubrobacterales,67-14,uncultured Rubrobacteria bacterium,
seq4400,Bacteria,Actinobacteriota,Thermoleophilia,Solirubrobacterales,67-14,uncultured bacterium,
seq4401,Bacteria,Bacteroidota,Bacteroidia,Chitinophagales,Chitinophagaceae,uncultured,uncultured bacterium
seq4402,Unclassified,,,,,,
seq4403,Archaea,Crenarchaeota,Nitrososphaeria,Nitrososphaerales,Nitrososphaeraceae,uncultured crenarchaeote,
seq4404,Bacteria,Patescibacteria,Saccharimonadia,Saccharimonadales,uncultured bacterium,,
seq4405,Bacteria,Bacteroidota,Bacteroidia,Cytophagales,Microscillaceae,uncultured,uncultured bacterium
seq4406,Bacteria,Actinobacteriota,Actinobacteria,Propionibacteriales,Nocardioidaceae,Nocardioides,Nocardioides sp. in31
seq4407,Unclassified,,,,,,
seq4408,ML_predicted_Phylum: Patescibacteria,,,,,,
seq4409,Bacteria,Actinobacteriota,Actinobacteria,Propionibacteriales,Nocardioidaceae,Nocardioides,uncultured bacterium
seq4410,Bacteria,Actinobacteriota,Actinobacteria,Pseudonocardiales,Pseudonocardiaceae,Actinomycetospora,Actinomycetospora sp. YIM 68245
seq4411,Archaea,Crenarchaeota,Nitrososphaeria,Nitrososphaerales,Nitrososphaeraceae,uncultured archaeon,
seq4412,Bacteria,Actinobacteriota,Actinobacteria,Pseudonocardiales,Pseudonocardiaceae,Lechevalieria,Lentzea aerocolonigenes
seq4413,Bacteria,Actinobacteriota,Thermoleophilia,Solirubrobacterales,67-14,uncultured bacterium,
seq4414,Bacteria,Armatimonadota,Fimbriimonadia,Fimbriimonadales,Fimbriimonadaceae,groundwater metagenome,
seq4415,Bacteria,Acidobacteriota,Blastocatellia,Blastocatellales,Blastocatellaceae,JGI 0001001-H03,uncultured bacterium
seq4416,Bacteria,Actinobacteriota,Actinobacteria,Micrococcales,Intrasporangiaceae,Janibacter,Janibacter alkaliphilus
seq4417,Bacteria,Bacteroidota,Bacteroidia,Cytophagales,Microscillaceae,Ohtaekwangia,uncultured bacterium
seq4418,Bacteria,Bacteroidota,Bacteroidia,Sphingobacteriales,AKYH767,uncultured bacterium,
seq4419,Bacteria,Bacteroidota,Bacteroidia,Chitinophagales,Chitinophagaceae,uncultured,uncultured bacterium
seq4420,ML_predicted_Phylum: Cyanobacteria,,,,,,
seq4421,Bacteria,Acidobacteriota,Blastocatellia,Pyrinomonadales,Pyrinomonadaceae,RB41,uncultured bacterium
seq4422,Bacteria,Bacteroidota,Bacteroidia,Cytophagales,Microscillaceae,uncultured,uncultured Bacteroidetes bacterium
seq4423,Bacteria,Actinobacteriota,Actinobacteria,Micromonosporales,Micromonosporaceae,Luedemannella,metagenome
seq4424,Bacteria,Chloroflexi,Chloroflexia,Chloroflexales,Chloroflexaceae,FFCH7168,uncultured bacterium
seq4425,Bacteria,Actinobacteriota,Acidimicrobiia,Microtrichales,Microtrichaceae,IMCC26207,uncultured bacterium
seq4426,Bacteria,Acidobacteriota,Blastocatellia,Pyrinomonadales,Pyrinomonadaceae,RB41,uncultured bacterium
seq4427,Bacteria,Proteobacteria,Gammaproteobacteria,Burkholderiales,Burkholderiaceae,Cupriavidus,Cupriavidus sp. TFD42
seq4428,Archaea,Crenarchaeota,Nitrososphaeria,Nitrososphaerales,Nitrososphaeraceae,uncultured archaeon,
seq4429,Bacteria,Chloroflexi,Anaerolineae,SBR1031,A4b,uncultured soil bacterium,
seq4430,Bacteria,Firmicutes,Bacilli,Paenibacillales,Paenibacillaceae,Paenibacillus,Paenibacillus sacheonensis
seq4431,Bacteria,Actinobacteriota,Actinobacteria,Propionibacteriales,Nocardioidaceae,Aeromicrobium,Aeromicrobium panaciterrae
seq4432,Bacteria,Bacteroidota,Bacteroidia,Cytophagales,Microscillaceae,Chryseolinea,uncultured bacterium
seq4433,Bacteria,Proteobacteria,Gammaproteobacteria,Xanthomonadales,Rhodanobacteraceae,Ahniella,uncultured gamma proteobacterium
seq4434,Bacteria,Myxococcota,Polyangia,Polyangiales,BIrii41,uncultured bacterium,
seq4435,ML_predicted_Phylum: Bacteroidota,,,,,,
seq4436,Bacteria,Bacteroidota,Bacteroidia,Chitinophagales,Chitinophagaceae,Aurantisolimonas,uncultured Bacteroidetes bacterium
seq4437,Bacteria,Bacteroidota,Bacteroidia,Cytophagales,Spirosomaceae,Dyadobacter,Dyadobacter sp. 32
seq4438,Bacteria,Patescibacteria,Saccharimonadia,Saccharimonadales,uncultured bacterium,,
seq4439,ML_predicted_Phylum: Proteobacteria,,,,,,
seq4440,Bacteria,Patescibacteria,Saccharimonadia,Saccharimonadales,uncultured bacterium,,
seq4441,Bacteria,Actinobacteriota,Thermoleophilia,Gaiellales,uncultured,uncultured bacterium,
seq4442,Bacteria,Proteobacteria,Gammaproteobacteria,Xanthomonadales,Rhodanobacteraceae,uncultured,uncultured bacterium
seq4443,Archaea,Crenarchaeota,Nitrososphaeria,Nitrososphaerales,Nitrososphaeraceae,Candidatus Nitrososphaera,uncultured archaeon
seq4444,Bacteria,Bacteroidota,Bacteroidia,Cytophagales,Microscillaceae,Hassallia,uncultured Sphingobacteriales bacterium
seq4445,Bacteria,Patescibacteria,Saccharimonadia,Saccharimonadales,uncultured bacterium,,
seq4446,Unclassified,,,,,,
seq4447,Bacteria,Actinobacteriota,Actinobacteria,Corynebacteriales,Nocardiaceae,Nocardia,Nocardia ninae
seq4448,Bacteria,Bacteroidota,Bacteroidia,Chitinophagales,Chitinophagaceae,Edaphobaculum,Sphingobacterium sp. P-7
seq4449,Bacteria,Bacteroidota,Bacteroidia,Sphingobacteriales,AKYH767,metagenome,
seq4450,Unclassified,,,,,,
seq4451,Bacteria,Planctomycetota,Planctomycetes,Gemmatales,Gemmataceae,uncultured,uncultured bacterium
seq4452,Archaea,Crenarchaeota,Nitrososphaeria,Nitrososphaerales,Nitrososphaeraceae,uncultured crenarchaeote,
seq4453,ML_predicted_Phylum: Verrucomicrobiota,,,,,,
seq4454,Bacteria,Proteobacteria,Alphaproteobacteria,Rhizobiales,Xanthobacteraceae,uncultured,uncultured bacterium
seq4455,Bacteria,Acidobacteriota,Subgroup 5,uncultured Acidobacteria bacterium,,,
seq4456,Bacteria,Verrucomicrobiota,Verrucomicrobiae,Opitutales,Opitutaceae,Opitutus,uncultured bacterium
seq4457,Bacteria,Verrucomicrobiota,Verrucomicrobiae,Pedosphaerales,Pedosphaeraceae,SH3-11,metagenome
seq4458,Bacteria,Planctomycetota,Planctomycetes,Gemmatales,Gemmataceae,Gemmata,uncultured bacterium
seq4459,Bacteria,Bacteroidota,Bacteroidia,Chitinophagales,Saprospiraceae,uncultured,uncultured bacterium
seq4460,Bacteria,Bacteroidota,Bacteroidia,Cytophagales,Microscillaceae,uncultured,uncultured bacterium
seq4461,Bacteria,Acidobacteriota,Vicinamibacteria,Vicinamibacterales,Vicinamibacteraceae,uncultured bacterium,
seq4462,Bacteria,Bacteroidota,Bacteroidia,Chitinophagales,Saprospiraceae,uncultured,uncultured bacterium
seq4463,Bacteria,Gemmatimonadota,S0134 terrestrial group,uncultured bacterium,,,
seq4464,Bacteria,Verrucomicrobiota,Verrucomicrobiae,Chthoniobacterales,Chthoniobacteraceae,Chthoniobacter,metagenome
seq4465,Bacteria,Proteobacteria,Gammaproteobacteria,Burkholderiales,Comamonadaceae,Ramlibacter,uncultured bacterium
seq4466,Bacteria,Chloroflexi,Anaerolineae,SBR1031,uncultured bacterium,,
seq4467,Bacteria,Planctomycetota,Planctomycetes,Gemmatales,Gemmataceae,uncultured,uncultured bacterium
seq4468,Bacteria,Proteobacteria,Alphaproteobacteria,Rhizobiales,Xanthobacteraceae,uncultured,uncultured bacterium
seq4469,Bacteria,Patescibacteria,Saccharimonadia,Saccharimonadales,Saccharimonadaceae,TM7a,uncultured bacterium
seq4470,Unclassified,,,,,,
seq4471,ML_predicted_Phylum: Bacteroidota,,,,,,
seq4472,Bacteria,Myxococcota,Polyangia,Polyangiales,BIrii41,metagenome,
seq4473,ML_predicted_Phylum: Verrucomicrobiota,,,,,,
seq4474,Bacteria,Actinobacteriota,Thermoleophilia,Gaiellales,uncultured,uncultured bacterium,
seq4475,Bacteria,Acidobacteriota,Vicinamibacteria,Vicinamibacterales,uncultured,uncultured Acidobacteria bacterium,
seq4476,Unclassified,,,,,,
seq4477,Bacteria,Actinobacteriota,Thermoleophilia,Gaiellales,Gaiellaceae,Gaiella,uncultured bacterium
seq4478,Bacteria,Elusimicrobiota,Lineage IIb,uncultured bacterium,,,
seq4479,Bacteria,Proteobacteria,Alphaproteobacteria,Sphingomonadales,Sphingomonadaceae,Sphingomonas,Sphingomonas sp. UR 7-12
seq4480,Bacteria,Acidobacteriota,Blastocatellia,Blastocatellales,Blastocatellaceae,Blastocatella,uncultured Acidobacteria bacterium
seq4481,Bacteria,Acidobacteriota,Blastocatellia,Blastocatellales,Blastocatellaceae,Blastocatella,uncultured bacterium
seq4482,ML_predicted_Phylum: Bacteroidota,,,,,,
seq4483,Bacteria,Patescibacteria,Parcubacteria,uncultured bacterium,,,
seq4484,Bacteria,Acidobacteriota,Blastocatellia,Pyrinomonadales,Pyrinomonadaceae,RB41,Arenimicrobium luteum
seq4485,Bacteria,Actinobacteriota,Thermoleophilia,Gaiellales,uncultured,uncultured bacterium,
seq4486,Bacteria,Bacteroidota,Bacteroidia,Chitinophagales,Chitinophagaceae,Puia,uncultured Niastella sp.
seq4487,Bacteria,Actinobacteriota,Thermoleophilia,Gaiellales,Gaiellaceae,Gaiella,uncultured bacterium
seq4488,Bacteria,Acidobacteriota,Acidobacteriae,Solibacterales,Solibacteraceae,Candidatus Solibacter,uncultured bacterium
seq4489,ML_predicted_Phylum: Planctomycetota,,,,,,
seq4490,Bacteria,Bacteroidota,Ignavibacteria,SJA-28,metagenome,,
seq4491,ML_predicted_Phylum: Myxococcota,,,,,,
seq4492,ML_predicted_Phylum: Verrucomicrobiota,,,,,,
seq4493,Bacteria,Myxococcota,Polyangia,Polyangiales,Polyangiaceae,uncultured,metagenome
seq4494,Bacteria,Bacteroidota,Bacteroidia,Chitinophagales,Chitinophagaceae,Ferruginibacter,metagenome
seq4495,Bacteria,Bacteroidota,Bacteroidia,Chitinophagales,Chitinophagaceae,Parasegetibacter,uncultured Bacteroidetes bacterium
seq4496,Bacteria,Bacteroidota,Bacteroidia,Chitinophagales,Chitinophagaceae,Niastella,metagenome
seq4497,Bacteria,Actinobacteriota,Actinobacteria,Micromonosporales,Micromonosporaceae,Actinoplanes,Actinoplanes atraurantiacus
seq4498,Bacteria,Planctomycetota,Planctomycetes,Gemmatales,Gemmataceae,uncultured,uncultured bacterium
seq4499,Bacteria,Patescibacteria,Parcubacteria,uncultured bacterium,,,
seq4500,Bacteria,Cyanobacteria,Cyanobacteriia,Chloroplast,Oryza sativa Japonica Group (Japanese rice),,
seq4501,Bacteria,Proteobacteria,Gammaproteobacteria,Pseudomonadales,Pseudohongiellaceae,BIyi10,metagenome
seq4502,Bacteria,Bacteroidota,Bacteroidia,Cytophagales,Spirosomaceae,Spirosoma,uncultured bacterium
seq4503,Bacteria,Verrucomicrobiota,Chlamydiae,Chlamydiales,Parachlamydiaceae,Candidatus Protochlamydia,endosymbiont of Acanthamoeba sp. R18
seq4504,Bacteria,Bacteroidota,Bacteroidia,Cytophagales,Microscillaceae,Hassallia,uncultured Sphingobacteriales bacterium
seq4505,Bacteria,Bacteroidota,Bacteroidia,Cytophagales,Microscillaceae,uncultured,uncultured bacterium
seq4506,Bacteria,Actinobacteriota,Actinobacteria,Micromonosporales,Micromonosporaceae,uncultured,uncultured bacterium
seq4507,Bacteria,Planctomycetota,Planctomycetes,Gemmatales,Gemmataceae,uncultured,uncultured bacterium
seq4508,Bacteria,Nitrospirota,Nitrospiria,Nitrospirales,Nitrospiraceae,Nitrospira,uncultured Nitrospira sp.
seq4509,Bacteria,Bacteroidota,Bacteroidia,Chitinophagales,Chitinophagaceae,Ferruginibacter,uncultured bacterium
seq4510,Bacteria,Verrucomicrobiota,Verrucomicrobiae,Chthoniobacterales,Chthoniobacteraceae,Chthoniobacter,uncultured Verrucomicrobia bacterium
seq4511,Bacteria,Planctomycetota,Planctomycetes,Pirellulales,Pirellulaceae,Pirellula,uncultured bacterium
seq4512,Bacteria,Acidobacteriota,Blastocatellia,Blastocatellales,Blastocatellaceae,Aridibacter,uncultured bacterium
seq4513,Bacteria,Myxococcota,Polyangia,Haliangiales,Haliangiaceae,Haliangium,uncultured bacterium
seq4514,Bacteria,Myxococcota,Polyangia,Polyangiales,Sandaracinaceae,uncultured,metagenome
seq4515,Bacteria,Actinobacteriota,Actinobacteria,Propionibacteriales,Nocardioidaceae,Nocardioides,Nocardioides sp.
seq4516,Bacteria,Chloroflexi,KD4-96,uncultured bacterium,,,
seq4517,Bacteria,Bacteroidota,Bacteroidia,Chitinophagales,uncultured,uncultured bacterium,
seq4518,Bacteria,Actinobacteriota,Actinobacteria,Micrococcales,Microbacteriaceae,Agromyces,Agromyces ramosus
seq4519,Bacteria,Verrucomicrobiota,Verrucomicrobiae,Pedosphaerales,Pedosphaeraceae,uncultured bacterium,
seq4520,Bacteria,Verrucomicrobiota,Verrucomicrobiae,Opitutales,Opitutaceae,Opitutus,uncultured Verrucomicrobium sp.
seq4521,Bacteria,Elusimicrobiota,Lineage IIa,uncultured bacterium,,,
seq4522,Bacteria,Bacteroidota,Bacteroidia,Flavobacteriales,Flavobacteriaceae,Flavobacterium,uncultured Bacteroidetes bacterium
seq4523,Unclassified,,,,,,
seq4524,Bacteria,Actinobacteriota,Actinobacteria,Corynebacteriales,Nocardiaceae,Rhodococcus,Rhodococcus globerulus
seq4525,Bacteria,Bacteroidota,Bacteroidia,Cytophagales,Cytophagaceae,Sporocytophaga,uncultured bacterium
seq4526,Bacteria,Cyanobacteria,Cyanobacteriia,Chloroplast,Phaseolus acutifolius (tepary bean),,
seq4527,ML_predicted_Phylum: Bacteroidota,,,,,,
seq4528,Bacteria,Acidobacteriota,Acidobacteriae,Bryobacterales,Bryobacteraceae,Bryobacter,metagenome
seq4529,Bacteria,Bacteroidota,Bacteroidia,Chitinophagales,Chitinophagaceae,Terrimonas,uncultured bacterium
seq4530,ML_predicted_Phylum: Patescibacteria,,,,,,
seq4531,Bacteria,Chloroflexi,Anaerolineae,Ardenticatenales,uncultured,uncultured bacterium,
seq4532,ML_predicted_Phylum: Proteobacteria,,,,,,
seq4533,Bacteria,Bacteroidota,Bacteroidia,Chitinophagales,37-13,uncultured bacterium,
seq4534,Bacteria,Bacteroidota,Bacteroidia,Chitinophagales,Chitinophagaceae,Flavisolibacter,uncultured bacterium
seq4535,Bacteria,Planctomycetota,Planctomycetes,Gemmatales,Gemmataceae,uncultured,metagenome
seq4536,Bacteria,Actinobacteriota,Actinobacteria,Micrococcales,Microbacteriaceae,metagenome,
seq4537,Bacteria,Patescibacteria,Saccharimonadia,Saccharimonadales,uncultured bacterium,,
seq4538,Bacteria,Verrucomicrobiota,Verrucomicrobiae,Chthoniobacterales,Chthoniobacteraceae,Chthoniobacter,uncultured bacterium
seq4539,Archaea,Crenarchaeota,Nitrososphaeria,Nitrososphaerales,Nitrososphaeraceae,uncultured archaeon,
seq4540,Bacteria,Actinobacteriota,Actinobacteria,Streptomycetales,Streptomycetaceae,Streptomyces,Streptomyces sp. RU-75
seq4541,Bacteria,Proteobacteria,Alphaproteobacteria,Acetobacterales,Acetobacteraceae,Craurococcus-Caldovatus,uncultured Craurococcus sp.
seq4542,Bacteria,Planctomycetota,Planctomycetes,Gemmatales,Gemmataceae,Gemmata,uncultured bacterium
seq4543,Bacteria,Chloroflexi,Anaerolineae,Caldilineales,Caldilineaceae,uncultured,uncultured bacterium
seq4544,Bacteria,Myxococcota,Polyangia,Haliangiales,Haliangiaceae,Haliangium,uncultured bacterium
seq4545,ML_predicted_Phylum: Patescibacteria,,,,,,
seq4546,Bacteria,Actinobacteriota,Actinobacteria,Micromonosporales,Micromonosporaceae,Longispora,uncultured bacterium
seq4547,Bacteria,Bacteroidota,Bacteroidia,Chitinophagales,Saprospiraceae,OLB8,metagenome
seq4548,Bacteria,Verrucomicrobiota,Verrucomicrobiae,Opitutales,Opitutaceae,Opitutus,uncultured Verrucomicrobia bacterium
seq4549,Bacteria,Verrucomicrobiota,Verrucomicrobiae,Pedosphaerales,Pedosphaeraceae,DEV114,uncultured bacterium
seq4550,Bacteria,Bacteroidota,Bacteroidia,Cytophagales,Microscillaceae,uncultured,metagenome
seq4551,Archaea,Crenarchaeota,Nitrososphaeria,Nitrososphaerales,Nitrososphaeraceae,uncultured archaeon,
seq4552,Unclassified,,,,,,
seq4553,Bacteria,Actinobacteriota,Actinobacteria,Corynebacteriales,Mycobacteriaceae,Mycobacterium,uncultured Mycobacterium sp.
seq4554,Bacteria,Proteobacteria,Gammaproteobacteria,Steroidobacterales,Steroidobacteraceae,Steroidobacter,uncultured bacterium
seq4555,Bacteria,Acidobacteriota,Thermoanaerobaculia,Thermoanaerobaculales,Thermoanaerobaculaceae,Subgroup 10,uncultured bacterium
seq4556,ML_predicted_Phylum: Patescibacteria,,,,,,
seq4557,Archaea,Crenarchaeota,Nitrososphaeria,Nitrososphaerales,Nitrososphaeraceae,uncultured archaeon,
seq4558,Unclassified,,,,,,
seq4559,Bacteria,Acidobacteriota,Blastocatellia,Blastocatellales,Blastocatellaceae,Blastocatella,uncultured soil bacterium
seq4560,Bacteria,Proteobacteria,Alphaproteobacteria,Azospirillales,Inquilinaceae,Inquilinus,Inquilinus sp. CRRI-42
seq4561,Bacteria,Proteobacteria,Gammaproteobacteria,Burkholderiales,Oxalobacteraceae,Massilia,Duganella sp.
seq4562,Bacteria,Chloroflexi,Chloroflexia,Chloroflexales,Roseiflexaceae,uncultured,uncultured bacterium
seq4563,Bacteria,Verrucomicrobiota,Verrucomicrobiae,Chthoniobacterales,Chthoniobacteraceae,Chthoniobacter,uncultured bacterium
seq4564,Bacteria,Patescibacteria,Microgenomatia,Candidatus Woesebacteria,uncultured Microgenomates group bacterium,,
seq4565,Bacteria,Verrucomicrobiota,Verrucomicrobiae,Pedosphaerales,Pedosphaeraceae,DEV008,uncultured bacterium
seq4566,Bacteria,Planctomycetota,Planctomycetes,Gemmatales,Gemmataceae,uncultured,uncultured bacterium
seq4567,Bacteria,Bacteroidota,Bacteroidia,Cytophagales,Microscillaceae,Ohtaekwangia,uncultured bacterium
seq4568,Bacteria,Bacteroidota,Bacteroidia,Chitinophagales,Chitinophagaceae,Niastella,uncultured bacterium
seq4569,Bacteria,Myxococcota,Polyangia,Polyangiales,BIrii41,uncultured bacterium,
seq4570,Bacteria,Patescibacteria,Saccharimonadia,Saccharimonadales,uncultured Sphingobium sp.,,
seq4571,Bacteria,Bacteroidota,Bacteroidia,Cytophagales,Spirosomaceae,Dyadobacter,uncultured bacterium
seq4572,Bacteria,Myxococcota,Polyangia,Haliangiales,Haliangiaceae,Haliangium,uncultured bacterium
seq4573,Bacteria,Firmicutes,Bacilli,Paenibacillales,Paenibacillaceae,Paenibacillus,Paenibacillus sp. 4GH18-10
seq4574,Bacteria,Actinobacteriota,Actinobacteria,Micromonosporales,Micromonosporaceae,Rhizocola,Catellatospora sp. KC-EP-S6
seq4575,Bacteria,Bacteroidota,Bacteroidia,Flavobacteriales,Flavobacteriaceae,Flavobacterium,Flavobacterium sp. OH19
seq4576,Unclassified,,,,,,
seq4577,Bacteria,Planctomycetota,Planctomycetes,Gemmatales,Gemmataceae,uncultured,uncultured bacterium
seq4578,Bacteria,Proteobacteria,Gammaproteobacteria,Steroidobacterales,Steroidobacteraceae,Steroidobacter,uncultured bacterium
seq4579,Bacteria,Entotheonellaeota,Entotheonellia,Entotheonellales,Entotheonellaceae,uncultured bacterium,
seq4580,Bacteria,Proteobacteria,Gammaproteobacteria,Burkholderiales,Burkholderiaceae,Cupriavidus,Cupriavidus sp. JPR10
seq4581,Bacteria,Myxococcota,bacteriap25,uncultured bacterium,,,
seq4582,Bacteria,Bacteroidota,Bacteroidia,Sphingobacteriales,env.OPS 17,uncultured Bacteroidetes bacterium,
seq4583,Unclassified,,,,,,
seq4584,Bacteria,Verrucomicrobiota,Verrucomicrobiae,Opitutales,Opitutaceae,Opitutus,metagenome
seq4585,Bacteria,Proteobacteria,Gammaproteobacteria,Burkholderiales,SC-I-84,uncultured beta proteobacterium,
seq4586,Bacteria,Myxococcota,Polyangia,Polyangiales,BIrii41,metagenome,
seq4587,Bacteria,Bacteroidota,Bacteroidia,Sphingobacteriales,env.OPS 17,metagenome,
seq4588,ML_predicted_Phylum: Proteobacteria,,,,,,
seq4589,Bacteria,Bacteroidota,Bacteroidia,Chitinophagales,Chitinophagaceae,uncultured,uncultured bacterium
seq4590,Bacteria,Bacteroidota,Bacteroidia,Chitinophagales,Saprospiraceae,uncultured,uncultured Devosia sp.
seq4591,Bacteria,Bacteroidota,Bacteroidia,Chitinophagales,Chitinophagaceae,Parafilimonas,uncultured bacterium
seq4592,Bacteria,Actinobacteriota,Actinobacteria,Propionibacteriales,Nocardioidaceae,Kribbella,Kribbella sp.
seq4593,Bacteria,Bacteroidota,Bacteroidia,Cytophagales,Microscillaceae,uncultured,uncultured bacterium
seq4594,Unclassified,,,,,,
seq4595,Bacteria,Bacteroidota,Bacteroidia,Cytophagales,Microscillaceae,uncultured,uncultured bacterium
seq4596,Bacteria,Bacteroidota,Bacteroidia,Bacteroidales,Dysgonomonadaceae,uncultured Porphyromonadaceae bacterium,
seq4597,Bacteria,Bacteroidota,Bacteroidia,Chitinophagales,Saprospiraceae,uncultured,uncultured Bacteroidetes bacterium
seq4598,Unclassified,,,,,,
seq4599,Bacteria,Verrucomicrobiota,Verrucomicrobiae,UA11,uncultured bacterium,,
seq4600,Bacteria,Bacteroidota,Bacteroidia,Cytophagales,Microscillaceae,uncultured,uncultured bacterium
seq4601,Bacteria,Proteobacteria,Alphaproteobacteria,Rickettsiales,Mitochondria,Rubus hybrid cultivar,
seq4602,Bacteria,Proteobacteria,Gammaproteobacteria,Burkholderiales,Comamonadaceae,uncultured,uncultured bacterium
seq4603,Bacteria,Proteobacteria,Gammaproteobacteria,Burkholderiales,Comamonadaceae,Pseudorhodoferax,uncultured bacterium
seq4604,Bacteria,Cyanobacteria,Cyanobacteriia,Chloroplast,Phaseolus acutifolius (tepary bean),,
seq4605,Bacteria,Proteobacteria,Gammaproteobacteria,Nitrosococcales,Nitrosococcaceae,SZB85,uncultured gamma proteobacterium
seq4606,Bacteria,Actinobacteriota,Thermoleophilia,Solirubrobacterales,67-14,uncultured bacterium,
seq4607,Unclassified,,,,,,
seq4608,Bacteria,Actinobacteriota,Actinobacteria,Micrococcales,Microbacteriaceae,Agromyces,Agromyces sp. THG S6-7
seq4609,Bacteria,Bacteroidota,Bacteroidia,Chitinophagales,Chitinophagaceae,uncultured,uncultured bacterium
seq4610,Bacteria,Bacteroidota,Bacteroidia,Chitinophagales,Chitinophagaceae,Edaphobaculum,uncultured bacterium
seq4611,ML_predicted_Phylum: Bacteroidota,,,,,,
seq4612,ML_predicted_Phylum: Bacteroidota,,,,,,
seq4613,ML_predicted_Phylum: Bacteroidota,,,,,,
seq4614,ML_predicted_Phylum: Myxococcota,,,,,,
seq4615,Bacteria,Proteobacteria,Alphaproteobacteria,Dongiales,Dongiaceae,Dongia,uncultured Rhodospirillaceae bacterium
seq4616,ML_predicted_Phylum: Cyanobacteria,,,,,,
seq4617,Bacteria,Acidobacteriota,Acidobacteriae,Bryobacterales,Bryobacteraceae,Bryobacter,uncultured bacterium
seq4618,ML_predicted_Phylum: Patescibacteria,,,,,,
seq4619,Bacteria,Bacteroidota,Bacteroidia,Cytophagales,Microscillaceae,uncultured,uncultured bacterium
seq4620,Bacteria,Bdellovibrionota,Bdellovibrionia,Bdellovibrionales,Bdellovibrionaceae,Bdellovibrio,uncultured Bdellovibrionales bacterium
seq4621,Bacteria,Acidobacteriota,Blastocatellia,11-24,uncultured soil bacterium,,
seq4622,ML_predicted_Phylum: Bacteroidota,,,,,,
seq4623,Bacteria,Proteobacteria,Gammaproteobacteria,Pseudomonadales,Moraxellaceae,uncultured,uncultured bacterium
seq4624,Bacteria,Verrucomicrobiota,Verrucomicrobiae,Chthoniobacterales,Chthoniobacteraceae,Candidatus Udaeobacter,uncultured bacterium
seq4625,Bacteria,Acidobacteriota,Blastocatellia,Pyrinomonadales,Pyrinomonadaceae,RB41,uncultured Acidobacteriaceae bacterium
seq4626,Bacteria,Proteobacteria,Alphaproteobacteria,Rickettsiales,Mitochondria,Medicago truncatula (barrel medic),
seq4627,Bacteria,Verrucomicrobiota,Verrucomicrobiae,Chthoniobacterales,Chthoniobacteraceae,Chthoniobacter,metagenome
seq4628,Bacteria,Bacteroidota,Bacteroidia,Chitinophagales,Chitinophagaceae,Edaphobaculum,uncultured bacterium
seq4629,Bacteria,Verrucomicrobiota,Verrucomicrobiae,Chthoniobacterales,Chthoniobacteraceae,Candidatus Udaeobacter,uncultured bacterium
seq4630,Bacteria,Acidobacteriota,Acidobacteriae,Bryobacterales,Bryobacteraceae,Bryobacter,metagenome
seq4631,Bacteria,Actinobacteriota,Acidimicrobiia,IMCC26256,uncultured actinobacterium,,
seq4632,Bacteria,Verrucomicrobiota,Verrucomicrobiae,Pedosphaerales,Pedosphaeraceae,uncultured bacterium,
seq4633,Bacteria,Patescibacteria,Saccharimonadia,Saccharimonadales,YM_S32_TM7_50_20,uncultured Candidatus Saccharibacteria bacterium,
seq4634,Bacteria,Patescibacteria,Saccharimonadia,Saccharimonadales,uncultured bacterium,,
seq4635,Bacteria,Bacteroidota,Bacteroidia,Chitinophagales,Chitinophagaceae,uncultured,uncultured Bacteroidetes bacterium
seq4636,Bacteria,Bacteroidota,Bacteroidia,Sphingobacteriales,Sphingobacteriaceae,Mucilaginibacter,Mucilaginibacter aquaedulcis
seq4637,Bacteria,Bacteroidota,Bacteroidia,Sphingobacteriales,Sphingobacteriaceae,Pedobacter,Pedobacter boryungensis
seq4638,Bacteria,Planctomycetota,Planctomycetes,Gemmatales,Gemmataceae,uncultured,uncultured bacterium
seq4639,Bacteria,Patescibacteria,Saccharimonadia,Saccharimonadales,uncultured bacterium,,
seq4640,Bacteria,Actinobacteriota,Thermoleophilia,Solirubrobacterales,67-14,uncultured bacterium,
seq4641,Bacteria,Proteobacteria,Gammaproteobacteria,Burkholderiales,Nitrosomonadaceae,Ellin6067,Betaproteobacteria bacterium GR16-43
seq4642,Bacteria,Actinobacteriota,Actinobacteria,Frankiales,Geodermatophilaceae,Blastococcus,Geodermatophilaceae bacterium URHB0062
seq4643,Bacteria,Verrucomicrobiota,Verrucomicrobiae,Chthoniobacterales,Chthoniobacteraceae,Chthoniobacter,uncultured bacterium
seq4644,ML_predicted_Phylum: Planctomycetota,,,,,,
seq4645,Bacteria,Planctomycetota,Phycisphaerae,CCM11a,uncultured bacterium,,
seq4646,Bacteria,Planctomycetota,Planctomycetes,Pirellulales,Pirellulaceae,uncultured,uncultured forest soil bacterium
seq4647,Bacteria,Actinobacteriota,Acidimicrobiia,Microtrichales,Ilumatobacteraceae,uncultured,uncultured bacterium
seq4648,Bacteria,Verrucomicrobiota,Verrucomicrobiae,Pedosphaerales,Pedosphaeraceae,uncultured bacterium,
seq4649,ML_predicted_Phylum: Bacteroidota,,,,,,
seq4650,Bacteria,Verrucomicrobiota,Chlamydiae,Chlamydiales,Parachlamydiaceae,uncultured,metagenome
seq4651,Bacteria,Patescibacteria,Saccharimonadia,Saccharimonadales,uncultured soil bacterium,,
seq4652,Unclassified,,,,,,
seq4653,Bacteria,Actinobacteriota,Rubrobacteria,Rubrobacterales,Rubrobacteriaceae,Rubrobacter,uncultured actinobacterium
seq4654,Bacteria,Proteobacteria,Alphaproteobacteria,uncultured,metagenome,,
seq4655,Unclassified,,,,,,
seq4656,Bacteria,Myxococcota,Polyangia,Polyangiales,Phaselicystidaceae,Phaselicystis,uncultured delta proteobacterium
seq4657,Bacteria,Acidobacteriota,Vicinamibacteria,Vicinamibacterales,Vicinamibacteraceae,Luteitalea,uncultured Acidobacteria bacterium
seq4658,Bacteria,Acidobacteriota,Vicinamibacteria,Vicinamibacterales,Vicinamibacteraceae,uncultured bacterium,
seq4659,Bacteria,Verrucomicrobiota,Verrucomicrobiae,Chthoniobacterales,Chthoniobacteraceae,Chthoniobacter,uncultured bacterium
seq4660,Bacteria,Chloroflexi,Anaerolineae,SBR1031,A4b,uncultured bacterium,
seq4661,Bacteria,Acidobacteriota,Vicinamibacteria,Vicinamibacterales,Vicinamibacteraceae,uncultured bacterium,
seq4662,Bacteria,Bacteroidota,Bacteroidia,Chitinophagales,Chitinophagaceae,Ferruginibacter,uncultured bacterium
seq4663,ML_predicted_Phylum: Planctomycetota,,,,,,
seq4664,Bacteria,Myxococcota,Polyangia,Polyangiales,Polyangiaceae,Jahnella,Jahnella thaxteri
seq4665,Unclassified,,,,,,
seq4666,Bacteria,Acidobacteriota,Vicinamibacteria,Vicinamibacterales,Vicinamibacteraceae,uncultured bacterium,
seq4667,Bacteria,Bacteroidota,Bacteroidia,Bacteroidetes VC2.1 Bac22,metagenome,,
seq4668,Bacteria,Acidobacteriota,Blastocatellia,11-24,uncultured Acidobacteria bacterium,,
seq4669,Bacteria,Gemmatimonadota,Longimicrobia,Longimicrobiales,Longimicrobiaceae,Longimicrobium,uncultured bacterium
seq4670,Bacteria,Bacteroidota,Bacteroidia,Chitinophagales,Chitinophagaceae,Edaphobaculum,metagenome
seq4671,Unclassified,,,,,,
seq4672,Bacteria,Bacteroidota,Bacteroidia,Chitinophagales,Chitinophagaceae,Terrimonas,uncultured bacterium
seq4673,Bacteria,Planctomycetota,Planctomycetes,uncultured,uncultured bacterium,,
seq4674,Bacteria,Proteobacteria,Alphaproteobacteria,Sphingomonadales,Sphingomonadaceae,Sphingomonas,Sphingomonas crusticola
seq4675,Bacteria,Bacteroidota,Bacteroidia,Chitinophagales,Chitinophagaceae,Dinghuibacter,uncultured Bacteroidetes bacterium
seq4676,Bacteria,Verrucomicrobiota,Verrucomicrobiae,Chthoniobacterales,Chthoniobacteraceae,Candidatus Udaeobacter,uncultured bacterium
seq4677,Bacteria,Proteobacteria,Gammaproteobacteria,Burkholderiales,Nitrosomonadaceae,Ellin6067,uncultured bacterium
seq4678,Bacteria,Bacteroidota,Bacteroidia,Sphingobacteriales,Sphingobacteriaceae,Mucilaginibacter,Mucilaginibacter sp.
seq4679,Bacteria,Planctomycetota,Phycisphaerae,CCM11a,uncultured bacterium,,
seq4680,Bacteria,Actinobacteriota,Actinobacteria,Streptomycetales,Streptomycetaceae,Streptomyces,Streptomyces sp. RU-75
seq4681,Bacteria,Chloroflexi,TK10,uncultured soil bacterium,,,
seq4682,Bacteria,Actinobacteriota,Actinobacteria,Streptosporangiales,Thermomonosporaceae,Actinomadura,Actinomadura alba
seq4683,Bacteria,Actinobacteriota,Thermoleophilia,Gaiellales,uncultured,uncultured bacterium,
seq4684,Bacteria,Proteobacteria,Gammaproteobacteria,Burkholderiales,TRA3-20,uncultured bacterium,
seq4685,Bacteria,Actinobacteriota,Thermoleophilia,Gaiellales,uncultured,uncultured bacterium,
seq4686,Bacteria,Proteobacteria,Alphaproteobacteria,uncultured,uncultured Rhodospirillales bacterium,,
seq4687,Bacteria,Bacteroidota,Bacteroidia,Chitinophagales,Chitinophagaceae,uncultured,uncultured bacterium
seq4688,ML_predicted_Phylum: Proteobacteria,,,,,,
seq4689,Bacteria,Acidobacteriota,Acidobacteriae,Bryobacterales,Bryobacteraceae,Bryobacter,uncultured bacterium
seq4690,Bacteria,Chloroflexi,Anaerolineae,RBG-13-54-9,uncultured bacterium,,
seq4691,Bacteria,Planctomycetota,Phycisphaerae,Tepidisphaerales,WD2101 soil group,uncultured bacterium,
seq4692,Bacteria,Bacteroidota,Bacteroidia,Sphingobacteriales,Sphingobacteriaceae,uncultured,metagenome
seq4693,Bacteria,Bacteroidota,Bacteroidia,Cytophagales,Microscillaceae,uncultured,uncultured bacterium
seq4694,Bacteria,Planctomycetota,Planctomycetes,Pirellulales,Pirellulaceae,Pirellula,uncultured Planctomycetaceae bacterium
seq4695,Bacteria,Actinobacteriota,Acidimicrobiia,IMCC26256,uncultured bacterium,,
seq4696,Bacteria,Bacteroidota,Bacteroidia,Chitinophagales,Chitinophagaceae,Terrimonas,uncultured soil bacterium
seq4697,Bacteria,Actinobacteriota,Thermoleophilia,Gaiellales,Gaiellaceae,Gaiella,uncultured bacterium
seq4698,Bacteria,Firmicutes,Bacilli,Bacillales,Bacillaceae,Bacillus,Bacillus deserti
seq4699,Bacteria,Verrucomicrobiota,Verrucomicrobiae,Pedosphaerales,Pedosphaeraceae,uncultured bacterium,
seq4700,Bacteria,Chloroflexi,Anaerolineae,Caldilineales,Caldilineaceae,uncultured,uncultured bacterium
seq4701,Bacteria,Acidobacteriota,Blastocatellia,Pyrinomonadales,Pyrinomonadaceae,RB41,uncultured bacterium
seq4702,Bacteria,Chloroflexi,KD4-96,uncultured bacterium,,,
seq4703,Bacteria,Proteobacteria,Gammaproteobacteria,Burkholderiales,SC-I-84,uncultured bacterium,
seq4704,Bacteria,Actinobacteriota,Acidimicrobiia,Microtrichales,uncultured,uncultured bacterium,
seq4705,Archaea,Crenarchaeota,Nitrososphaeria,Nitrososphaerales,Nitrososphaeraceae,Candidatus Nitrososphaera,uncultured bacterium
seq4706,Bacteria,Bacteroidota,Bacteroidia,Sphingobacteriales,AKYH767,metagenome,
seq4707,Bacteria,Verrucomicrobiota,Verrucomicrobiae,Chthoniobacterales,Chthoniobacteraceae,Chthoniobacter,uncultured bacterium
seq4708,Bacteria,Acidobacteriota,Blastocatellia,Pyrinomonadales,Pyrinomonadaceae,RB41,uncultured Acidobacteria bacterium
seq4709,Bacteria,Bdellovibrionota,Oligoflexia,Oligoflexales,Oligoflexaceae,Oligoflexus,uncultured bacterium
seq4710,Bacteria,Acidobacteriota,Vicinamibacteria,Vicinamibacterales,Vicinamibacteraceae,uncultured Acidobacteria bacterium,
seq4711,ML_predicted_Phylum: Bacteroidota,,,,,,
seq4712,Bacteria,Verrucomicrobiota,Verrucomicrobiae,Pedosphaerales,Pedosphaeraceae,uncultured bacterium,
seq4713,Bacteria,Bacteroidota,Bacteroidia,Sphingobacteriales,Sphingobacteriaceae,Mucilaginibacter,Thymallus thymallus (grayling)
seq4714,Bacteria,Verrucomicrobiota,Verrucomicrobiae,Chthoniobacterales,Chthoniobacteraceae,Chthoniobacter,uncultured bacterium
seq4715,Bacteria,Myxococcota,Polyangia,Polyangiales,Polyangiaceae,Sorangium,uncultured delta proteobacterium
seq4716,Bacteria,Acidobacteriota,Blastocatellia,11-24,uncultured bacterium,,
seq4717,Bacteria,Patescibacteria,Saccharimonadia,Saccharimonadales,LWQ8,uncultured Candidatus Saccharibacteria bacterium,
seq4718,ML_predicted_Phylum: Patescibacteria,,,,,,
seq4719,Bacteria,Verrucomicrobiota,Verrucomicrobiae,Pedosphaerales,Pedosphaeraceae,uncultured,uncultured bacterium
seq4720,Bacteria,Entotheonellaeota,Entotheonellia,Entotheonellales,Entotheonellaceae,uncultured bacterium,
seq4721,ML_predicted_Phylum: Acidobacteriota,,,,,,
seq4722,Bacteria,Actinobacteriota,Acidimicrobiia,IMCC26256,uncultured Cellulomonadaceae bacterium,,
seq4723,Bacteria,Planctomycetota,Planctomycetes,Pirellulales,Pirellulaceae,Pirellula,uncultured Planctomycetales bacterium
seq4724,Bacteria,Planctomycetota,Planctomycetes,Gemmatales,Gemmataceae,uncultured,uncultured bacterium
seq4725,Bacteria,Proteobacteria,Gammaproteobacteria,Burkholderiales,A21b,uncultured Rhodocyclaceae bacterium,
seq4726,Bacteria,Planctomycetota,Planctomycetes,Pirellulales,Pirellulaceae,Pir4 lineage,uncultured bacterium
seq4727,Bacteria,Patescibacteria,Saccharimonadia,Saccharimonadales,uncultured Candidatus Saccharibacteria bacterium,,
seq4728,Bacteria,Bacteroidota,Ignavibacteria,SJA-28,uncultured bacterium,,
seq4729,Bacteria,Gemmatimonadota,Longimicrobia,Longimicrobiales,Longimicrobiaceae,YC-ZSS-LKJ147,uncultured bacterium
seq4730,Bacteria,Patescibacteria,Parcubacteria,uncultured bacterium,,,
seq4731,Bacteria,Actinobacteriota,Actinobacteria,Propionibacteriales,Nocardioidaceae,Nocardioides,Nocardioides sp.
seq4732,Bacteria,Acidobacteriota,Holophagae,Subgroup 7,uncultured bacterium,,
seq4733,Bacteria,Proteobacteria,Alphaproteobacteria,uncultured,uncultured bacterium,,
seq4734,Bacteria,Bacteroidota,Bacteroidia,Chitinophagales,Chitinophagaceae,uncultured,uncultured bacterium
seq4735,Eukaryota,Amorphea,Obazoa,Opisthokonta,Nucletmycea,Fungi,Dikarya
seq4736,Bacteria,Gemmatimonadota,S0134 terrestrial group,uncultured bacterium,,,
seq4737,Archaea,Crenarchaeota,Nitrososphaeria,Nitrososphaerales,Nitrososphaeraceae,Candidatus Nitrocosmicus,uncultured archaeon
seq4738,Bacteria,Actinobacteriota,Thermoleophilia,Solirubrobacterales,67-14,uncultured bacterium,
seq4739,Bacteria,Bacteroidota,Bacteroidia,Cytophagales,Microscillaceae,uncultured,metagenome
seq4740,Bacteria,Patescibacteria,Parcubacteria,uncultured bacterium,,,
seq4741,ML_predicted_Phylum: Patescibacteria,,,,,,
seq4742,Bacteria,Acidobacteriota,Blastocatellia,Blastocatellales,Blastocatellaceae,uncultured,uncultured Acidobacteria bacterium
seq4743,Bacteria,Planctomycetota,Planctomycetes,Pirellulales,Pirellulaceae,Pirellula,uncultured bacterium
seq4744,Archaea,Crenarchaeota,Nitrososphaeria,Nitrososphaerales,Nitrososphaeraceae,uncultured crenarchaeote,
seq4745,Bacteria,Acidobacteriota,Acidobacteriae,Solibacterales,Solibacteraceae,Candidatus Solibacter,uncultured bacterium
seq4746,Bacteria,Bacteroidota,Bacteroidia,Chitinophagales,Chitinophagaceae,Edaphobaculum,uncultured bacterium
seq4747,Bacteria,Patescibacteria,Saccharimonadia,Saccharimonadales,uncultured bacterium,,
seq4748,Bacteria,Myxococcota,bacteriap25,uncultured bacterium,,,
seq4749,Unclassified,,,,,,
seq4750,Bacteria,Bdellovibrionota,Oligoflexia,Oligoflexales,Oligoflexaceae,uncultured,uncultured bacterium Ak20-3
seq4751,Bacteria,Bacteroidota,Bacteroidia,Cytophagales,Microscillaceae,uncultured,uncultured bacterium
seq4752,Bacteria,Planctomycetota,Planctomycetes,Pirellulales,Pirellulaceae,uncultured,uncultured Planctomycetaceae bacterium
seq4753,Bacteria,Verrucomicrobiota,Verrucomicrobiae,Pedosphaerales,Pedosphaeraceae,uncultured,uncultured Desulfovibrio sp.
seq4754,Bacteria,Proteobacteria,Gammaproteobacteria,Burkholderiales,Nitrosomonadaceae,IS-44,uncultured bacterium
seq4755,Unclassified,,,,,,
seq4756,Bacteria,Proteobacteria,Gammaproteobacteria,Burkholderiales,Oxalobacteraceae,Massilia,beta proteobacterium R-36978
seq4757,Bacteria,Verrucomicrobiota,Verrucomicrobiae,Pedosphaerales,Pedosphaeraceae,uncultured bacterium,
seq4758,Bacteria,Bacteroidota,Bacteroidia,Flavobacteriales,Crocinitomicaceae,Fluviicola,uncultured Bacteroidetes bacterium
seq4759,Bacteria,Acidobacteriota,Blastocatellia,Pyrinomonadales,Pyrinomonadaceae,RB41,uncultured bacterium
seq4760,Bacteria,Firmicutes,Bacilli,Paenibacillales,Paenibacillaceae,Paenibacillus,Paenibacillus sp.
seq4761,Bacteria,Proteobacteria,Alphaproteobacteria,Rhizobiales,Xanthobacteraceae,Bradyrhizobium,Bradyrhizobium sp. CP1(2014)
seq4762,ML_predicted_Phylum: Planctomycetota,,,,,,
seq4763,Bacteria,Acidobacteriota,Blastocatellia,Pyrinomonadales,Pyrinomonadaceae,RB41,uncultured Acidobacteriaceae bacterium
seq4764,Bacteria,Bacteroidota,Bacteroidia,Chitinophagales,Chitinophagaceae,Terrimonas,uncultured Bacteroidetes bacterium
seq4765,ML_predicted_Phylum: Planctomycetota,,,,,,
seq4766,Unclassified,,,,,,
seq4767,Bacteria,Planctomycetota,Planctomycetes,Gemmatales,Gemmataceae,Gemmata,uncultured bacterium
seq4768,Bacteria,Actinobacteriota,Thermoleophilia,Solirubrobacterales,Solirubrobacteraceae,uncultured Rubrobacteria bacterium,
seq4769,Eukaryota,Amorphea,Obazoa,Opisthokonta,Nucletmycea,Fungi,Dikarya
seq4770,Bacteria,Acidobacteriota,Blastocatellia,Pyrinomonadales,Pyrinomonadaceae,RB41,uncultured Blastocatella sp.
seq4771,Bacteria,Acidobacteriota,Blastocatellia,Pyrinomonadales,Pyrinomonadaceae,RB41,uncultured bacterium
seq4772,Bacteria,Bacteroidota,Bacteroidia,Cytophagales,Microscillaceae,uncultured,uncultured bacterium
seq4773,Bacteria,Actinobacteriota,Acidimicrobiia,uncultured,uncultured bacterium,,
seq4774,Archaea,Crenarchaeota,Nitrososphaeria,Nitrososphaerales,Nitrososphaeraceae,uncultured crenarchaeote,
seq4775,Bacteria,Acidobacteriota,Acidobacteriae,Bryobacterales,Bryobacteraceae,Bryobacter,uncultured Acidobacteria bacterium
seq4776,Bacteria,Myxococcota,Polyangia,Polyangiales,Polyangiaceae,Pajaroellobacter,metagenome
seq4777,Bacteria,Acidobacteriota,Acidobacteriae,Bryobacterales,Bryobacteraceae,Bryobacter,uncultured Acidobacteria bacterium
seq4778,Bacteria,Proteobacteria,Gammaproteobacteria,Diplorickettsiales,Diplorickettsiaceae,Aquicella,uncultured gamma proteobacterium
seq4779,Unclassified,,,,,,
seq4780,Bacteria,Acidobacteriota,Blastocatellia,Pyrinomonadales,Pyrinomonadaceae,RB41,uncultured Acidobacteria bacterium
seq4781,Bacteria,Planctomycetota,Planctomycetes,Planctomycetales,Rubinisphaeraceae,SH-PL14,metagenome
seq4782,Bacteria,Acidobacteriota,Acidobacteriae,Solibacterales,Solibacteraceae,Candidatus Solibacter,uncultured Acidobacteria bacterium
seq4783,Bacteria,Acidobacteriota,Blastocatellia,Pyrinomonadales,Pyrinomonadaceae,RB41,uncultured Acidobacteria bacterium
seq4784,ML_predicted_Phylum: Planctomycetota,,,,,,
seq4785,Bacteria,Planctomycetota,Planctomycetes,Gemmatales,Gemmataceae,uncultured,uncultured bacterium
seq4786,Bacteria,Actinobacteriota,Acidimicrobiia,Microtrichales,Ilumatobacteraceae,uncultured,metagenome
seq4787,Bacteria,Proteobacteria,Alphaproteobacteria,Sphingomonadales,Sphingomonadaceae,Ellin6055,uncultured bacterium
seq4788,Bacteria,Actinobacteriota,Actinobacteria,Micromonosporales,Micromonosporaceae,Asanoa,Asanoa hainanensis
seq4789,Bacteria,Verrucomicrobiota,Verrucomicrobiae,Opitutales,Opitutaceae,Opitutus,Opitutus sp. VeSm13
seq4790,Bacteria,Acidobacteriota,Vicinamibacteria,Vicinamibacterales,Vicinamibacteraceae,uncultured bacterium,
seq4791,Bacteria,Acidobacteriota,Vicinamibacteria,Vicinamibacterales,uncultured,uncultured soil bacterium,
seq4792,Bacteria,Proteobacteria,Gammaproteobacteria,Burkholderiales,Oxalobacteraceae,Noviherbaspirillum,uncultured bacterium
seq4793,Bacteria,Actinobacteriota,Acidimicrobiia,IMCC26256,uncultured Cellulomonadaceae bacterium,,
seq4794,Bacteria,Myxococcota,bacteriap25,uncultured bacterium,,,
seq4795,Bacteria,Planctomycetota,Phycisphaerae,Phycisphaerales,Phycisphaeraceae,SM1A02,uncultured bacterium
seq4796,Bacteria,Myxococcota,bacteriap25,uncultured bacterium,,,
seq4797,Bacteria,Proteobacteria,Alphaproteobacteria,Rhizobiales,uncultured,uncultured bacterium,
seq4798,Bacteria,Acidobacteriota,Holophagae,Subgroup 7,uncultured bacterium,,
seq4799,Bacteria,Acidobacteriota,Blastocatellia,Pyrinomonadales,Pyrinomonadaceae,RB41,uncultured bacterium
seq4800,Bacteria,Acidobacteriota,Blastocatellia,Pyrinomonadales,Pyrinomonadaceae,RB41,uncultured bacterium
seq4801,Bacteria,Actinobacteriota,Thermoleophilia,Solirubrobacterales,67-14,uncultured bacterium,
seq4802,Bacteria,Actinobacteriota,Actinobacteria,Streptomycetales,Streptomycetaceae,Streptomyces,Streptomyces sp. SW13
seq4803,Bacteria,Myxococcota,bacteriap25,uncultured bacterium,,,
seq4804,Bacteria,Actinobacteriota,Thermoleophilia,Gaiellales,Gaiellaceae,Gaiella,uncultured bacterium
seq4805,Bacteria,Proteobacteria,Alphaproteobacteria,Acetobacterales,Acetobacteraceae,Craurococcus-Caldovatus,Craurococcus sp. HM28-1
seq4806,ML_predicted_Phylum: Bacteroidota,,,,,,
seq4807,Bacteria,Verrucomicrobiota,Verrucomicrobiae,Pedosphaerales,Pedosphaeraceae,uncultured bacterium,
seq4808,Bacteria,Bacteroidota,Bacteroidia,Cytophagales,Cytophagaceae,Rhodocytophaga,uncultured Bacteroidetes bacterium
seq4809,Bacteria,Proteobacteria,Alphaproteobacteria,Rhizobiales,Beijerinckiaceae,uncultured,uncultured bacterium
seq4810,Bacteria,Entotheonellaeota,Entotheonellia,Entotheonellales,Entotheonellaceae,uncultured bacterium,
seq4811,Bacteria,Actinobacteriota,Acidimicrobiia,uncultured,uncultured Actinomycetales bacterium,,
seq4812,Bacteria,Actinobacteriota,Rubrobacteria,Rubrobacterales,Rubrobacteriaceae,Rubrobacter,uncultured bacterium
seq4813,Bacteria,Actinobacteriota,Actinobacteria,Micromonosporales,Micromonosporaceae,Actinoplanes,Actinoplanes italicus
seq4814,Bacteria,Proteobacteria,Gammaproteobacteria,Burkholderiales,Alcaligenaceae,Achromobacter,Achromobacter insolitus
seq4815,Bacteria,Patescibacteria,Saccharimonadia,Saccharimonadales,uncultured bacterium,,
seq4816,Archaea,Crenarchaeota,Nitrososphaeria,Nitrososphaerales,Nitrososphaeraceae,uncultured archaeon,
seq4817,Bacteria,Actinobacteriota,Acidimicrobiia,Microtrichales,uncultured,uncultured bacterium,
seq4818,Bacteria,Verrucomicrobiota,Verrucomicrobiae,Chthoniobacterales,Chthoniobacteraceae,Candidatus Udaeobacter,uncultured bacterium
seq4819,Bacteria,Methylomirabilota,Methylomirabilia,Rokubacteriales,uncultured bacterium,,
seq4820,ML_predicted_Phylum: Proteobacteria,,,,,,
seq4821,Bacteria,Verrucomicrobiota,Verrucomicrobiae,Opitutales,Opitutaceae,Opitutus,uncultured bacterium
seq4822,Bacteria,Methylomirabilota,Methylomirabilia,Rokubacteriales,uncultured bacterium,,
seq4823,Bacteria,Acidobacteriota,Blastocatellia,Pyrinomonadales,Pyrinomonadaceae,RB41,uncultured bacterium
seq4824,Bacteria,Bacteroidota,Bacteroidia,Chitinophagales,Chitinophagaceae,uncultured,uncultured bacterium
seq4825,Bacteria,Actinobacteriota,Thermoleophilia,Solirubrobacterales,67-14,uncultured bacterium,
seq4826,Bacteria,Bacteroidota,Bacteroidia,Cytophagales,Microscillaceae,uncultured,uncultured Bacteroidetes bacterium
seq4827,Bacteria,Actinobacteriota,Actinobacteria,Corynebacteriales,Mycobacteriaceae,Mycobacterium,Mycobacterium sp.
seq4828,Bacteria,Proteobacteria,Alphaproteobacteria,Dongiales,Dongiaceae,Dongia,uncultured bacterium
seq4829,Bacteria,Actinobacteriota,Actinobacteria,Micromonosporales,Micromonosporaceae,Allocatelliglobosispora,uncultured bacterium
seq4830,Bacteria,Planctomycetota,OM190,uncultured bacterium,,,
seq4831,Unclassified,,,,,,
seq4832,Bacteria,Acidobacteriota,Blastocatellia,Pyrinomonadales,Pyrinomonadaceae,RB41,uncultured Acidobacteria bacterium
seq4833,Bacteria,Abditibacteriota,Abditibacteria,Abditibacteriales,Abditibacteriaceae,Abditibacterium,uncultured bacterium
seq4834,Bacteria,Myxococcota,bacteriap25,uncultured bacterium,,,
seq4835,Bacteria,Planctomycetota,Planctomycetes,Pirellulales,Pirellulaceae,Pirellula,metagenome
seq4836,Bacteria,Proteobacteria,Alphaproteobacteria,Rhizobiales,Hyphomicrobiaceae,Pedomicrobium,uncultured bacterium
seq4837,ML_predicted_Phylum: Patescibacteria,,,,,,
seq4838,Bacteria,Chloroflexi,TK10,metagenome,,,
seq4839,Bacteria,RCP2-54,uncultured bacterium,,,,
seq4840,Unclassified,,,,,,
seq4841,Bacteria,Acidobacteriota,Vicinamibacteria,Vicinamibacterales,uncultured,uncultured Acidobacteria bacterium,
seq4842,Bacteria,Proteobacteria,Gammaproteobacteria,Xanthomonadales,Rhodanobacteraceae,uncultured,uncultured bacterium
seq4843,ML_predicted_Phylum: Bacteroidota,,,,,,
seq4844,Bacteria,Actinobacteriota,Actinobacteria,Frankiales,Geodermatophilaceae,Blastococcus,Blastococcus sp. BC412
seq4845,Bacteria,Bdellovibrionota,Oligoflexia,0319-6G20,uncultured bacterium,,
seq4846,Bacteria,Actinobacteriota,Actinobacteria,Propionibacteriales,Nocardioidaceae,Nocardioides,Nocardioides sp. LMG 20237
seq4847,Bacteria,Bacteroidota,Bacteroidia,Chitinophagales,Chitinophagaceae,uncultured,uncultured bacterium
seq4848,ML_predicted_Phylum: Acidobacteriota,,,,,,
seq4849,Archaea,Crenarchaeota,Nitrososphaeria,Nitrososphaerales,Nitrososphaeraceae,unidentified,
seq4850,Bacteria,Actinobacteriota,Actinobacteria,Micrococcales,Microbacteriaceae,Agromyces,Agromyces ramosus
seq4851,Bacteria,Chloroflexi,KD4-96,uncultured Longilinea sp.,,,
seq4852,Bacteria,Acidobacteriota,Blastocatellia,Blastocatellales,Blastocatellaceae,Stenotrophobacter,uncultured Acidobacteria bacterium
seq4853,ML_predicted_Phylum: Myxococcota,,,,,,
seq4854,Bacteria,Acidobacteriota,Vicinamibacteria,Vicinamibacterales,Vicinamibacteraceae,uncultured bacterium,
seq4855,ML_predicted_Phylum: Bacteroidota,,,,,,
seq4856,Bacteria,Nitrospirota,Nitrospiria,Nitrospirales,Nitrospiraceae,Nitrospira,uncultured Nitrospira sp.
seq4857,Bacteria,Proteobacteria,Alphaproteobacteria,Rhizobiales,Hyphomicrobiaceae,Pedomicrobium,uncultured bacterium
seq4858,Bacteria,Proteobacteria,Alphaproteobacteria,Caulobacterales,Caulobacteraceae,Brevundimonas,Brevundimonas subvibrioides
seq4859,Bacteria,Proteobacteria,Gammaproteobacteria,Burkholderiales,Nitrosomonadaceae,GOUTA6,uncultured beta proteobacterium
seq4860,Bacteria,Actinobacteriota,Thermoleophilia,Solirubrobacterales,67-14,uncultured bacterium,
seq4861,Bacteria,Acidobacteriota,Vicinamibacteria,Vicinamibacterales,Vicinamibacteraceae,uncultured bacterium,
seq4862,Bacteria,Elusimicrobiota,Lineage IIa,actinobacterium YJF1-30,,,
seq4863,Bacteria,Bacteroidota,Bacteroidia,Chitinophagales,Chitinophagaceae,Terrimonas,Terrimonas sp.
seq4864,Bacteria,Patescibacteria,Saccharimonadia,Saccharimonadales,LWQ8,uncultured bacterium,
seq4865,Bacteria,Bacteroidota,Bacteroidia,Chitinophagales,Chitinophagaceae,Segetibacter,uncultured Segetibacter sp.
seq4866,Bacteria,Chloroflexi,Chloroflexia,Thermomicrobiales,AKYG1722,uncultured bacterium,
seq4867,Bacteria,Acidobacteriota,Blastocatellia,Blastocatellales,Blastocatellaceae,uncultured,uncultured Acidobacteria bacterium
seq4868,Bacteria,Bacteroidota,Bacteroidia,Cytophagales,Microscillaceae,uncultured,uncultured bacterium
seq4869,Bacteria,Actinobacteriota,Thermoleophilia,Gaiellales,uncultured,uncultured bacterium,
seq4870,Bacteria,Patescibacteria,Saccharimonadia,Saccharimonadales,uncultured bacterium,,
seq4871,ML_predicted_Phylum: Patescibacteria,,,,,,
seq4872,Bacteria,Myxococcota,Myxococcia,Myxococcales,Myxococcaceae,uncultured,uncultured delta proteobacterium
seq4873,Bacteria,Actinobacteriota,Actinobacteria,Frankiales,Cryptosporangiaceae,Cryptosporangium,Cryptosporangium japonicum
seq4874,Bacteria,Proteobacteria,Gammaproteobacteria,Burkholderiales,TRA3-20,uncultured bacterium,
seq4875,ML_predicted_Phylum: Planctomycetota,,,,,,
seq4876,Unclassified,,,,,,
seq4877,Archaea,Crenarchaeota,Nitrososphaeria,Nitrososphaerales,Nitrososphaeraceae,uncultured archaeon,
seq4878,Bacteria,Bacteroidota,Bacteroidia,Chitinophagales,Chitinophagaceae,Ferruginibacter,uncultured soil bacterium
seq4879,Bacteria,Acidobacteriota,Blastocatellia,Pyrinomonadales,Pyrinomonadaceae,RB41,uncultured bacterium
seq4880,Bacteria,Bacteroidota,Bacteroidia,Cytophagales,Microscillaceae,Ohtaekwangia,metagenome
seq4881,Bacteria,Gemmatimonadota,Gemmatimonadetes,Gemmatimonadales,Gemmatimonadaceae,uncultured,uncultured bacterium
seq4882,Bacteria,Gemmatimonadota,Gemmatimonadetes,Gemmatimonadales,Gemmatimonadaceae,uncultured,uncultured bacterium
seq4883,Bacteria,Acidobacteriota,Blastocatellia,Pyrinomonadales,Pyrinomonadaceae,RB41,uncultured Acidobacteria bacterium
seq4884,Bacteria,Acidobacteriota,Acidobacteriae,Paludibaculum,uncultured Acidobacteria bacterium,,
seq4885,Bacteria,Actinobacteriota,Thermoleophilia,Solirubrobacterales,67-14,uncultured bacterium,
seq4886,ML_predicted_Phylum: Planctomycetota,,,,,,
seq4887,ML_predicted_Phylum: Verrucomicrobiota,,,,,,
seq4888,Bacteria,Actinobacteriota,Acidimicrobiia,uncultured,uncultured bacterium,,
seq4889,Bacteria,Bacteroidota,Bacteroidia,Cytophagales,Microscillaceae,uncultured,uncultured Ohtaekwangia sp.
seq4890,Bacteria,Actinobacteriota,Acidimicrobiia,Microtrichales,uncultured,uncultured bacterium,
seq4891,Bacteria,Proteobacteria,Alphaproteobacteria,Rhizobiales,Xanthobacteraceae,uncultured,uncultured bacterium
seq4892,Bacteria,Bdellovibrionota,Oligoflexia,Oligoflexales,Oligoflexaceae,Oligoflexus,uncultured bacterium
seq4893,Bacteria,Actinobacteriota,Acidimicrobiia,IMCC26256,uncultured bacterium,,
seq4894,Bacteria,Actinobacteriota,MB-A2-108,uncultured bacterium,,,
seq4895,Bacteria,Patescibacteria,Saccharimonadia,Saccharimonadales,uncultured bacterium,,
seq4896,Bacteria,Proteobacteria,Alphaproteobacteria,Rhizobiales,Xanthobacteraceae,Rhodoplanes,uncultured bacterium
seq4897,Bacteria,Proteobacteria,Gammaproteobacteria,Burkholderiales,Oxalobacteraceae,Noviherbaspirillum,uncultured bacterium
seq4898,Bacteria,Verrucomicrobiota,Verrucomicrobiae,Verrucomicrobiales,Verrucomicrobiaceae,uncultured,uncultured Verrucomicrobia bacterium
seq4899,Bacteria,Bacteroidota,Bacteroidia,Chitinophagales,Chitinophagaceae,Edaphobaculum,uncultured bacterium
seq4900,Bacteria,Proteobacteria,Gammaproteobacteria,Burkholderiales,Comamonadaceae,Comamonas,uncultured bacterium
seq4901,ML_predicted_Phylum: Verrucomicrobiota,,,,,,
seq4902,Bacteria,Acidobacteriota,Blastocatellia,Pyrinomonadales,Pyrinomonadaceae,RB41,uncultured bacterium
seq4903,Bacteria,Planctomycetota,Planctomycetes,Gemmatales,Gemmataceae,uncultured,uncultured bacterium
seq4904,Bacteria,Actinobacteriota,Thermoleophilia,Solirubrobacterales,67-14,uncultured bacterium,
seq4905,Bacteria,Actinobacteriota,Thermoleophilia,Solirubrobacterales,67-14,uncultured bacterium,
seq4906,Bacteria,Acidobacteriota,Blastocatellia,Pyrinomonadales,Pyrinomonadaceae,RB41,uncultured bacterium
seq4907,Bacteria,Acidobacteriota,Subgroup 5,uncultured Acidobacterium sp.,,,
seq4908,Bacteria,Acidobacteriota,Blastocatellia,Pyrinomonadales,Pyrinomonadaceae,RB41,uncultured Acidobacteria bacterium
seq4909,Bacteria,Desulfobacterota,uncultured,uncultured Myxococcales bacterium,,,
seq4910,Bacteria,Planctomycetota,Phycisphaerae,Tepidisphaerales,WD2101 soil group,uncultured bacterium,
seq4911,Bacteria,Entotheonellaeota,Entotheonellia,Entotheonellales,Entotheonellaceae,uncultured bacterium,
seq4912,Bacteria,Bacteroidota,Bacteroidia,Chitinophagales,Chitinophagaceae,Terrimonas,uncultured bacterium
seq4913,Bacteria,Actinobacteriota,Thermoleophilia,Gaiellales,uncultured,uncultured bacterium,
seq4914,Bacteria,Planctomycetota,Phycisphaerae,Tepidisphaerales,WD2101 soil group,uncultured bacterium,
seq4915,Bacteria,Methylomirabilota,Methylomirabilia,Rokubacteriales,uncultured bacterium,,
seq4916,Bacteria,Myxococcota,bacteriap25,uncultured bacterium,,,
seq4917,Bacteria,Actinobacteriota,Thermoleophilia,Solirubrobacterales,Solirubrobacteraceae,uncultured,uncultured bacterium
seq4918,Bacteria,Actinobacteriota,Thermoleophilia,Gaiellales,uncultured,uncultured bacterium,
seq4919,Bacteria,Acidobacteriota,Thermoanaerobaculia,Thermoanaerobaculales,Thermoanaerobaculaceae,Subgroup 10,Acidobacteria bacterium WY11
seq4920,Bacteria,Myxococcota,Polyangia,Haliangiales,Haliangiaceae,Haliangium,uncultured bacterium
seq4921,Bacteria,Verrucomicrobiota,Verrucomicrobiae,Pedosphaerales,Pedosphaeraceae,Ellin516,uncultured bacterium
seq4922,Archaea,Crenarchaeota,Nitrososphaeria,Nitrososphaerales,Nitrososphaeraceae,uncultured crenarchaeote,
seq4923,Bacteria,Acidobacteriota,Blastocatellia,Pyrinomonadales,Pyrinomonadaceae,RB41,uncultured bacterium
seq4924,Bacteria,Acidobacteriota,Vicinamibacteria,Vicinamibacterales,Vicinamibacteraceae,uncultured Acidobacteria bacterium,
seq4925,Bacteria,Verrucomicrobiota,Verrucomicrobiae,Chthoniobacterales,Xiphinematobacteraceae,Candidatus Xiphinematobacter,uncultured bacterium
seq4926,Unclassified,,,,,,
seq4927,Bacteria,Actinobacteriota,Rubrobacteria,Rubrobacterales,Rubrobacteriaceae,Rubrobacter,uncultured bacterium
seq4928,Bacteria,Acidobacteriota,Vicinamibacteria,Vicinamibacterales,Vicinamibacteraceae,uncultured Acidobacteria bacterium,
seq4929,Bacteria,Patescibacteria,Saccharimonadia,Saccharimonadales,uncultured bacterium,,
seq4930,Bacteria,Planctomycetota,Phycisphaerae,Tepidisphaerales,WD2101 soil group,uncultured bacterium,
seq4931,Bacteria,Actinobacteriota,Actinobacteria,0319-7L14,uncultured bacterium,,
seq4932,Bacteria,Planctomycetota,Planctomycetes,Gemmatales,Gemmataceae,uncultured,uncultured bacterium
seq4933,Bacteria,Actinobacteriota,Thermoleophilia,Solirubrobacterales,67-14,uncultured bacterium,
seq4934,Unclassified,,,,,,
seq4935,ML_predicted_Phylum: Proteobacteria,,,,,,
seq4936,Bacteria,Myxococcota,Polyangia,Haliangiales,Haliangiaceae,Haliangium,uncultured bacterium
seq4937,Bacteria,Myxococcota,Myxococcia,Myxococcales,Myxococcaceae,P3OB-42,uncultured bacterium
seq4938,Bacteria,Acidobacteriota,Blastocatellia,Pyrinomonadales,Pyrinomonadaceae,RB41,uncultured bacterium
seq4939,ML_predicted_Phylum: Bacteroidota,,,,,,
seq4940,Bacteria,Bacteroidota,Bacteroidia,Cytophagales,Microscillaceae,uncultured,uncultured bacterium
seq4941,Bacteria,Acidobacteriota,Blastocatellia,Pyrinomonadales,Pyrinomonadaceae,RB41,uncultured bacterium
seq4942,Bacteria,Armatimonadota,uncultured,uncultured actinobacterium,,,
seq4943,Bacteria,Actinobacteriota,Rubrobacteria,Rubrobacterales,Rubrobacteriaceae,Rubrobacter,uncultured actinobacterium
seq4944,Bacteria,Acidobacteriota,Blastocatellia,Pyrinomonadales,Pyrinomonadaceae,RB41,uncultured bacterium
seq4945,Bacteria,Acidobacteriota,Blastocatellia,Pyrinomonadales,Pyrinomonadaceae,RB41,uncultured Acidobacteriaceae bacterium
seq4946,Bacteria,Acidobacteriota,Blastocatellia,Blastocatellales,Blastocatellaceae,JGI 0001001-H03,uncultured bacterium
seq4947,Bacteria,Actinobacteriota,Acidimicrobiia,Microtrichales,Ilumatobacteraceae,CL500-29 marine group,uncultured bacterium
seq4948,Bacteria,Actinobacteriota,Acidimicrobiia,IMCC26256,uncultured bacterium,,
seq4949,Bacteria,Proteobacteria,Gammaproteobacteria,Burkholderiales,Sutterellaceae,uncultured,uncultured bacterium
seq4950,Bacteria,Actinobacteriota,Acidimicrobiia,Microtrichales,Ilumatobacteraceae,uncultured,uncultured bacterium
seq4951,Bacteria,Firmicutes,Bacilli,Bacillales,Planococcaceae,Sporosarcina,Sporosarcina ureae
seq4952,Bacteria,Proteobacteria,Gammaproteobacteria,Burkholderiales,TRA3-20,uncultured bacterium,
seq4953,Bacteria,Verrucomicrobiota,Verrucomicrobiae,Chthoniobacterales,Chthoniobacteraceae,Chthoniobacter,uncultured bacterium
seq4954,Bacteria,Planctomycetota,Planctomycetes,Pirellulales,Pirellulaceae,uncultured,uncultured bacterium
seq4955,Unclassified,,,,,,
seq4956,Bacteria,Acidobacteriota,Holophagae,Subgroup 7,uncultured bacterium,,
seq4957,Bacteria,Bacteroidota,Bacteroidia,Cytophagales,Microscillaceae,uncultured,uncultured bacterium
seq4958,ML_predicted_Phylum: Planctomycetota,,,,,,
seq4959,Bacteria,Verrucomicrobiota,Verrucomicrobiae,Chthoniobacterales,Chthoniobacteraceae,Chthoniobacter,uncultured bacterium
seq4960,Bacteria,Actinobacteriota,Thermoleophilia,Gaiellales,uncultured,uncultured bacterium,
seq4961,Bacteria,Proteobacteria,Alphaproteobacteria,Rhizobiales,Xanthobacteraceae,Pseudorhodoplanes,uncultured bacterium
seq4962,Bacteria,Entotheonellaeota,Entotheonellia,Entotheonellales,Entotheonellaceae,Candidatus Entotheonella,uncultured bacterium
seq4963,Unclassified,,,,,,
seq4964,ML_predicted_Phylum: Bacteroidota,,,,,,
seq4965,Bacteria,Verrucomicrobiota,Verrucomicrobiae,Pedosphaerales,Pedosphaeraceae,uncultured bacterium,
seq4966,Bacteria,Actinobacteriota,Thermoleophilia,Gaiellales,uncultured,uncultured bacterium,
seq4967,Bacteria,Proteobacteria,Gammaproteobacteria,Burkholderiales,Comamonadaceae,Rhizobacter,Chaetosphaeridium globosum
seq4968,Bacteria,Planctomycetota,Planctomycetes,Pirellulales,Pirellulaceae,Pirellula,uncultured bacterium
seq4969,Bacteria,Acidobacteriota,Blastocatellia,Pyrinomonadales,Pyrinomonadaceae,RB41,uncultured Acidobacteria bacterium
seq4970,Bacteria,Actinobacteriota,Thermoleophilia,Solirubrobacterales,Solirubrobacteraceae,Conexibacter,uncultured bacterium
seq4971,Bacteria,Myxococcota,Polyangia,Haliangiales,Haliangiaceae,Haliangium,uncultured Kofleriaceae bacterium
seq4972,Bacteria,Actinobacteriota,MB-A2-108,uncultured bacterium,,,
seq4973,Archaea,Crenarchaeota,Nitrososphaeria,Nitrososphaerales,Nitrososphaeraceae,uncultured archaeon,
seq4974,Archaea,Crenarchaeota,Nitrososphaeria,Nitrososphaerales,Nitrososphaeraceae,uncultured archaeon,
seq4975,Bacteria,Bacteroidota,Bacteroidia,Cytophagales,Microscillaceae,uncultured,uncultured bacterium
seq4976,Bacteria,Proteobacteria,Alphaproteobacteria,Rhizobiales,Xanthobacteraceae,uncultured,metagenome
seq4977,Bacteria,Cyanobacteria,Cyanobacteriia,Chloroplast,uncultured Chlorophyta,,
seq4978,Bacteria,Bacteroidota,Bacteroidia,Chitinophagales,Chitinophagaceae,Pseudoflavitalea,Flavitalea sp. enrichment culture
seq4979,Bacteria,Planctomycetota,Planctomycetes,Pirellulales,Pirellulaceae,uncultured,uncultured bacterium
seq4980,Bacteria,Firmicutes,Bacilli,Bacillales,Bacillaceae,Bacillus,uncultured bacterium
seq4981,Bacteria,Actinobacteriota,Thermoleophilia,Solirubrobacterales,67-14,uncultured bacterium,
seq4982,Bacteria,Proteobacteria,Alphaproteobacteria,Rhizobiales,Xanthobacteraceae,Variibacter,metagenome
seq4983,Bacteria,Actinobacteriota,Actinobacteria,0319-7L14,uncultured bacterium,,
seq4984,Bacteria,Myxococcota,Polyangia,Polyangiales,BIrii41,metagenome,
seq4985,Bacteria,Actinobacteriota,Acidimicrobiia,Microtrichales,Ilumatobacteraceae,CL500-29 marine group,uncultured bacterium
seq4986,Bacteria,Acidobacteriota,Vicinamibacteria,Vicinamibacterales,uncultured,uncultured bacterium,
seq4987,ML_predicted_Phylum: Cyanobacteria,,,,,,
seq4988,Bacteria,Actinobacteriota,Thermoleophilia,uncultured,uncultured bacterium,,
seq4989,Bacteria,Bacteroidota,Bacteroidia,Chitinophagales,Chitinophagaceae,Edaphobaculum,metagenome
seq4990,ML_predicted_Phylum: Verrucomicrobiota,,,,,,
seq4991,Unclassified,,,,,,
seq4992,Bacteria,Planctomycetota,Planctomycetes,Pirellulales,Pirellulaceae,uncultured,uncultured bacterium
seq4993,ML_predicted_Phylum: Planctomycetota,,,,,,
seq4994,Bacteria,Planctomycetota,Planctomycetes,Pirellulales,Pirellulaceae,Pir4 lineage,uncultured bacterium
seq4995,Bacteria,Proteobacteria,Gammaproteobacteria,Burkholderiales,Comamonadaceae,Rhizobacter,uncultured bacterium
seq4996,Bacteria,Bacteroidota,Bacteroidia,Chitinophagales,Chitinophagaceae,uncultured,uncultured Bacteroidetes bacterium
seq4997,Unclassified,,,,,,
seq4998,Bacteria,Acidobacteriota,Blastocatellia,Pyrinomonadales,Pyrinomonadaceae,RB41,uncultured bacterium
seq4999,Bacteria,Actinobacteriota,Actinobacteria,Streptomycetales,Streptomycetaceae,Streptomyces,Streptomyces sp.
seq5000,Bacteria,Planctomycetota,Phycisphaerae,Tepidisphaerales,WD2101 soil group,uncultured bacterium,
seq5001,Bacteria,Bacteroidota,Bacteroidia,Chitinophagales,Chitinophagaceae,uncultured,uncultured bacterium
seq5002,Unclassified,,,,,,
seq5003,Bacteria,Acidobacteriota,Blastocatellia,Blastocatellales,Blastocatellaceae,Blastocatella,uncultured Acidobacteria bacterium
seq5004,Bacteria,Actinobacteriota,Rubrobacteria,Rubrobacterales,Rubrobacteriaceae,Rubrobacter,uncultured bacterium
seq5005,Bacteria,Acidobacteriota,Holophagae,Subgroup 7,uncultured bacterium,,
seq5006,Bacteria,Verrucomicrobiota,Verrucomicrobiae,Pedosphaerales,Pedosphaeraceae,uncultured bacterium,
seq5007,Bacteria,Myxococcota,bacteriap25,uncultured bacterium,,,
seq5008,Unclassified,,,,,,
seq5009,Bacteria,Patescibacteria,Saccharimonadia,Saccharimonadales,LWQ8,uncultured bacterium,
seq5010,Bacteria,Entotheonellaeota,Entotheonellia,Entotheonellales,Entotheonellaceae,uncultured bacterium,
seq5011,Unclassified,,,,,,
seq5012,Bacteria,Proteobacteria,Alphaproteobacteria,Rhodobacterales,Rhodobacteraceae,Rubellimicrobium,uncultured bacterium
seq5013,Bacteria,Bacteroidota,Bacteroidia,Bacteroidales,Prevotellaceae,Prevotella_9,Prevotella paludivivens
seq5014,Bacteria,Actinobacteriota,Actinobacteria,Propionibacteriales,Propionibacteriaceae,Microlunatus,uncultured bacterium
seq5015,Bacteria,Bacteroidota,Bacteroidia,Sphingobacteriales,Sphingobacteriaceae,Pedobacter,Pedobacter boryungensis
seq5016,Bacteria,Acidobacteriota,Vicinamibacteria,Vicinamibacterales,Vicinamibacteraceae,uncultured Acidobacteria bacterium,
seq5017,Bacteria,Bacteroidota,Bacteroidia,Chitinophagales,Chitinophagaceae,Flavisolibacter,uncultured bacterium
seq5018,ML_predicted_Phylum: Verrucomicrobiota,,,,,,
seq5019,Unclassified,,,,,,
seq5020,Bacteria,Myxococcota,Polyangia,Polyangiales,BIrii41,uncultured delta proteobacterium,
seq5021,Bacteria,Proteobacteria,Alphaproteobacteria,Rhodospirillales,Rhodospirillaceae,uncultured,uncultured bacterium
seq5022,Bacteria,Actinobacteriota,Thermoleophilia,Gaiellales,Gaiellaceae,Gaiella,uncultured bacterium
seq5023,Bacteria,Acidobacteriota,Blastocatellia,Blastocatellales,Blastocatellaceae,Blastocatella,uncultured Acidobacteria bacterium
seq5024,Bacteria,Actinobacteriota,Acidimicrobiia,uncultured,metagenome,,
seq5025,ML_predicted_Phylum: Elusimicrobiota,,,,,,
seq5026,Bacteria,Bacteroidota,Bacteroidia,Chitinophagales,Chitinophagaceae,Aurantisolimonas,Aurantisolimonas haloimpatiens
seq5027,Bacteria,Planctomycetota,Planctomycetes,Pirellulales,Pirellulaceae,uncultured,uncultured bacterium
seq5028,ML_predicted_Phylum: Patescibacteria,,,,,,
seq5029,Bacteria,Proteobacteria,Alphaproteobacteria,Rhizobiales,Xanthobacteraceae,Bradyrhizobium,Bradyrhizobium sp. CP1(2014)
seq5030,Unclassified,,,,,,
seq5031,Bacteria,Planctomycetota,Planctomycetes,Gemmatales,Gemmataceae,uncultured,metagenome
seq5032,Bacteria,Acidobacteriota,Blastocatellia,Pyrinomonadales,Pyrinomonadaceae,RB41,uncultured bacterium
seq5033,Bacteria,Myxococcota,Myxococcia,Myxococcales,Myxococcaceae,P3OB-42,uncultured bacterium
seq5034,Bacteria,Acidobacteriota,Blastocatellia,Pyrinomonadales,Pyrinomonadaceae,RB41,uncultured bacterium
seq5035,Bacteria,Planctomycetota,Phycisphaerae,Tepidisphaerales,WD2101 soil group,uncultured bacterium,
seq5036,Bacteria,Acidobacteriota,Vicinamibacteria,Vicinamibacterales,uncultured,uncultured bacterium,
seq5037,Unclassified,,,,,,
seq5038,Bacteria,Chloroflexi,JG30-KF-CM66,uncultured bacterium,,,
seq5039,Bacteria,Proteobacteria,Gammaproteobacteria,Burkholderiales,Nitrosomonadaceae,Ellin6067,bacterium Ellin6067
seq5040,Bacteria,Acidobacteriota,Vicinamibacteria,Vicinamibacterales,Vicinamibacteraceae,uncultured bacterium,
seq5041,Bacteria,Verrucomicrobiota,Verrucomicrobiae,Verrucomicrobiales,Verrucomicrobiaceae,Verrucomicrobium,Verrucomicrobiaceae bacterium
seq5042,Bacteria,Acidobacteriota,Blastocatellia,Pyrinomonadales,Pyrinomonadaceae,RB41,uncultured bacterium
seq5043,Bacteria,Proteobacteria,Alphaproteobacteria,Sphingomonadales,Sphingomonadaceae,Sphingosinicella sp.,
seq5044,Bacteria,Actinobacteriota,Actinobacteria,Frankiales,Geodermatophilaceae,Blastococcus,uncultured bacterium
seq5045,Bacteria,Actinobacteriota,Thermoleophilia,Gaiellales,uncultured,uncultured bacterium,
seq5046,Bacteria,Patescibacteria,Saccharimonadia,Saccharimonadales,uncultured bacterium,,
seq5047,Bacteria,Bacteroidota,Bacteroidia,Chitinophagales,Chitinophagaceae,Segetibacter,uncultured Flexibacteraceae bacterium
seq5048,Bacteria,Chloroflexi,Chloroflexia,Kallotenuales,AKIW781,uncultured bacterium,
seq5049,Bacteria,Acidobacteriota,Vicinamibacteria,Vicinamibacterales,uncultured,uncultured Acidobacteria bacterium,
seq5050,ML_predicted_Phylum: Patescibacteria,,,,,,
seq5051,Bacteria,Planctomycetota,Planctomycetes,Pirellulales,Pirellulaceae,uncultured,uncultured soil bacterium
seq5052,Bacteria,Chloroflexi,KD4-96,uncultured Longilinea sp.,,,
seq5053,Bacteria,Myxococcota,Polyangia,Polyangiales,Polyangiaceae,Pajaroellobacter,uncultured bacterium
seq5054,Bacteria,Bacteroidota,Bacteroidia,Sphingobacteriales,AKYH767,uncultured Bacteroidetes bacterium,
seq5055,Unclassified,,,,,,
seq5056,Bacteria,Bacteroidota,Bacteroidia,Chitinophagales,uncultured,uncultured bacterium,
seq5057,Archaea,Crenarchaeota,Nitrososphaeria,Nitrososphaerales,Nitrososphaeraceae,uncultured crenarchaeote,
seq5058,Bacteria,Bacteroidota,Bacteroidia,Chitinophagales,Chitinophagaceae,Segetibacter,uncultured Segetibacter sp.
seq5059,Bacteria,Proteobacteria,Gammaproteobacteria,Diplorickettsiales,Diplorickettsiaceae,uncultured,uncultured bacterium
seq5060,Bacteria,Chloroflexi,TK10,uncultured Chloroflexi bacterium,,,
seq5061,Bacteria,Proteobacteria,Alphaproteobacteria,Rhizobiales,uncultured,uncultured bacterium,
seq5062,Bacteria,Acidobacteriota,Blastocatellia,Pyrinomonadales,Pyrinomonadaceae,RB41,uncultured bacterium
seq5063,Bacteria,Desulfobacterota,uncultured,uncultured bacterium,,,
seq5064,Bacteria,Proteobacteria,Gammaproteobacteria,Burkholderiales,Oxalobacteraceae,Noviherbaspirillum,Oxalobacteraceae bacterium HTCC315
seq5065,Bacteria,Acidobacteriota,Vicinamibacteria,Vicinamibacterales,Vicinamibacteraceae,uncultured bacterium,
seq5066,Bacteria,Bdellovibrionota,Bdellovibrionia,Bdellovibrionales,Bdellovibrionaceae,Bdellovibrio,uncultured bacterium
seq5067,Bacteria,Entotheonellaeota,Entotheonellia,Entotheonellales,Entotheonellaceae,uncultured bacterium,
seq5068,ML_predicted_Phylum: Proteobacteria,,,,,,
seq5069,Archaea,Crenarchaeota,Nitrososphaeria,Nitrososphaerales,Nitrososphaeraceae,uncultured archaeon,
seq5070,Bacteria,Proteobacteria,Alphaproteobacteria,Rhizobiales,Labraceae,Labrys,metagenome
seq5071,Bacteria,Gemmatimonadota,Gemmatimonadetes,Gemmatimonadales,Gemmatimonadaceae,uncultured,uncultured bacterium
seq5072,ML_predicted_Phylum: Planctomycetota,,,,,,
seq5073,Bacteria,Patescibacteria,Saccharimonadia,Saccharimonadales,uncultured bacterium,,
seq5074,Bacteria,Patescibacteria,Saccharimonadia,Saccharimonadales,uncultured bacterium,,
seq5075,Bacteria,Proteobacteria,Gammaproteobacteria,Steroidobacterales,Steroidobacteraceae,Steroidobacter,uncultured bacterium
seq5076,Bacteria,Bacteroidota,Bacteroidia,Sphingobacteriales,AKYH767,metagenome,
seq5077,ML_predicted_Phylum: Proteobacteria,,,,,,
seq5078,Archaea,Crenarchaeota,Nitrososphaeria,Nitrososphaerales,Nitrososphaeraceae,uncultured archaeon,
seq5079,Bacteria,Acidobacteriota,Blastocatellia,Pyrinomonadales,Pyrinomonadaceae,RB41,uncultured bacterium
seq5080,Bacteria,Actinobacteriota,Thermoleophilia,Gaiellales,uncultured,uncultured bacterium,
seq5081,Bacteria,Actinobacteriota,Thermoleophilia,Gaiellales,uncultured,uncultured bacterium,
seq5082,Bacteria,Bacteroidota,Bacteroidia,Cytophagales,Hymenobacteraceae,Adhaeribacter,uncultured bacterium
seq5083,Bacteria,Bdellovibrionota,Oligoflexia,0319-6G20,uncultured Syntrophobacteraceae bacterium,,
seq5084,Bacteria,Acidobacteriota,Acidobacteriae,Acidobacteriales,Acidobacteriaceae (Subgroup 1),uncultured,uncultured Acidobacteria bacterium
seq5085,Bacteria,Acidobacteriota,Blastocatellia,Pyrinomonadales,Pyrinomonadaceae,RB41,uncultured bacterium
seq5086,ML_predicted_Phylum: Bacteroidota,,,,,,
seq5087,Archaea,Crenarchaeota,Nitrososphaeria,Nitrososphaerales,Nitrososphaeraceae,Candidatus Nitrocosmicus,uncultured archaeon
seq5088,Unclassified,,,,,,
seq5089,ML_predicted_Phylum: Proteobacteria,,,,,,
seq5090,Bacteria,Verrucomicrobiota,Verrucomicrobiae,Pedosphaerales,Pedosphaeraceae,uncultured bacterium,
seq5091,Unclassified,,,,,,
seq5092,Bacteria,Verrucomicrobiota,Verrucomicrobiae,Pedosphaerales,Pedosphaeraceae,Ellin517,uncultured bacterium
seq5093,ML_predicted_Phylum: Acidobacteriota,,,,,,
seq5094,Bacteria,Actinobacteriota,Thermoleophilia,uncultured,uncultured bacterium,,
seq5095,Bacteria,Elusimicrobiota,Lineage IIb,uncultured soil bacterium,,,
seq5096,Bacteria,Proteobacteria,Alphaproteobacteria,Sphingomonadales,Sphingomonadaceae,Sphingobium,Sphingobium sp. DDB-1
seq5097,Bacteria,Actinobacteriota,Rubrobacteria,Rubrobacterales,Rubrobacteriaceae,Rubrobacter,uncultured actinobacterium
seq5098,Bacteria,Proteobacteria,Alphaproteobacteria,Reyranellales,Reyranellaceae,Reyranella,uncultured bacterium
seq5099,Bacteria,Chloroflexi,TK10,uncultured bacterium,,,
seq5100,Bacteria,Bacteroidota,Bacteroidia,Chitinophagales,Chitinophagaceae,uncultured,uncultured Bacteroidetes bacterium
seq5101,Bacteria,Acidobacteriota,Blastocatellia,Pyrinomonadales,Pyrinomonadaceae,RB41,uncultured Acidobacteria bacterium
seq5102,Bacteria,Firmicutes,Bacilli,Bacillales,Planococcaceae,Psychrobacillus,Lysinibacillus sphaericus
seq5103,Bacteria,Bacteroidota,Bacteroidia,Sphingobacteriales,env.OPS 17,uncultured Bacteroidetes bacterium,
seq5104,Bacteria,Patescibacteria,Saccharimonadia,Saccharimonadales,YM_S32_TM7_50_20,uncultured bacterium,
seq5105,Bacteria,Acidobacteriota,Blastocatellia,Pyrinomonadales,Pyrinomonadaceae,RB41,uncultured bacterium
seq5106,Unclassified,,,,,,
seq5107,Bacteria,Acidobacteriota,Vicinamibacteria,Vicinamibacterales,uncultured,uncultured Acidobacteria bacterium,
seq5108,Bacteria,Actinobacteriota,Actinobacteria,Corynebacteriales,Nocardiaceae,Nocardia,Nocardia sp. LC079
seq5109,Bacteria,Myxococcota,Polyangia,Haliangiales,Haliangiaceae,Haliangium,uncultured bacterium
seq5110,ML_predicted_Phylum: Planctomycetota,,,,,,
seq5111,Bacteria,Acidobacteriota,Blastocatellia,Blastocatellales,Blastocatellaceae,uncultured,uncultured Acidobacteria bacterium
seq5112,Bacteria,Chloroflexi,Gitt-GS-136,uncultured Chloroflexus sp.,,,
seq5113,Bacteria,Proteobacteria,Alphaproteobacteria,Rhizobiales,Beijerinckiaceae,Bosea,Bosea thiooxidans
seq5114,ML_predicted_Phylum: Actinobacteriota,,,,,,
seq5115,Bacteria,Proteobacteria,Alphaproteobacteria,Rickettsiales,Mitochondria,Pinus canariensis,
seq5116,ML_predicted_Phylum: Bacteroidota,,,,,,
seq5117,Bacteria,Chloroflexi,P2-11E,uncultured bacterium,,,
seq5118,Bacteria,Actinobacteriota,Thermoleophilia,Solirubrobacterales,67-14,uncultured bacterium,
seq5119,ML_predicted_Phylum: Planctomycetota,,,,,,
seq5120,Bacteria,Verrucomicrobiota,Verrucomicrobiae,Chthoniobacterales,Xiphinematobacteraceae,Candidatus Xiphinematobacter,uncultured bacterium
seq5121,Bacteria,Planctomycetota,Phycisphaerae,Phycisphaerales,Phycisphaeraceae,AKYG587,uncultured Planctomycetales bacterium
seq5122,Bacteria,Desulfobacterota,uncultured,uncultured delta proteobacterium,,,
seq5123,Bacteria,Bacteroidota,Bacteroidia,Sphingobacteriales,AKYH767,metagenome,
seq5124,Bacteria,Proteobacteria,Alphaproteobacteria,Rhizobiales,Hyphomicrobiaceae,Hyphomicrobium,uncultured bacterium
seq5125,ML_predicted_Phylum: Verrucomicrobiota,,,,,,
seq5126,Bacteria,Firmicutes,Clostridia,Clostridia UCG-014,uncultured bacterium,,
seq5127,Unclassified,,,,,,
seq5128,Bacteria,Bacteroidota,Bacteroidia,Sphingobacteriales,Sphingobacteriaceae,Arcticibacter,uncultured bacterium
seq5129,Bacteria,Planctomycetota,vadinHA49,uncultured bacterium,,,
seq5130,Bacteria,Acidobacteriota,Blastocatellia,Pyrinomonadales,Pyrinomonadaceae,RB41,uncultured bacterium
seq5131,Bacteria,Verrucomicrobiota,Verrucomicrobiae,Chthoniobacterales,Chthoniobacteraceae,Candidatus Udaeobacter,uncultured Spartobacteria bacterium
seq5132,Bacteria,Dependentiae,Babeliae,Babeliales,Vermiphilaceae,uncultured bacterium,
seq5133,Bacteria,Bacteroidota,Bacteroidia,Chitinophagales,Chitinophagaceae,uncultured,uncultured bacterium
seq5134,Bacteria,Planctomycetota,Phycisphaerae,Tepidisphaerales,WD2101 soil group,uncultured bacterium,
seq5135,Bacteria,Actinobacteriota,Actinobacteria,0319-7L14,uncultured bacterium,,
seq5136,Bacteria,Acidobacteriota,Blastocatellia,Blastocatellales,Blastocatellaceae,uncultured,uncultured Acidobacteria bacterium
seq5137,Bacteria,Acidobacteriota,Acidobacteriae,Subgroup 15,uncultured bacterium,,
seq5138,Bacteria,Myxococcota,bacteriap25,uncultured bacterium,,,
seq5139,Bacteria,Chloroflexi,Dehalococcoidia,S085,uncultured bacterium,,
seq5140,Bacteria,Cyanobacteria,Cyanobacteriia,Chloroplast,Chlorella sp. ArM0029B,,
seq5141,Bacteria,Proteobacteria,Alphaproteobacteria,Rhizobiales,Rhizobiaceae,Aminobacter,Aminobacter aganoensis
seq5142,ML_predicted_Phylum: Patescibacteria,,,,,,
seq5143,Bacteria,Acidobacteriota,Blastocatellia,Pyrinomonadales,Pyrinomonadaceae,RB41,uncultured bacterium
seq5144,Bacteria,Acidobacteriota,Acidobacteriae,Bryobacterales,Bryobacteraceae,Bryobacter,uncultured Acidobacteria bacterium
seq5145,Bacteria,Proteobacteria,Alphaproteobacteria,Rhizobiales,Beijerinckiaceae,Microvirga,Microvirga guangxiensis
seq5146,Bacteria,Acidobacteriota,Blastocatellia,Pyrinomonadales,Pyrinomonadaceae,RB41,uncultured bacterium
seq5147,Bacteria,Bacteroidota,Bacteroidia,Chitinophagales,Chitinophagaceae,Puia,metagenome
seq5148,Bacteria,Patescibacteria,Saccharimonadia,Saccharimonadales,LWQ8,uncultured Candidatus Saccharibacteria bacterium,
seq5149,Bacteria,Patescibacteria,Parcubacteria,uncultured bacterium,,,
seq5150,ML_predicted_Phylum: Proteobacteria,,,,,,
seq5151,ML_predicted_Phylum: Planctomycetota,,,,,,
seq5152,Bacteria,Actinobacteriota,Actinobacteria,Corynebacteriales,Mycobacteriaceae,Mycobacterium,Mycobacterium chlorophenolicum
seq5153,Bacteria,Actinobacteriota,Acidimicrobiia,Actinomarinales,uncultured bacterium,,
seq5154,Bacteria,Planctomycetota,Planctomycetes,Pirellulales,Pirellulaceae,Pirellula,uncultured bacterium
seq5155,Bacteria,Verrucomicrobiota,Verrucomicrobiae,Pedosphaerales,Pedosphaeraceae,uncultured,uncultured bacterium
seq5156,Bacteria,Verrucomicrobiota,Verrucomicrobiae,Chthoniobacterales,Chthoniobacteraceae,Chthoniobacter,uncultured bacterium
seq5157,Bacteria,Myxococcota,Polyangia,Haliangiales,Haliangiaceae,Haliangium,uncultured bacterium
seq5158,Bacteria,Acidobacteriota,Blastocatellia,Pyrinomonadales,Pyrinomonadaceae,RB41,uncultured bacterium
seq5159,Bacteria,Actinobacteriota,Thermoleophilia,uncultured,uncultured bacterium,,
seq5160,Bacteria,Chloroflexi,KD4-96,uncultured bacterium,,,
seq5161,Bacteria,Acidobacteriota,Vicinamibacteria,Vicinamibacterales,Vicinamibacteraceae,uncultured Acidobacteria bacterium,
seq5162,Bacteria,Bacteroidota,Bacteroidia,Cytophagales,Microscillaceae,Ohtaekwangia,uncultured bacterium
seq5163,Unclassified,,,,,,
seq5164,ML_predicted_Phylum: Proteobacteria,,,,,,
seq5165,Bacteria,Planctomycetota,Planctomycetes,Planctomycetales,uncultured,uncultured bacterium,
seq5166,Bacteria,Acidobacteriota,Holophagae,Subgroup 7,uncultured bacterium,,
seq5167,Bacteria,Bacteroidota,Bacteroidia,Chitinophagales,Chitinophagaceae,uncultured,uncultured bacterium
seq5168,Bacteria,Acidobacteriota,Blastocatellia,Pyrinomonadales,Pyrinomonadaceae,RB41,uncultured bacterium
seq5169,Bacteria,Actinobacteriota,Thermoleophilia,Gaiellales,uncultured,uncultured bacterium,
seq5170,Bacteria,Firmicutes,Bacilli,Bacillales,Bacillaceae,Bacillus,uncultured bacterium
seq5171,Archaea,Crenarchaeota,Nitrososphaeria,Nitrososphaerales,Nitrososphaeraceae,uncultured archaeon,
seq5172,Bacteria,Acidobacteriota,Blastocatellia,Pyrinomonadales,Pyrinomonadaceae,RB41,uncultured bacterium
seq5173,ML_predicted_Phylum: Planctomycetota,,,,,,
seq5174,Bacteria,Acidobacteriota,Blastocatellia,Blastocatellales,Blastocatellaceae,Stenotrophobacter,Stenotrophobacter terrae
seq5175,Bacteria,Myxococcota,bacteriap25,uncultured bacterium,,,
seq5176,ML_predicted_Phylum: Proteobacteria,,,,,,
seq5177,Bacteria,Actinobacteriota,Rubrobacteria,Rubrobacterales,Rubrobacteriaceae,Rubrobacter,uncultured actinobacterium
seq5178,Bacteria,Planctomycetota,Planctomycetes,Isosphaerales,Isosphaeraceae,Tundrisphaera,uncultured bacterium
seq5179,Bacteria,Acidobacteriota,Blastocatellia,Pyrinomonadales,Pyrinomonadaceae,RB41,uncultured Acidobacteria bacterium
seq5180,Bacteria,Actinobacteriota,Thermoleophilia,Gaiellales,uncultured,uncultured bacterium,
seq5181,Bacteria,Planctomycetota,Phycisphaerae,Tepidisphaerales,WD2101 soil group,uncultured bacterium,
seq5182,Bacteria,Gemmatimonadota,Longimicrobia,Longimicrobiales,Longimicrobiaceae,uncultured bacterium,
seq5183,Bacteria,Proteobacteria,Alphaproteobacteria,Rhizobiales,Rhizobiaceae,Phyllobacterium,Phyllobacterium myrsinacearum
seq5184,ML_predicted_Phylum: Chloroflexi,,,,,,
seq5185,Bacteria,Myxococcota,Polyangia,Polyangiales,Polyangiaceae,Pajaroellobacter,uncultured bacterium
seq5186,Bacteria,Proteobacteria,Alphaproteobacteria,Dongiales,Dongiaceae,Dongia,uncultured bacterium
seq5187,Bacteria,Actinobacteriota,Actinobacteria,Corynebacteriales,Mycobacteriaceae,Mycobacterium,bacterium 29-1-1
seq5188,Bacteria,Planctomycetota,Phycisphaerae,Tepidisphaerales,WD2101 soil group,uncultured bacterium,
seq5189,Bacteria,Bacteroidota,Bacteroidia,Chitinophagales,Chitinophagaceae,uncultured,uncultured bacterium
seq5190,Bacteria,Actinobacteriota,Thermoleophilia,Solirubrobacterales,Solirubrobacteraceae,Solirubrobacter,uncultured bacterium
seq5191,Archaea,Crenarchaeota,Nitrososphaeria,Nitrososphaerales,Nitrososphaeraceae,uncultured archaeon,
seq5192,Unclassified,,,,,,
seq5193,Bacteria,Planctomycetota,Planctomycetes,Gemmatales,Gemmataceae,uncultured,uncultured bacterium
seq5194,Bacteria,Bacteroidota,Bacteroidia,Chitinophagales,Chitinophagaceae,Ferruginibacter,uncultured bacterium
seq5195,Unclassified,,,,,,
seq5196,Bacteria,Acidobacteriota,Blastocatellia,Pyrinomonadales,Pyrinomonadaceae,RB41,uncultured bacterium
seq5197,Bacteria,Proteobacteria,Gammaproteobacteria,Burkholderiales,Comamonadaceae,uncultured,Leptothrix sp. LLH-Irr-5
seq5198,Bacteria,Actinobacteriota,Acidimicrobiia,Microtrichales,Ilumatobacteraceae,uncultured,uncultured bacterium
seq5199,Unclassified,,,,,,
seq5200,Bacteria,Proteobacteria,Alphaproteobacteria,Sphingomonadales,Sphingomonadaceae,Ellin6055,uncultured bacterium
seq5201,Bacteria,Acidobacteriota,Vicinamibacteria,Subgroup 17,uncultured Acidobacteria bacterium,,
seq5202,Bacteria,Verrucomicrobiota,Verrucomicrobiae,Chthoniobacterales,Xiphinematobacteraceae,Candidatus Xiphinematobacter,uncultured bacterium
seq5203,ML_predicted_Phylum: Bacteroidota,,,,,,
seq5204,Bacteria,Acidobacteriota,Acidobacteriae,Solibacterales,Solibacteraceae,Candidatus Solibacter,uncultured bacterium
seq5205,Bacteria,Acidobacteriota,Acidobacteriae,Bryobacterales,Bryobacteraceae,Bryobacter,uncultured bacterium
seq5206,Bacteria,RCP2-54,uncultured bacterium,,,,
seq5207,Bacteria,Bacteroidota,Bacteroidia,Flavobacteriales,Flavobacteriaceae,Flavobacterium,Flavobacterium sp. HWG-A1
seq5208,Archaea,Crenarchaeota,Nitrososphaeria,Nitrososphaerales,Nitrososphaeraceae,uncultured archaeon,
seq5209,Bacteria,Planctomycetota,Planctomycetes,Gemmatales,Gemmataceae,uncultured,uncultured bacterium
seq5210,Bacteria,Planctomycetota,Phycisphaerae,Tepidisphaerales,WD2101 soil group,uncultured bacterium,
seq5211,Bacteria,Cyanobacteria,Cyanobacteriia,Chloroplast,Couroupita guianensis (cannonball tree),,
seq5212,ML_predicted_Phylum: Patescibacteria,,,,,,
seq5213,Bacteria,Actinobacteriota,Thermoleophilia,Gaiellales,uncultured,uncultured bacterium,
seq5214,Bacteria,Planctomycetota,Planctomycetes,Pirellulales,Pirellulaceae,Pir4 lineage,uncultured bacterium
seq5215,Bacteria,SAR324 clade(Marine group B),uncultured bacterium,,,,
seq5216,ML_predicted_Phylum: Bacteroidota,,,,,,
seq5217,Bacteria,Acidobacteriota,Blastocatellia,Pyrinomonadales,Pyrinomonadaceae,RB41,uncultured bacterium
seq5218,Archaea,Crenarchaeota,Nitrososphaeria,Nitrososphaerales,Nitrososphaeraceae,uncultured crenarchaeote,
seq5219,Bacteria,Acidobacteriota,Blastocatellia,Pyrinomonadales,Pyrinomonadaceae,RB41,uncultured Acidobacteria bacterium
seq5220,Bacteria,Bacteroidota,Bacteroidia,Chitinophagales,Chitinophagaceae,Edaphobaculum,uncultured bacterium
seq5221,Bacteria,Proteobacteria,Alphaproteobacteria,Rhizobiales,Beijerinckiaceae,Microvirga,Microvirga guangxiensis
seq5222,Bacteria,Actinobacteriota,Actinobacteria,Propionibacteriales,Propionibacteriaceae,Microlunatus,uncultured bacterium
seq5223,Bacteria,Verrucomicrobiota,Verrucomicrobiae,Chthoniobacterales,Chthoniobacteraceae,Candidatus Udaeobacter,uncultured bacterium
seq5224,Bacteria,Myxococcota,Polyangia,Nannocystales,Nannocystaceae,uncultured bacterium,
seq5225,Bacteria,Bacteroidota,Bacteroidia,Sphingobacteriales,Sphingobacteriaceae,Pedobacter,Pedobacter sp. 4236
seq5226,Bacteria,Planctomycetota,Planctomycetes,Pirellulales,Pirellulaceae,Pirellula,uncultured Planctomycetaceae bacterium
seq5227,Bacteria,Armatimonadota,uncultured,uncultured bacterium,,,
seq5228,Bacteria,Myxococcota,Myxococcia,Myxococcales,Myxococcaceae,P3OB-42,uncultured bacterium
seq5229,Bacteria,Bacteroidota,Bacteroidia,Cytophagales,Cyclobacteriaceae,uncultured,metagenome
seq5230,Bacteria,Acidobacteriota,Blastocatellia,Blastocatellales,Blastocatellaceae,Blastocatella,uncultured Acidobacteria bacterium
seq5231,Bacteria,Proteobacteria,Alphaproteobacteria,Caulobacterales,Caulobacteraceae,Phenylobacterium,uncultured Alphaproteobacteria bacterium
seq5232,Bacteria,Proteobacteria,Gammaproteobacteria,Burkholderiales,Oxalobacteraceae,Noviherbaspirillum,bacterium BI-13
seq5233,Bacteria,Chloroflexi,KD4-96,uncultured bacterium,,,
seq5234,Bacteria,Planctomycetota,Planctomycetes,Pirellulales,Pirellulaceae,uncultured,uncultured bacterium
seq5235,Bacteria,Chloroflexi,Chloroflexia,Chloroflexales,Roseiflexaceae,uncultured,uncultured bacterium
seq5236,Bacteria,Actinobacteriota,Thermoleophilia,Gaiellales,Gaiellaceae,Gaiella,uncultured bacterium
seq5237,Bacteria,Bdellovibrionota,Bdellovibrionia,Bdellovibrionales,Bdellovibrionaceae,OM27 clade,uncultured delta proteobacterium
seq5238,Bacteria,Acidobacteriota,Vicinamibacteria,Vicinamibacterales,Vicinamibacteraceae,uncultured,uncultured Acidobacteria bacterium
seq5239,Bacteria,Verrucomicrobiota,Chlamydiae,Chlamydiales,Parachlamydiaceae,Candidatus Protochlamydia,Candidatus Protochlamydia sp. cvE12
seq5240,Bacteria,Actinobacteriota,Actinobacteria,Corynebacteriales,Mycobacteriaceae,Mycobacterium,Mycobacterium sp.
seq5241,Bacteria,Actinobacteriota,Thermoleophilia,Gaiellales,uncultured,uncultured bacterium,
seq5242,Bacteria,Acidobacteriota,Blastocatellia,Blastocatellales,Blastocatellaceae,uncultured,uncultured Acidobacteriaceae bacterium
seq5243,Bacteria,Acidobacteriota,Blastocatellia,Pyrinomonadales,Pyrinomonadaceae,RB41,uncultured bacterium
seq5244,Unclassified,,,,,,
seq5245,Bacteria,Gemmatimonadota,Gemmatimonadetes,Gemmatimonadales,Gemmatimonadaceae,uncultured,uncultured bacterium
seq5246,ML_predicted_Phylum: Planctomycetota,,,,,,
seq5247,Bacteria,Actinobacteriota,Thermoleophilia,Gaiellales,uncultured,uncultured bacterium,
seq5248,Bacteria,Actinobacteriota,Thermoleophilia,Solirubrobacterales,Solirubrobacteraceae,Solirubrobacter,uncultured bacterium
seq5249,Bacteria,Acidobacteriota,Blastocatellia,Pyrinomonadales,Pyrinomonadaceae,RB41,uncultured Acidobacteria bacterium
seq5250,Bacteria,Planctomycetota,Phycisphaerae,Phycisphaerales,Phycisphaeraceae,SM1A02,uncultured prokaryote
seq5251,Bacteria,Planctomycetota,Phycisphaerae,Tepidisphaerales,WD2101 soil group,uncultured bacterium,
seq5252,Bacteria,Acidobacteriota,Acidobacteriae,Bryobacterales,Bryobacteraceae,Bryobacter,uncultured bacterium
seq5253,Bacteria,Bacteroidota,Bacteroidia,Cytophagales,Microscillaceae,uncultured,uncultured bacterium
seq5254,Bacteria,Verrucomicrobiota,Verrucomicrobiae,Chthoniobacterales,Chthoniobacteraceae,Chthoniobacter,uncultured bacterium
seq5255,Archaea,Crenarchaeota,Nitrososphaeria,Nitrososphaerales,Nitrososphaeraceae,uncultured crenarchaeote,
seq5256,Bacteria,Actinobacteriota,Thermoleophilia,Gaiellales,uncultured,uncultured bacterium,
seq5257,Bacteria,Actinobacteriota,Thermoleophilia,Solirubrobacterales,67-14,uncultured bacterium,
seq5258,Bacteria,Proteobacteria,Alphaproteobacteria,Rhizobiales,Xanthobacteraceae,Pseudolabrys,uncultured rape rhizosphere bacterium wr0197
seq5259,Bacteria,Bacteroidota,Bacteroidia,Flavobacteriales,NS9 marine group,metagenome,
seq5260,Unclassified,,,,,,
seq5261,Bacteria,Verrucomicrobiota,Verrucomicrobiae,Chthoniobacterales,Chthoniobacteraceae,Candidatus Udaeobacter,uncultured Spartobacteria bacterium
seq5262,Bacteria,Actinobacteriota,Acidimicrobiia,Actinomarinales,uncultured,uncultured bacterium,
seq5263,Bacteria,Acidobacteriota,Vicinamibacteria,Vicinamibacterales,uncultured,uncultured Acidobacterium sp.,
seq5264,Bacteria,Chloroflexi,Dehalococcoidia,SAR202 clade,uncultured bacterium,,
seq5265,Bacteria,Bacteroidota,Bacteroidia,Cytophagales,Microscillaceae,uncultured,uncultured bacterium
seq5266,Bacteria,Planctomycetota,Planctomycetes,Pirellulales,Pirellulaceae,Pirellula,uncultured bacterium
seq5267,Bacteria,Planctomycetota,Planctomycetes,Gemmatales,Gemmataceae,uncultured,uncultured Gemmata sp.
seq5268,ML_predicted_Phylum: Verrucomicrobiota,,,,,,
seq5269,Bacteria,Entotheonellaeota,Entotheonellia,Entotheonellales,Entotheonellaceae,uncultured microorganism,
seq5270,Bacteria,Bacteroidota,Bacteroidia,Chitinophagales,Chitinophagaceae,uncultured,uncultured bacterium
seq5271,Archaea,Crenarchaeota,Nitrososphaeria,Nitrososphaerales,Nitrososphaeraceae,Candidatus Nitrocosmicus,uncultured archaeon
seq5272,Bacteria,Actinobacteriota,Actinobacteria,Streptomycetales,Streptomycetaceae,Streptomyces,Streptomyces chartreusis
seq5273,Bacteria,Actinobacteriota,Thermoleophilia,Solirubrobacterales,67-14,uncultured bacterium,
seq5274,Bacteria,Planctomycetota,Planctomycetes,Gemmatales,Gemmataceae,Gemmata,uncultured bacterium
seq5275,Bacteria,Patescibacteria,Saccharimonadia,Saccharimonadales,LWQ8,uncultured bacterium,
seq5276,Bacteria,Chloroflexi,KD4-96,uncultured bacterium,,,
seq5277,Bacteria,Acidobacteriota,Blastocatellia,Pyrinomonadales,Pyrinomonadaceae,RB41,uncultured bacterium
seq5278,Bacteria,Actinobacteriota,Thermoleophilia,Solirubrobacterales,Solirubrobacteraceae,Solirubrobacter,uncultured bacterium
seq5279,Bacteria,Bacteroidota,Bacteroidia,Chitinophagales,Chitinophagaceae,Terrimonas,Terrimonas lutea
seq5280,Bacteria,Actinobacteriota,Thermoleophilia,Gaiellales,Gaiellaceae,Gaiella,uncultured bacterium
seq5281,Bacteria,Actinobacteriota,Rubrobacteria,Rubrobacterales,Rubrobacteriaceae,Rubrobacter,uncultured bacterium
seq5282,ML_predicted_Phylum: Planctomycetota,,,,,,
seq5283,ML_predicted_Phylum: Bacteroidota,,,,,,
seq5284,Archaea,Crenarchaeota,Nitrososphaeria,Nitrososphaerales,Nitrososphaeraceae,uncultured archaeon,
seq5285,ML_predicted_Phylum: Patescibacteria,,,,,,
seq5286,Bacteria,Myxococcota,Polyangia,Polyangiales,BIrii41,uncultured bacterium,
seq5287,Bacteria,Bacteroidota,Bacteroidia,Cytophagales,Microscillaceae,uncultured,uncultured bacterium
seq5288,Bacteria,Bacteroidota,Bacteroidia,Chitinophagales,Chitinophagaceae,Ferruginibacter,uncultured bacterium
seq5289,ML_predicted_Phylum: Verrucomicrobiota,,,,,,
seq5290,Bacteria,Acidobacteriota,Blastocatellia,Blastocatellales,Blastocatellaceae,Blastocatella,uncultured bacterium
seq5291,Bacteria,Verrucomicrobiota,Verrucomicrobiae,Pedosphaerales,Pedosphaeraceae,uncultured Verrucomicrobia bacterium,
seq5292,Bacteria,Chloroflexi,Anaerolineae,SBR1031,A4b,uncultured Caldilineaceae bacterium,
seq5293,Bacteria,Bacteroidota,Bacteroidia,Chitinophagales,Chitinophagaceae,Terrimonas,Terrimonas sp.
seq5294,Bacteria,Acidobacteriota,Blastocatellia,Pyrinomonadales,Pyrinomonadaceae,RB41,uncultured Acidobacteria bacterium
seq5295,Bacteria,Actinobacteriota,Acidimicrobiia,IMCC26256,uncultured bacterium,,
seq5296,Bacteria,Actinobacteriota,Thermoleophilia,uncultured,uncultured bacterium,,
seq5297,Bacteria,Acidobacteriota,Subgroup 22,uncultured bacterium,,,
seq5298,Bacteria,Actinobacteriota,Actinobacteria,Corynebacteriales,Mycobacteriaceae,Mycobacterium,actinomycete P011.UGM050509-01
seq5299,Bacteria,Bacteroidota,Bacteroidia,Chitinophagales,Chitinophagaceae,Segetibacter,uncultured bacterium
seq5300,Bacteria,Proteobacteria,Alphaproteobacteria,Rhizobiales,Rhizobiaceae,Phyllobacterium,Phyllobacterium myrsinacearum
seq5301,Bacteria,Gemmatimonadota,Gemmatimonadetes,Gemmatimonadales,Gemmatimonadaceae,uncultured,uncultured Alphaproteobacteria bacterium
seq5302,Bacteria,Planctomycetota,OM190,uncultured bacterium,,,
seq5303,Bacteria,Proteobacteria,Alphaproteobacteria,Rhizobiales,Xanthobacteraceae,Rhodoplanes,uncultured bacterium
seq5304,Bacteria,Acidobacteriota,Vicinamibacteria,Vicinamibacterales,Vicinamibacteraceae,uncultured bacterium,
seq5305,Bacteria,Proteobacteria,Gammaproteobacteria,Enterobacterales,Enterobacteriaceae,Enterobacter,Enterobacter cloacae
seq5306,Bacteria,Planctomycetota,Planctomycetes,Isosphaerales,Isosphaeraceae,uncultured,uncultured bacterium
seq5307,Bacteria,Proteobacteria,Gammaproteobacteria,Burkholderiales,Oxalobacteraceae,Noviherbaspirillum,uncultured bacterium
seq5308,ML_predicted_Phylum: Planctomycetota,,,,,,
seq5309,ML_predicted_Phylum: Bacteroidota,,,,,,
seq5310,Unclassified,,,,,,
seq5311,Bacteria,Actinobacteriota,Acidimicrobiia,Microtrichales,Ilumatobacteraceae,uncultured,uncultured bacterium
seq5312,Bacteria,Planctomycetota,Planctomycetes,Pirellulales,Pirellulaceae,Pirellula,uncultured bacterium
seq5313,Bacteria,Bacteroidota,Bacteroidia,Sphingobacteriales,Sphingobacteriaceae,Mucilaginibacter,Sphingobacterium-like sp. PC1.9
seq5314,Unclassified,,,,,,
seq5315,Bacteria,Cyanobacteria,Cyanobacteriia,Chloroplast,uncultured bacterium,,
seq5316,Bacteria,Armatimonadota,Fimbriimonadia,Fimbriimonadales,Fimbriimonadaceae,uncultured bacterium,
seq5317,Bacteria,Actinobacteriota,Thermoleophilia,Solirubrobacterales,67-14,uncultured Rubrobacterales bacterium,
seq5318,Unclassified,,,,,,
seq5319,Bacteria,WPS-2,metagenome,,,,
seq5320,Bacteria,Proteobacteria,Alphaproteobacteria,Rhizobiales,KF-JG30-B3,uncultured organism,
seq5321,ML_predicted_Phylum: Bacteroidota,,,,,,
seq5322,Bacteria,Proteobacteria,Alphaproteobacteria,Sphingomonadales,Sphingomonadaceae,Sphingomonas,uncultured bacterium
seq5323,Bacteria,Acidobacteriota,Holophagae,Subgroup 7,uncultured bacterium,,
seq5324,Bacteria,Actinobacteriota,Actinobacteria,Micromonosporales,Micromonosporaceae,Micromonospora,Micromonospora chaiyaphumensis
seq5325,Bacteria,Acidobacteriota,Blastocatellia,Blastocatellales,Blastocatellaceae,Stenotrophobacter,uncultured bacterium
seq5326,Bacteria,Actinobacteriota,MB-A2-108,uncultured bacterium,,,
seq5327,Bacteria,Actinobacteriota,Thermoleophilia,Gaiellales,uncultured,uncultured bacterium,
seq5328,Bacteria,Bacteroidota,Bacteroidia,Cytophagales,Microscillaceae,uncultured,uncultured bacterium
seq5329,Bacteria,Proteobacteria,Alphaproteobacteria,Dongiales,Dongiaceae,Dongia,uncultured Rhodospirillaceae bacterium
seq5330,Bacteria,Acidobacteriota,Blastocatellia,Blastocatellales,Blastocatellaceae,Stenotrophobacter,uncultured bacterium
seq5331,ML_predicted_Phylum: Patescibacteria,,,,,,
seq5332,Bacteria,Verrucomicrobiota,Verrucomicrobiae,Pedosphaerales,Pedosphaeraceae,uncultured bacterium,
seq5333,Bacteria,Verrucomicrobiota,Verrucomicrobiae,Pedosphaerales,Pedosphaeraceae,uncultured bacterium,
seq5334,ML_predicted_Phylum: Patescibacteria,,,,,,
seq5335,Bacteria,Planctomycetota,Planctomycetes,Pirellulales,Pirellulaceae,uncultured,metagenome
seq5336,Bacteria,Acidobacteriota,Subgroup 5,uncultured Acidobacteria bacterium,,,
seq5337,Bacteria,Patescibacteria,Saccharimonadia,Saccharimonadales,uncultured bacterium,,
seq5338,Bacteria,Proteobacteria,Gammaproteobacteria,Xanthomonadales,Rhodanobacteraceae,uncultured,uncultured Xanthomonadaceae bacterium
seq5339,Bacteria,Bacteroidota,Bacteroidia,Sphingobacteriales,Sphingobacteriaceae,Mucilaginibacter,Mucilaginibacter jinjuensis
seq5340,Bacteria,Chloroflexi,Anaerolineae,RBG-13-54-9,uncultured bacterium,,
seq5341,Bacteria,Patescibacteria,Saccharimonadia,Saccharimonadales,LWQ8,uncultured bacterium,
seq5342,ML_predicted_Phylum: Proteobacteria,,,,,,
seq5343,Bacteria,Proteobacteria,Alphaproteobacteria,Caulobacterales,Hyphomonadaceae,Hirschia,uncultured bacterium
seq5344,ML_predicted_Phylum: Actinobacteriota,,,,,,
seq5345,Bacteria,Verrucomicrobiota,Verrucomicrobiae,Pedosphaerales,Pedosphaeraceae,Ellin517,metagenome
seq5346,Bacteria,Bacteroidota,Bacteroidia,Chitinophagales,Chitinophagaceae,uncultured,uncultured bacterium
seq5347,Bacteria,Bacteroidota,Bacteroidia,Sphingobacteriales,env.OPS 17,uncultured bacterium,
seq5348,Bacteria,Verrucomicrobiota,Verrucomicrobiae,Pedosphaerales,Pedosphaeraceae,metagenome,
seq5349,Bacteria,Proteobacteria,Alphaproteobacteria,Rhizobiales,Devosiaceae,Devosia,Devosia confluentis
seq5350,Bacteria,Proteobacteria,Gammaproteobacteria,R7C24,metagenome,,
seq5351,Bacteria,Acidobacteriota,Blastocatellia,Pyrinomonadales,Pyrinomonadaceae,RB41,uncultured Acidobacteria bacterium
seq5352,Unclassified,,,,,,
seq5353,Bacteria,Acidobacteriota,Vicinamibacteria,Vicinamibacterales,Vicinamibacteraceae,uncultured bacterium,
seq5354,ML_predicted_Phylum: Acidobacteriota,,,,,,
seq5355,Unclassified,,,,,,
seq5356,Bacteria,Verrucomicrobiota,Verrucomicrobiae,Opitutales,Opitutaceae,Cephaloticoccus,uncultured bacterium
seq5357,Bacteria,Actinobacteriota,Actinobacteria,Frankiales,Frankiaceae,Frankia,Frankia sp. Cea5.1
seq5358,ML_predicted_Phylum: Proteobacteria,,,,,,
seq5359,Bacteria,Elusimicrobiota,Elusimicrobia,Lineage IV,uncultured Termite group 1 bacterium,,
seq5360,Bacteria,Bacteroidota,Bacteroidia,Chitinophagales,Chitinophagaceae,Edaphobaculum,uncultured bacterium
seq5361,Bacteria,Myxococcota,Polyangia,Haliangiales,Haliangiaceae,Haliangium,uncultured delta proteobacterium
seq5362,Bacteria,Actinobacteriota,Acidimicrobiia,Microtrichales,uncultured,uncultured bacterium,
seq5363,ML_predicted_Phylum: Verrucomicrobiota,,,,,,
seq5364,Bacteria,Myxococcota,Polyangia,Haliangiales,Haliangiaceae,Haliangium,uncultured bacterium
seq5365,Bacteria,Actinobacteriota,Thermoleophilia,Solirubrobacterales,67-14,uncultured Rubrobacteria bacterium,
seq5366,Bacteria,Actinobacteriota,Actinobacteria,Pseudonocardiales,Pseudonocardiaceae,Amycolatopsis,Amycolatopsis nigrescens CSC17Ta-90
seq5367,Bacteria,Actinobacteriota,Actinobacteria,Micrococcales,Micrococcaceae,Pseudarthrobacter,uncultured bacterium
seq5368,Bacteria,Acidobacteriota,Acidobacteriae,Solibacterales,Solibacteraceae,Candidatus Solibacter,metagenome
seq5369,Bacteria,Myxococcota,Polyangia,Polyangiales,Phaselicystidaceae,Phaselicystis,metagenome
seq5370,Bacteria,Bacteroidota,Bacteroidia,Cytophagales,Hymenobacteraceae,Adhaeribacter,Hymenobacter sp. 29F
seq5371,ML_predicted_Phylum: Verrucomicrobiota,,,,,,
seq5372,Bacteria,Bacteroidota,Bacteroidia,Cytophagales,Microscillaceae,uncultured,uncultured bacterium
seq5373,Bacteria,Actinobacteriota,Thermoleophilia,Gaiellales,uncultured,uncultured bacterium,
seq5374,Bacteria,Proteobacteria,Gammaproteobacteria,Steroidobacterales,Steroidobacteraceae,Steroidobacter,Steroidobacter denitrificans
seq5375,Bacteria,Actinobacteriota,Actinobacteria,Pseudonocardiales,Pseudonocardiaceae,Amycolatopsis,Amycolatopsis saalfeldensis
seq5376,Bacteria,Proteobacteria,Alphaproteobacteria,Micavibrionales,uncultured,uncultured bacterium,
seq5377,Bacteria,Acidobacteriota,Blastocatellia,Pyrinomonadales,Pyrinomonadaceae,RB41,uncultured bacterium
seq5378,Bacteria,Actinobacteriota,Rubrobacteria,Rubrobacterales,Rubrobacteriaceae,Rubrobacter,uncultured bacterium
seq5379,Bacteria,Proteobacteria,Gammaproteobacteria,Burkholderiales,SC-I-84,uncultured bacterium,
seq5380,Bacteria,Nitrospirota,Nitrospiria,Nitrospirales,Nitrospiraceae,Nitrospira,uncultured bacterium
seq5381,Bacteria,Acidobacteriota,Acidobacteriae,Bryobacterales,Bryobacteraceae,Bryobacter,uncultured Acidobacteria bacterium
seq5382,Bacteria,Bacteroidota,Bacteroidia,Chitinophagales,Chitinophagaceae,uncultured,uncultured Bacteroidetes bacterium
seq5383,Bacteria,Actinobacteriota,Actinobacteria,Frankiales,Sporichthyaceae,Sporichthya,metagenome
seq5384,Bacteria,Planctomycetota,Planctomycetes,uncultured,uncultured bacterium,,
seq5385,Bacteria,Bacteroidota,Bacteroidia,Chitinophagales,Chitinophagaceae,Ferruginibacter,uncultured soil bacterium
seq5386,Bacteria,Proteobacteria,Alphaproteobacteria,Rhizobiales,KF-JG30-B3,uncultured organism,
seq5387,Bacteria,Actinobacteriota,Actinobacteria,Micromonosporales,Micromonosporaceae,Catellatospora,Catellatospora sp. YIM 65268
seq5388,Bacteria,Proteobacteria,Alphaproteobacteria,Rhizobiales,Xanthobacteraceae,Variibacter,metagenome
seq5389,Unclassified,,,,,,
seq5390,Bacteria,Acidobacteriota,Acidobacteriae,Paludibaculum,uncultured bacterium,,
seq5391,Bacteria,Myxococcota,bacteriap25,uncultured bacterium,,,
seq5392,ML_predicted_Phylum: Patescibacteria,,,,,,
seq5393,Bacteria,Proteobacteria,Alphaproteobacteria,Sphingomonadales,Sphingomonadaceae,Sphingomonas,metagenome
seq5394,Bacteria,Acidobacteriota,Blastocatellia,Pyrinomonadales,Pyrinomonadaceae,RB41,uncultured bacterium
seq5395,Bacteria,Myxococcota,Polyangia,Polyangiales,Sandaracinaceae,uncultured,metagenome
seq5396,Bacteria,Bacteroidota,Bacteroidia,Chitinophagales,Chitinophagaceae,uncultured,uncultured bacterium
seq5397,Bacteria,Acidobacteriota,Blastocatellia,Blastocatellales,Blastocatellaceae,JGI 0001001-H03,uncultured soil bacterium
seq5398,Bacteria,Actinobacteriota,Thermoleophilia,Gaiellales,Gaiellaceae,Gaiella,uncultured bacterium
seq5399,Bacteria,Proteobacteria,Gammaproteobacteria,Burkholderiales,Comamonadaceae,Ramlibacter,uncultured bacterium
seq5400,Bacteria,Verrucomicrobiota,Verrucomicrobiae,Chthoniobacterales,Chthoniobacteraceae,Chthoniobacter,uncultured Verrucomicrobia bacterium
seq5401,Bacteria,Actinobacteriota,Thermoleophilia,Gaiellales,Gaiellaceae,Gaiella,uncultured bacterium
seq5402,Bacteria,Planctomycetota,Planctomycetes,Pirellulales,Pirellulaceae,Pirellula,uncultured bacterium
seq5403,Bacteria,Chloroflexi,Chloroflexia,Chloroflexales,Roseiflexaceae,uncultured,uncultured bacterium
seq5404,Unclassified,,,,,,
seq5405,Bacteria,Myxococcota,Myxococcia,Myxococcales,Myxococcaceae,P3OB-42,uncultured bacterium
seq5406,Bacteria,Myxococcota,Polyangia,Polyangiales,Sandaracinaceae,uncultured,uncultured bacterium
seq5407,ML_predicted_Phylum: Bacteroidota,,,,,,
seq5408,Bacteria,Actinobacteriota,Thermoleophilia,Solirubrobacterales,Solirubrobacteraceae,uncultured,uncultured actinobacterium
seq5409,Bacteria,Verrucomicrobiota,Verrucomicrobiae,Opitutales,Opitutaceae,Lacunisphaera,uncultured bacterium
seq5410,ML_predicted_Phylum: Proteobacteria,,,,,,
seq5411,Bacteria,Proteobacteria,Gammaproteobacteria,Burkholderiales,Oxalobacteraceae,Oxalicibacterium,uncultured bacterium
seq5412,Bacteria,Planctomycetota,Phycisphaerae,Tepidisphaerales,WD2101 soil group,uncultured bacterium,
seq5413,Bacteria,Planctomycetota,Planctomycetes,Isosphaerales,Isosphaeraceae,uncultured,uncultured planctomycete
seq5414,Archaea,Crenarchaeota,Nitrososphaeria,Nitrososphaerales,Nitrososphaeraceae,uncultured archaeon,
seq5415,Bacteria,Acidobacteriota,Blastocatellia,Blastocatellales,Blastocatellaceae,uncultured,uncultured Acidobacteria bacterium
seq5416,Bacteria,Actinobacteriota,Actinobacteria,Pseudonocardiales,Pseudonocardiaceae,Pseudonocardia,Pseudonocardia spinosa
seq5417,Unclassified,,,,,,
seq5418,Bacteria,Proteobacteria,Gammaproteobacteria,Burkholderiales,Nitrosomonadaceae,Ellin6067,uncultured bacterium
seq5419,Bacteria,Proteobacteria,Gammaproteobacteria,Xanthomonadales,Xanthomonadaceae,Pseudoxanthomonas,uncultured bacterium
seq5420,Bacteria,Proteobacteria,Gammaproteobacteria,Burkholderiales,B1-7BS,uncultured bacterium,
seq5421,Bacteria,Acidobacteriota,Blastocatellia,Blastocatellales,Blastocatellaceae,Blastocatella,uncultured bacterium
seq5422,Bacteria,Acidobacteriota,Blastocatellia,Pyrinomonadales,Pyrinomonadaceae,RB41,uncultured Acidobacteria bacterium
seq5423,ML_predicted_Phylum: Cyanobacteria,,,,,,
seq5424,Unclassified,,,,,,
seq5425,Bacteria,Actinobacteriota,Actinobacteria,Streptomycetales,Streptomycetaceae,Streptomyces,uncultured bacterium
seq5426,Bacteria,Acidobacteriota,Blastocatellia,Pyrinomonadales,Pyrinomonadaceae,RB41,uncultured bacterium
seq5427,Bacteria,Actinobacteriota,Actinobacteria,Propionibacteriales,Nocardioidaceae,Nocardioides,uncultured bacterium
seq5428,Bacteria,Planctomycetota,Phycisphaerae,Phycisphaerales,Phycisphaeraceae,SM1A02,uncultured bacterium
seq5429,Bacteria,Verrucomicrobiota,Verrucomicrobiae,Pedosphaerales,Pedosphaeraceae,uncultured bacterium,
seq5430,Bacteria,Actinobacteriota,Thermoleophilia,Solirubrobacterales,Solirubrobacteraceae,Solirubrobacter,uncultured bacterium
seq5431,Bacteria,Myxococcota,Polyangia,mle1-27,uncultured delta proteobacterium,,
seq5432,Bacteria,Verrucomicrobiota,Verrucomicrobiae,Verrucomicrobiales,Verrucomicrobiaceae,uncultured,uncultured verrucomicrobium DEV006
seq5433,Bacteria,Bacteroidota,Bacteroidia,Sphingobacteriales,Sphingobacteriaceae,uncultured,uncultured bacterium
seq5434,Bacteria,Elusimicrobiota,Lineage IIa,uncultured soil bacterium,,,
seq5435,Bacteria,Verrucomicrobiota,Verrucomicrobiae,Pedosphaerales,Pedosphaeraceae,uncultured bacterium,
seq5436,Bacteria,Bacteroidota,Bacteroidia,Sphingobacteriales,NS11-12 marine group,metagenome,
seq5437,Bacteria,Proteobacteria,Alphaproteobacteria,Rhizobiales,Xanthobacteraceae,uncultured,uncultured bacterium
seq5438,Bacteria,Bdellovibrionota,Bdellovibrionia,Bdellovibrionales,Bdellovibrionaceae,OM27 clade,uncultured bacterium
seq5439,Bacteria,Verrucomicrobiota,Verrucomicrobiae,Chthoniobacterales,Chthoniobacteraceae,Candidatus Udaeobacter,uncultured bacterium
seq5440,Bacteria,Verrucomicrobiota,Verrucomicrobiae,Pedosphaerales,Pedosphaeraceae,uncultured,uncultured bacterium
seq5441,Bacteria,Chloroflexi,Anaerolineae,Anaerolineales,Anaerolineaceae,uncultured,uncultured soil bacterium
seq5442,Bacteria,Acidobacteriota,Blastocatellia,Pyrinomonadales,Pyrinomonadaceae,RB41,uncultured Acidobacteriaceae bacterium
seq5443,Bacteria,Planctomycetota,Phycisphaerae,Tepidisphaerales,WD2101 soil group,uncultured bacterium,
seq5444,Bacteria,Sumerlaeota,Sumerlaeia,Sumerlaeales,Sumerlaeaceae,Sumerlaea,uncultured bacterium
seq5445,Bacteria,Acidobacteriota,Blastocatellia,Pyrinomonadales,Pyrinomonadaceae,RB41,uncultured bacterium
seq5446,Bacteria,Bacteroidota,Bacteroidia,Chitinophagales,Chitinophagaceae,Dinghuibacter,uncultured bacterium
seq5447,Bacteria,Proteobacteria,Alphaproteobacteria,Tistrellales,Geminicoccaceae,Candidatus Alysiosphaera,uncultured bacterium
seq5448,Bacteria,Acidobacteriota,Blastocatellia,Pyrinomonadales,Pyrinomonadaceae,RB41,uncultured Acidobacteria bacterium
seq5449,Unclassified,,,,,,
seq5450,Bacteria,Actinobacteriota,Thermoleophilia,Gaiellales,uncultured,uncultured bacterium,
seq5451,Bacteria,Bacteroidota,Bacteroidia,Chitinophagales,Chitinophagaceae,uncultured,uncultured Chitinophagaceae bacterium
seq5452,Bacteria,Planctomycetota,Planctomycetes,Gemmatales,Gemmataceae,uncultured,uncultured bacterium
seq5453,ML_predicted_Phylum: Acidobacteriota,,,,,,
seq5454,Bacteria,Bacteroidota,Bacteroidia,Sphingobacteriales,env.OPS 17,uncultured bacterium,
seq5455,Bacteria,Planctomycetota,Planctomycetes,Pirellulales,Pirellulaceae,uncultured,uncultured bacterium
seq5456,Bacteria,Proteobacteria,Gammaproteobacteria,Burkholderiales,TRA3-20,metagenome,
seq5457,Bacteria,Verrucomicrobiota,Verrucomicrobiae,Chthoniobacterales,Chthoniobacteraceae,Candidatus Udaeobacter,uncultured Spartobacteria bacterium
seq5458,Bacteria,Acidobacteriota,Blastocatellia,Pyrinomonadales,Pyrinomonadaceae,RB41,uncultured Acidobacteria bacterium
seq5459,Bacteria,Proteobacteria,Gammaproteobacteria,Burkholderiales,Nitrosomonadaceae,MND1,uncultured bacterium
seq5460,Bacteria,Proteobacteria,Gammaproteobacteria,Burkholderiales,TRA3-20,uncultured bacterium,
seq5461,Bacteria,Verrucomicrobiota,Verrucomicrobiae,Pedosphaerales,Pedosphaeraceae,uncultured bacterium,
seq5462,Bacteria,Proteobacteria,Alphaproteobacteria,Sphingomonadales,Sphingomonadaceae,Blastomonas,Blastomonas aquatica
seq5463,Bacteria,Bacteroidota,Bacteroidia,Chitinophagales,37-13,uncultured prokaryote,
seq5464,Bacteria,Actinobacteriota,Thermoleophilia,Solirubrobacterales,Solirubrobacteraceae,uncultured Rubrobacteria bacterium,
seq5465,Bacteria,Proteobacteria,Gammaproteobacteria,Pseudomonadales,Pseudomonadaceae,Pseudomonas,Pseudomonas stutzeri
seq5466,Bacteria,Proteobacteria,Alphaproteobacteria,Rhizobiales,Devosiaceae,Arsenicitalea,Devosia sp. Bma11
seq5467,Bacteria,Planctomycetota,Phycisphaerae,Tepidisphaerales,WD2101 soil group,uncultured planctomycete,
seq5468,ML_predicted_Phylum: Patescibacteria,,,,,,
seq5469,ML_predicted_Phylum: Patescibacteria,,,,,,
seq5470,Bacteria,Planctomycetota,Planctomycetes,Isosphaerales,Isosphaeraceae,uncultured,uncultured bacterium
seq5471,Bacteria,Proteobacteria,Alphaproteobacteria,Rhizobiales,Xanthobacteraceae,uncultured,uncultured soil bacterium
seq5472,Bacteria,Acidobacteriota,Vicinamibacteria,Vicinamibacterales,Vicinamibacteraceae,uncultured bacterium,
seq5473,Bacteria,Actinobacteriota,Acidimicrobiia,IMCC26256,uncultured bacterium,,
seq5474,Bacteria,Bacteroidota,Bacteroidia,Sphingobacteriales,NS11-12 marine group,uncultured bacterium,
seq5475,Bacteria,Acidobacteriota,Thermoanaerobaculia,Thermoanaerobaculales,Thermoanaerobaculaceae,Subgroup 10,uncultured bacterium
seq5476,Bacteria,Bacteroidota,Bacteroidia,Cytophagales,Microscillaceae,Ohtaekwangia,uncultured bacterium
seq5477,Bacteria,Verrucomicrobiota,Omnitrophia,Omnitrophales,uncultured bacterium,,
seq5478,Bacteria,Verrucomicrobiota,Verrucomicrobiae,Chthoniobacterales,Chthoniobacteraceae,Chthoniobacter,uncultured bacterium
seq5479,Bacteria,Proteobacteria,Alphaproteobacteria,Rhizobiales,KF-JG30-B3,uncultured bacterium,
seq5480,Unclassified,,,,,,
seq5481,Bacteria,Acidobacteriota,Blastocatellia,Pyrinomonadales,Pyrinomonadaceae,RB41,uncultured bacterium
seq5482,ML_predicted_Phylum: Bacteroidota,,,,,,
seq5483,Archaea,Crenarchaeota,Nitrososphaeria,Nitrososphaerales,Nitrososphaeraceae,uncultured archaeon,
seq5484,Bacteria,Actinobacteriota,Actinobacteria,0319-7L14,uncultured actinobacterium,,
seq5485,Bacteria,Acidobacteriota,Blastocatellia,Pyrinomonadales,Pyrinomonadaceae,RB41,uncultured Acidobacteria bacterium
seq5486,ML_predicted_Phylum: Proteobacteria,,,,,,
seq5487,Bacteria,Proteobacteria,Alphaproteobacteria,Rickettsiales,SM2D12,uncultured bacterium,
seq5488,Bacteria,Planctomycetota,Planctomycetes,Gemmatales,Gemmataceae,uncultured,uncultured bacterium
seq5489,Bacteria,Patescibacteria,Saccharimonadia,Saccharimonadales,LWQ8,uncultured bacterium,
seq5490,ML_predicted_Phylum: Planctomycetota,,,,,,
seq5491,Bacteria,Actinobacteriota,Thermoleophilia,Gaiellales,Gaiellaceae,Gaiella,uncultured bacterium
seq5492,Bacteria,Acidobacteriota,Vicinamibacteria,Vicinamibacterales,Vicinamibacteraceae,uncultured bacterium,
seq5493,Bacteria,Nitrospirota,Nitrospiria,Nitrospirales,Nitrospiraceae,Nitrospira,uncultured bacterium
seq5494,Bacteria,Proteobacteria,Alphaproteobacteria,Rhizobiales,Hyphomicrobiaceae,Pedomicrobium,uncultured bacterium
seq5495,Bacteria,Proteobacteria,Alphaproteobacteria,Dongiales,Dongiaceae,Dongia,uncultured bacterium
seq5496,ML_predicted_Phylum: Myxococcota,,,,,,
seq5497,Bacteria,Actinobacteriota,Thermoleophilia,Solirubrobacterales,67-14,uncultured bacterium,
seq5498,Bacteria,Chloroflexi,Gitt-GS-136,uncultured bacterium,,,
seq5499,Bacteria,Acidobacteriota,Blastocatellia,Pyrinomonadales,Pyrinomonadaceae,RB41,uncultivated soil bacterium clone S023
seq5500,Bacteria,Proteobacteria,Alphaproteobacteria,Sphingomonadales,Sphingomonadaceae,Altererythrobacter,uncultured bacterium
seq5501,Bacteria,Acidobacteriota,Vicinamibacteria,Vicinamibacterales,uncultured,uncultured bacterium,
seq5502,Bacteria,Verrucomicrobiota,Verrucomicrobiae,Chthoniobacterales,Xiphinematobacteraceae,Candidatus Xiphinematobacter,uncultured bacterium
seq5503,Bacteria,Planctomycetota,Planctomycetes,Pirellulales,Pirellulaceae,uncultured,uncultured bacterium
seq5504,Bacteria,Verrucomicrobiota,Verrucomicrobiae,Pedosphaerales,Pedosphaeraceae,uncultured soil bacterium,
seq5505,Bacteria,Actinobacteriota,Thermoleophilia,Solirubrobacterales,67-14,uncultured bacterium,
seq5506,Unclassified,,,,,,
seq5507,Bacteria,Planctomycetota,Planctomycetes,Gemmatales,Gemmataceae,Fimbriiglobus,uncultured bacterium
seq5508,ML_predicted_Phylum: Planctomycetota,,,,,,
seq5509,Bacteria,Acidobacteriota,Blastocatellia,Pyrinomonadales,Pyrinomonadaceae,RB41,uncultured bacterium
seq5510,Bacteria,Actinobacteriota,Rubrobacteria,Rubrobacterales,Rubrobacteriaceae,Rubrobacter,uncultured bacterium
seq5511,Archaea,Crenarchaeota,Nitrososphaeria,Nitrososphaerales,Nitrososphaeraceae,uncultured crenarchaeote,
seq5512,Bacteria,Verrucomicrobiota,Verrucomicrobiae,Pedosphaerales,Pedosphaeraceae,uncultured Verrucomicrobia bacterium,
seq5513,Bacteria,RCP2-54,uncultured bacterium,,,,
seq5514,Bacteria,Proteobacteria,Gammaproteobacteria,Burkholderiales,Nitrosomonadaceae,Ellin6067,uncultured soil bacterium
seq5515,Bacteria,Actinobacteriota,Thermoleophilia,Solirubrobacterales,67-14,uncultured actinobacterium,
seq5516,Bacteria,Actinobacteriota,Thermoleophilia,Solirubrobacterales,Solirubrobacteraceae,Conexibacter,uncultured bacterium
seq5517,Bacteria,Acidobacteriota,Blastocatellia,Pyrinomonadales,Pyrinomonadaceae,RB41,uncultured Acidobacteria bacterium
seq5518,Bacteria,Cyanobacteria,Cyanobacteriia,Chloroplast,Neocystis brevis,,
seq5519,Bacteria,Proteobacteria,Alphaproteobacteria,Rhizobiales,Rhizobiaceae,Mesorhizobium,Mesorhizobium gobiense
seq5520,Bacteria,Actinobacteriota,Actinobacteria,Pseudonocardiales,Pseudonocardiaceae,Amycolatopsis,uncultured bacterium
seq5521,Bacteria,Actinobacteriota,Actinobacteria,Propionibacteriales,Nocardioidaceae,Kribbella,Kribbella sp. L1B02
seq5522,Bacteria,Planctomycetota,Planctomycetes,Gemmatales,Gemmataceae,uncultured,uncultured bacterium
seq5523,Bacteria,Bacteroidota,Bacteroidia,Chitinophagales,Chitinophagaceae,uncultured,uncultured Bacteroidetes bacterium
seq5524,Bacteria,Proteobacteria,Gammaproteobacteria,Burkholderiales,TRA3-20,uncultured bacterium,
seq5525,Bacteria,Actinobacteriota,Acidimicrobiia,Microtrichales,Iamiaceae,Iamia,uncultured bacterium
seq5526,Bacteria,Planctomycetota,Phycisphaerae,Tepidisphaerales,WD2101 soil group,uncultured bacterium,
seq5527,Bacteria,Acidobacteriota,Blastocatellia,Pyrinomonadales,Pyrinomonadaceae,RB41,uncultured Acidobacteriaceae bacterium
seq5528,Bacteria,Bacteroidota,Bacteroidia,Chitinophagales,Chitinophagaceae,Ferruginibacter,Sphingobacteriaceae bacterium enrichment culture clone hao06
seq5529,Bacteria,Proteobacteria,Alphaproteobacteria,Rhizobiales,Xanthobacteraceae,uncultured,uncultured bacterium
seq5530,Bacteria,Actinobacteriota,Acidimicrobiia,Microtrichales,uncultured,uncultured bacterium,
seq5531,Bacteria,Actinobacteriota,Actinobacteria,Pseudonocardiales,Pseudonocardiaceae,Saccharopolyspora,Saccharopolyspora subtropica
seq5532,Bacteria,Planctomycetota,Phycisphaerae,Tepidisphaerales,WD2101 soil group,uncultured bacterium,
seq5533,Bacteria,Bacteroidota,Bacteroidia,Chitinophagales,Chitinophagaceae,Taibaiella,metagenome
seq5534,Unclassified,,,,,,
seq5535,Bacteria,Verrucomicrobiota,Verrucomicrobiae,Chthoniobacterales,Chthoniobacteraceae,Chthoniobacter,uncultured bacterium
seq5536,Bacteria,Bacteroidota,Bacteroidia,Chitinophagales,Chitinophagaceae,Ferruginibacter,uncultured bacterium
seq5537,Bacteria,Bacteroidota,Bacteroidia,Chitinophagales,Chitinophagaceae,Puia,metagenome
seq5538,Bacteria,Bacteroidota,Bacteroidia,Sphingobacteriales,KD3-93,metagenome,
seq5539,Unclassified,,,,,,
seq5540,Bacteria,Verrucomicrobiota,Verrucomicrobiae,Chthoniobacterales,Chthoniobacteraceae,Candidatus Udaeobacter,uncultured bacterium
seq5541,Bacteria,Verrucomicrobiota,Verrucomicrobiae,Opitutales,Opitutaceae,uncultured,metagenome
seq5542,Bacteria,Planctomycetota,Phycisphaerae,Tepidisphaerales,WD2101 soil group,uncultured bacterium,
seq5543,ML_predicted_Phylum: Actinobacteriota,,,,,,
seq5544,Bacteria,Bacteroidota,Bacteroidia,Cytophagales,Microscillaceae,uncultured,uncultured bacterium
seq5545,Bacteria,Actinobacteriota,Acidimicrobiia,Microtrichales,Ilumatobacteraceae,uncultured,uncultured bacterium
seq5546,Bacteria,Bacteroidota,Bacteroidia,Bacteroidales,Bacteroidaceae,Bacteroides,uncultured bacterium
seq5547,ML_predicted_Phylum: Patescibacteria,,,,,,
seq5548,Bacteria,Patescibacteria,Saccharimonadia,Saccharimonadales,uncultured Candidatus Saccharibacteria bacterium,,
seq5549,Bacteria,Chloroflexi,KD4-96,uncultured Longilinea sp.,,,
seq5550,Bacteria,Planctomycetota,Planctomycetes,Planctomycetales,Rubinisphaeraceae,SH-PL14,uncultured bacterium
seq5551,Bacteria,Planctomycetota,Planctomycetes,Pirellulales,Pirellulaceae,Pirellula,uncultured bacterium
seq5552,Bacteria,Proteobacteria,Gammaproteobacteria,Burkholderiales,Comamonadaceae,Variovorax,Variovorax soli
seq5553,Bacteria,Chloroflexi,Anaerolineae,SBR1031,A4b,uncultured bacterium,
seq5554,ML_predicted_Phylum: Verrucomicrobiota,,,,,,
seq5555,Bacteria,Gemmatimonadota,Gemmatimonadetes,Gemmatimonadales,Gemmatimonadaceae,Gemmatimonas,uncultured bacterium
seq5556,Bacteria,Acidobacteriota,Blastocatellia,Pyrinomonadales,Pyrinomonadaceae,RB41,uncultured Acidobacteria bacterium
seq5557,Bacteria,Acidobacteriota,Acidobacteriae,Acidobacteriales,uncultured,uncultured Acidobacteria bacterium,
seq5558,Bacteria,Bacteroidota,Bacteroidia,Chitinophagales,Chitinophagaceae,Ferruginibacter,uncultured bacterium
seq5559,Bacteria,Planctomycetota,Planctomycetes,Gemmatales,Gemmataceae,uncultured,uncultured bacterium
seq5560,Bacteria,Actinobacteriota,Acidimicrobiia,Microtrichales,Ilumatobacteraceae,uncultured,uncultured bacterium
seq5561,Bacteria,Actinobacteriota,Actinobacteria,Streptomycetales,Streptomycetaceae,Streptomyces,Streptomyces sp. TRM46399
seq5562,Bacteria,Acidobacteriota,Vicinamibacteria,Vicinamibacterales,Vicinamibacteraceae,uncultured Acidobacteria bacterium,
seq5563,Bacteria,Actinobacteriota,Acidimicrobiia,Microtrichales,uncultured,uncultured bacterium,
seq5564,Bacteria,Actinobacteriota,Actinobacteria,Streptomycetales,Streptomycetaceae,Streptomyces,Streptomyces ossamyceticus
seq5565,Bacteria,Proteobacteria,Alphaproteobacteria,Rhizobiales,Beijerinckiaceae,Microvirga,uncultured bacterium
seq5566,Bacteria,Acidobacteriota,Blastocatellia,Pyrinomonadales,Pyrinomonadaceae,RB41,uncultured bacterium
seq5567,Bacteria,Proteobacteria,Alphaproteobacteria,Micropepsales,Micropepsaceae,uncultured,uncultured bacterium
seq5568,Bacteria,Bacteroidota,Bacteroidia,Cytophagales,Microscillaceae,uncultured,uncultured bacterium
seq5569,Bacteria,Proteobacteria,Alphaproteobacteria,Caulobacterales,Caulobacteraceae,uncultured,uncultured bacterium
seq5570,Bacteria,Proteobacteria,Gammaproteobacteria,Burkholderiales,TRA3-20,uncultured bacterium,
seq5571,Bacteria,Planctomycetota,Planctomycetes,Gemmatales,Gemmataceae,Gemmata,uncultured bacterium
seq5572,Bacteria,Actinobacteriota,Actinobacteria,Micrococcales,Microbacteriaceae,Agromyces,Agromyces ramosus
seq5573,Bacteria,Acidobacteriota,Blastocatellia,Blastocatellales,Blastocatellaceae,Blastocatella,uncultured bacterium
seq5574,Bacteria,Bacteroidota,Bacteroidia,Chitinophagales,Chitinophagaceae,uncultured,uncultured bacterium
seq5575,Bacteria,Verrucomicrobiota,Verrucomicrobiae,Chthoniobacterales,Chthoniobacteraceae,Candidatus Udaeobacter,uncultured bacterium
seq5576,Bacteria,Proteobacteria,Gammaproteobacteria,Burkholderiales,TRA3-20,uncultured soil bacterium,
seq5577,Bacteria,Actinobacteriota,Acidimicrobiia,IMCC26256,uncultured bacterium,,
seq5578,Bacteria,Myxococcota,Polyangia,Polyangiales,Polyangiaceae,Pajaroellobacter,uncultured bacterium
seq5579,Archaea,Crenarchaeota,Nitrososphaeria,Nitrososphaerales,Nitrososphaeraceae,uncultured crenarchaeote,
seq5580,Bacteria,Planctomycetota,Phycisphaerae,Tepidisphaerales,WD2101 soil group,uncultured bacterium,
seq5581,Bacteria,Acidobacteriota,Vicinamibacteria,Vicinamibacterales,uncultured,uncultured bacterium,
seq5582,Bacteria,Verrucomicrobiota,Verrucomicrobiae,Pedosphaerales,Pedosphaeraceae,uncultured Verrucomicrobia bacterium,
seq5583,Bacteria,Actinobacteriota,Acidimicrobiia,Microtrichales,Iamiaceae,Iamia,metagenome
seq5584,Bacteria,Chloroflexi,Dehalococcoidia,S085,uncultured bacterium,,
seq5585,Bacteria,Patescibacteria,Saccharimonadia,Saccharimonadales,Saccharimonadaceae,TM7a,uncultured bacterium
seq5586,Bacteria,Actinobacteriota,Actinobacteria,Frankiales,Sporichthyaceae,hgcI clade,uncultured bacterium
seq5587,Bacteria,Proteobacteria,Gammaproteobacteria,Burkholderiales,TRA3-20,uncultured bacterium,
seq5588,Bacteria,Proteobacteria,Alphaproteobacteria,uncultured,uncultured soil bacterium,,
seq5589,Bacteria,Patescibacteria,Saccharimonadia,Saccharimonadales,uncultured bacterium,,
seq5590,Bacteria,Planctomycetota,Planctomycetes,Gemmatales,Gemmataceae,uncultured,uncultured bacterium
seq5591,Bacteria,Verrucomicrobiota,Verrucomicrobiae,Pedosphaerales,Pedosphaeraceae,uncultured bacterium,
seq5592,Bacteria,Acidobacteriota,Vicinamibacteria,Vicinamibacterales,uncultured,uncultured bacterium,
seq5593,Bacteria,Armatimonadota,Armatimonadia,Armatimonadales,metagenome,,
seq5594,Bacteria,Patescibacteria,Parcubacteria,uncultured bacterium,,,
seq5595,Bacteria,Proteobacteria,Gammaproteobacteria,Gammaproteobacteria Incertae Sedis,Unknown Family,Acidibacter,uncultured gamma proteobacterium
seq5596,Bacteria,Planctomycetota,OM190,uncultured bacterium,,,
seq5597,Bacteria,Verrucomicrobiota,Verrucomicrobiae,Pedosphaerales,Pedosphaeraceae,uncultured bacterium,
seq5598,Bacteria,Bacteroidota,Bacteroidia,Chitinophagales,Chitinophagaceae,Chitinophaga,uncultured Flavisolibacter sp.
seq5599,Bacteria,Proteobacteria,Alphaproteobacteria,Sphingomonadales,Sphingomonadaceae,Sphingomonas,Sphingomonas sp. TrD23
seq5600,Unclassified,,,,,,
seq5601,Bacteria,Bacteroidota,Bacteroidia,Chitinophagales,Chitinophagaceae,Niastella,uncultured bacterium
seq5602,Bacteria,Acidobacteriota,Vicinamibacteria,Vicinamibacterales,uncultured,uncultured Acidobacteria bacterium,
seq5603,Bacteria,Bacteroidota,Bacteroidia,Flavobacteriales,Flavobacteriaceae,Flavobacterium,uncultured bacterium
seq5604,ML_predicted_Phylum: Patescibacteria,,,,,,
seq5605,Bacteria,Myxococcota,bacteriap25,uncultured bacterium,,,
seq5606,Bacteria,Planctomycetota,Phycisphaerae,Tepidisphaerales,WD2101 soil group,uncultured bacterium,
seq5607,Bacteria,Bdellovibrionota,Oligoflexia,0319-6G20,uncultured bacterium,,
seq5608,Bacteria,Actinobacteriota,Thermoleophilia,Solirubrobacterales,67-14,uncultured Rubrobacteria bacterium,
seq5609,ML_predicted_Phylum: Bacteroidota,,,,,,
seq5610,Bacteria,Actinobacteriota,Thermoleophilia,Gaiellales,uncultured,uncultured bacterium,
seq5611,ML_predicted_Phylum: Bacteroidota,,,,,,
seq5612,Bacteria,Chloroflexi,Chloroflexia,Kallotenuales,AKIW781,uncultured bacterium,
seq5613,Bacteria,Planctomycetota,Planctomycetes,Gemmatales,Gemmataceae,uncultured,metagenome
seq5614,ML_predicted_Phylum: Planctomycetota,,,,,,
seq5615,Bacteria,Firmicutes,Bacilli,Bacillales,Planococcaceae,Domibacillus,Domibacillus tundrae
seq5616,Bacteria,Acidobacteriota,Vicinamibacteria,Vicinamibacterales,Vicinamibacteraceae,uncultured bacterium,
seq5617,Unclassified,,,,,,
seq5618,Bacteria,Bacteroidota,Bacteroidia,Chitinophagales,Chitinophagaceae,Ferruginibacter,uncultured bacterium
seq5619,ML_predicted_Phylum: Planctomycetota,,,,,,
seq5620,ML_predicted_Phylum: Proteobacteria,,,,,,
seq5621,Bacteria,Latescibacterota,uncultured Latescibacteria bacterium,,,,
seq5622,Bacteria,Planctomycetota,Planctomycetes,Isosphaerales,Isosphaeraceae,uncultured,uncultured bacterium
seq5623,Bacteria,Acidobacteriota,Acidobacteriae,Bryobacterales,Bryobacteraceae,Bryobacter,uncultured bacterium
seq5624,Bacteria,Bacteroidota,Bacteroidia,Chitinophagales,Chitinophagaceae,Edaphobaculum,uncultured bacterium
seq5625,Bacteria,Chloroflexi,Chloroflexia,Thermomicrobiales,JG30-KF-CM45,uncultured bacterium,
seq5626,ML_predicted_Phylum: Patescibacteria,,,,,,
seq5627,Archaea,Crenarchaeota,Nitrososphaeria,Nitrososphaerales,Nitrososphaeraceae,uncultured archaeon,
seq5628,Bacteria,Actinobacteriota,Acidimicrobiia,uncultured,uncultured Actinomycetales bacterium,,
seq5629,ML_predicted_Phylum: Patescibacteria,,,,,,
seq5630,ML_predicted_Phylum: Patescibacteria,,,,,,
seq5631,Bacteria,Proteobacteria,Gammaproteobacteria,Burkholderiales,SC-I-84,uncultured bacterium,
seq5632,ML_predicted_Phylum: Bacteroidota,,,,,,
seq5633,Bacteria,Patescibacteria,Saccharimonadia,Saccharimonadales,uncultured bacterium,,
seq5634,Unclassified,,,,,,
seq5635,Unclassified,,,,,,
seq5636,Bacteria,Planctomycetota,Planctomycetes,Pirellulales,Pirellulaceae,Pirellula,uncultured bacterium
seq5637,Archaea,Crenarchaeota,Nitrososphaeria,Nitrososphaerales,Nitrososphaeraceae,uncultured crenarchaeote,
seq5638,ML_predicted_Phylum: Bacteroidota,,,,,,
seq5639,Bacteria,Acidobacteriota,Vicinamibacteria,Vicinamibacterales,Vicinamibacteraceae,uncultured Acidobacteria bacterium,
seq5640,Unclassified,,,,,,
seq5641,Bacteria,Verrucomicrobiota,Verrucomicrobiae,Chthoniobacterales,Chthoniobacteraceae,Chthoniobacter,uncultured bacterium
seq5642,Bacteria,Acidobacteriota,Vicinamibacteria,Vicinamibacterales,Vicinamibacteraceae,uncultured Acidobacteria bacterium,
seq5643,Bacteria,Proteobacteria,Alphaproteobacteria,Sphingomonadales,Sphingomonadaceae,Sphingomonas,uncultured bacterium
seq5644,ML_predicted_Phylum: Patescibacteria,,,,,,
seq5645,Bacteria,Verrucomicrobiota,Verrucomicrobiae,Pedosphaerales,Pedosphaeraceae,uncultured,metagenome
seq5646,Bacteria,Acidobacteriota,Blastocatellia,11-24,uncultured Acidobacteria bacterium,,
seq5647,Bacteria,Bacteroidota,Bacteroidia,Cytophagales,Microscillaceae,Chryseolinea,uncultured bacterium
seq5648,Bacteria,Acidobacteriota,Blastocatellia,Pyrinomonadales,Pyrinomonadaceae,RB41,uncultured Acidobacteria bacterium
seq5649,Bacteria,Bacteroidota,Bacteroidia,Chitinophagales,Chitinophagaceae,uncultured,uncultured bacterium
seq5650,Bacteria,Proteobacteria,Alphaproteobacteria,Azospirillales,Azospirillaceae,Skermanella,uncultured bacterium
seq5651,Bacteria,Verrucomicrobiota,Verrucomicrobiae,Chthoniobacterales,Chthoniobacteraceae,Candidatus Udaeobacter,uncultured bacterium
seq5652,Bacteria,Proteobacteria,Alphaproteobacteria,Acetobacterales,Acetobacteraceae,Endobacter,uncultured bacterium
seq5653,Bacteria,Actinobacteriota,Acidimicrobiia,Microtrichales,uncultured,uncultured bacterium,
seq5654,Bacteria,Proteobacteria,Alphaproteobacteria,Sphingomonadales,Sphingomonadaceae,Sphingomonas,uncultured Alphaproteobacteria bacterium
seq5655,Bacteria,Proteobacteria,Gammaproteobacteria,Burkholderiales,SC-I-84,uncultured bacterium,
seq5656,Bacteria,Cyanobacteria,Cyanobacteriia,Chloroplast,uncultured bacterium,,
seq5657,Bacteria,Actinobacteriota,Rubrobacteria,Rubrobacterales,Rubrobacteriaceae,Rubrobacter,metagenome
seq5658,ML_predicted_Phylum: Bacteroidota,,,,,,
seq5659,Bacteria,Bacteroidota,Bacteroidia,Chitinophagales,Chitinophagaceae,Edaphobaculum,uncultured Bacteroidetes bacterium
seq5660,Archaea,Crenarchaeota,Nitrososphaeria,Nitrososphaerales,Nitrososphaeraceae,uncultured archaeon,
seq5661,ML_predicted_Phylum: Actinobacteriota,,,,,,
seq5662,Bacteria,Cyanobacteria,Cyanobacteriia,Synechococcales,Cyanobiaceae,Cyanobium PCC-6307,Microcystis elabens
seq5663,ML_predicted_Phylum: Proteobacteria,,,,,,
seq5664,Bacteria,Acidobacteriota,Vicinamibacteria,Vicinamibacterales,uncultured,uncultured Acidobacteria bacterium,
seq5665,Bacteria,Chloroflexi,Anaerolineae,Caldilineales,Caldilineaceae,uncultured,uncultured bacterium
seq5666,Bacteria,Proteobacteria,Gammaproteobacteria,Burkholderiales,Comamonadaceae,Variovorax,Variovorax sp. Po17e
seq5667,Bacteria,Patescibacteria,Saccharimonadia,Saccharimonadales,uncultured bacterium,,
seq5668,Bacteria,Actinobacteriota,Acidimicrobiia,uncultured,uncultured bacterium,,
seq5669,Bacteria,Chloroflexi,Dehalococcoidia,S085,metagenome,,
seq5670,Bacteria,Acidobacteriota,Acidobacteriae,Bryobacterales,Bryobacteraceae,Bryobacter,metagenome
seq5671,Bacteria,Actinobacteriota,Actinobacteria,Frankiales,uncultured bacterium,,
seq5672,Bacteria,Actinobacteriota,Thermoleophilia,uncultured,uncultured bacterium,,
seq5673,Bacteria,Bacteroidota,Bacteroidia,Sphingobacteriales,NS11-12 marine group,uncultured bacterium,
seq5674,Bacteria,Planctomycetota,Planctomycetes,Pirellulales,Pirellulaceae,uncultured,metagenome
seq5675,Bacteria,Planctomycetota,Planctomycetes,Gemmatales,Gemmataceae,uncultured,uncultured bacterium
seq5676,Bacteria,Planctomycetota,Phycisphaerae,Tepidisphaerales,WD2101 soil group,uncultured planctomycete,
seq5677,Bacteria,Bacteroidota,Bacteroidia,Sphingobacteriales,AKYH767,uncultured bacterium,
seq5678,Bacteria,Bdellovibrionota,Bdellovibrionia,Bdellovibrionales,Bdellovibrionaceae,Bdellovibrio,uncultured bacterium
seq5679,Bacteria,Acidobacteriota,Vicinamibacteria,Vicinamibacterales,uncultured,uncultured bacterium,
seq5680,Bacteria,Bacteroidota,Bacteroidia,Chitinophagales,Chitinophagaceae,Flavisolibacter,uncultured Bacteroidetes bacterium
seq5681,Bacteria,Actinobacteriota,Thermoleophilia,Solirubrobacterales,67-14,uncultured actinobacterium,
seq5682,Bacteria,Acidobacteriota,Vicinamibacteria,Vicinamibacterales,uncultured,uncultured soil bacterium,
seq5683,Bacteria,Acidobacteriota,Holophagae,Subgroup 7,uncultured bacterium,,
seq5684,Bacteria,Bacteroidota,Bacteroidia,Cytophagales,Microscillaceae,uncultured,uncultured bacterium
seq5685,Bacteria,Verrucomicrobiota,Verrucomicrobiae,Verrucomicrobiales,Verrucomicrobiaceae,Roseimicrobium,uncultured Acidobacteria bacterium
seq5686,Bacteria,Actinobacteriota,Actinobacteria,Propionibacteriales,Nocardioidaceae,Nocardioides,Nocardioides sp. Bzb3
seq5687,Bacteria,Acidobacteriota,Blastocatellia,Pyrinomonadales,Pyrinomonadaceae,RB41,uncultured bacterium
seq5688,Bacteria,Verrucomicrobiota,Verrucomicrobiae,Chthoniobacterales,Chthoniobacteraceae,Chthoniobacter,metagenome
seq5689,Bacteria,Chloroflexi,AD3,uncultured bacterium,,,
seq5690,Bacteria,Patescibacteria,Saccharimonadia,Saccharimonadales,uncultured bacterium,,
seq5691,ML_predicted_Phylum: Actinobacteriota,,,,,,
seq5692,Bacteria,Verrucomicrobiota,Chlamydiae,Chlamydiales,Parachlamydiaceae,Neochlamydia,metagenome
seq5693,Bacteria,Actinobacteriota,Acidimicrobiia,IMCC26256,uncultured bacterium,,
seq5694,Bacteria,Verrucomicrobiota,Verrucomicrobiae,Pedosphaerales,Pedosphaeraceae,Ellin517,bacterium Ellin517
seq5695,Bacteria,Planctomycetota,Pla4 lineage,metagenome,,,
seq5696,Bacteria,Acidobacteriota,Blastocatellia,Pyrinomonadales,Pyrinomonadaceae,RB41,uncultured bacterium
seq5697,Bacteria,Bacteroidota,Bacteroidia,Chitinophagales,37-13,uncultured bacterium,
seq5698,Bacteria,Verrucomicrobiota,Omnitrophia,Omnitrophales,Omnitrophaceae,Candidatus Omnitrophus,uncultured bacterium
seq5699,Unclassified,,,,,,
seq5700,Bacteria,Myxococcota,Myxococcia,Myxococcales,Myxococcaceae,Myxococcus,uncultured Myxococcus sp.
seq5701,Bacteria,Bacteroidota,Bacteroidia,Flavobacteriales,NS9 marine group,uncultured bacterium,
seq5702,Bacteria,Acidobacteriota,Blastocatellia,Pyrinomonadales,Pyrinomonadaceae,RB41,uncultured bacterium
seq5703,ML_predicted_Phylum: Planctomycetota,,,,,,
seq5704,Bacteria,Acidobacteriota,Vicinamibacteria,Vicinamibacterales,Vicinamibacteraceae,uncultured bacterium,
seq5705,Bacteria,Bdellovibrionota,Bdellovibrionia,Bdellovibrionales,Bdellovibrionaceae,Bdellovibrio,uncultured bacterium
seq5706,Bacteria,Proteobacteria,Gammaproteobacteria,Burkholderiales,Nitrosomonadaceae,MND1,uncultured beta proteobacterium
seq5707,ML_predicted_Phylum: Planctomycetota,,,,,,
seq5708,Bacteria,Acidobacteriota,Blastocatellia,Blastocatellales,Blastocatellaceae,Blastocatella,uncultured bacterium
seq5709,Bacteria,Acidobacteriota,Blastocatellia,Pyrinomonadales,Pyrinomonadaceae,RB41,uncultured bacterium
seq5710,Bacteria,Acidobacteriota,Blastocatellia,Blastocatellales,Blastocatellaceae,Blastocatella,uncultured bacterium
seq5711,Bacteria,Verrucomicrobiota,Verrucomicrobiae,Chthoniobacterales,Chthoniobacteraceae,Candidatus Udaeobacter,uncultured bacterium
seq5712,Bacteria,Verrucomicrobiota,Verrucomicrobiae,Chthoniobacterales,Chthoniobacteraceae,Candidatus Udaeobacter,uncultured bacterium
seq5713,Bacteria,Verrucomicrobiota,Verrucomicrobiae,Chthoniobacterales,Chthoniobacteraceae,Chthoniobacter,uncultured bacterium
seq5714,Bacteria,Verrucomicrobiota,Verrucomicrobiae,Pedosphaerales,Pedosphaeraceae,uncultured bacterium,
seq5715,Bacteria,Bacteroidota,Bacteroidia,Chitinophagales,37-13,uncultured bacterium,
seq5716,Bacteria,Myxococcota,Polyangia,Haliangiales,Haliangiaceae,Haliangium,uncultured bacterium
seq5717,Bacteria,Actinobacteriota,Rubrobacteria,Rubrobacterales,Rubrobacteriaceae,Rubrobacter,uncultured actinobacterium
seq5718,Bacteria,Actinobacteriota,Rubrobacteria,Rubrobacterales,Rubrobacteriaceae,Rubrobacter,uncultured bacterium
seq5719,Bacteria,Actinobacteriota,Acidimicrobiia,Microtrichales,Ilumatobacteraceae,uncultured,uncultured bacterium
seq5720,Unclassified,,,,,,
seq5721,Bacteria,Patescibacteria,Saccharimonadia,Saccharimonadales,LWQ8,uncultured Candidatus Saccharibacteria bacterium,
seq5722,Bacteria,Planctomycetota,Planctomycetes,Planctomycetales,uncultured,uncultured bacterium,
seq5723,Bacteria,Actinobacteriota,Actinobacteria,Micrococcales,Microbacteriaceae,Parafrigoribacterium,Marisediminicola sp. Sr30
seq5724,Bacteria,Acidobacteriota,Blastocatellia,Pyrinomonadales,Pyrinomonadaceae,RB41,uncultured Acidobacteria bacterium
seq5725,Bacteria,Acidobacteriota,Blastocatellia,Pyrinomonadales,Pyrinomonadaceae,RB41,uncultured bacterium
seq5726,Bacteria,Proteobacteria,Gammaproteobacteria,Burkholderiales,Sutterellaceae,uncultured,uncultured bacterium
seq5727,Bacteria,Myxococcota,Polyangia,Blfdi19,uncultured soil bacterium,,
seq5728,Bacteria,Acidobacteriota,Blastocatellia,Pyrinomonadales,Pyrinomonadaceae,RB41,uncultured bacterium
seq5729,Archaea,Crenarchaeota,Nitrososphaeria,Nitrososphaerales,Nitrososphaeraceae,uncultured archaeon,
seq5730,Bacteria,Proteobacteria,Gammaproteobacteria,Xanthomonadales,Xanthomonadaceae,Lysobacter,Lysobacter capsici
seq5731,Bacteria,Proteobacteria,Alphaproteobacteria,Rhizobiales,Methyloligellaceae,uncultured,uncultured bacterium
seq5732,ML_predicted_Phylum: Bacteroidota,,,,,,
seq5733,Bacteria,Planctomycetota,Planctomycetes,Gemmatales,Gemmataceae,uncultured,uncultured bacterium
seq5734,Bacteria,Myxococcota,bacteriap25,uncultured soil bacterium,,,
seq5735,Bacteria,Acidobacteriota,Vicinamibacteria,Vicinamibacterales,Vicinamibacteraceae,uncultured Acidobacteria bacterium,
seq5736,Bacteria,Proteobacteria,Gammaproteobacteria,Burkholderiales,Sutterellaceae,uncultured,uncultured bacterium
seq5737,Bacteria,Acidobacteriota,Blastocatellia,Pyrinomonadales,Pyrinomonadaceae,RB41,uncultured bacterium
seq5738,ML_predicted_Phylum: Proteobacteria,,,,,,
seq5739,ML_predicted_Phylum: Verrucomicrobiota,,,,,,
seq5740,Bacteria,Proteobacteria,Alphaproteobacteria,Rickettsiales,Mitochondria,Silene dioica (red campion),
seq5741,Bacteria,Patescibacteria,Saccharimonadia,Saccharimonadales,uncultured bacterium,,
seq5742,Unclassified,,,,,,
seq5743,Bacteria,Planctomycetota,Planctomycetes,Pirellulales,Pirellulaceae,uncultured,metagenome
seq5744,Bacteria,Gemmatimonadota,Gemmatimonadetes,Gemmatimonadales,Gemmatimonadaceae,uncultured,uncultured bacterium
seq5745,Bacteria,Planctomycetota,Planctomycetes,Pirellulales,Pirellulaceae,Pir4 lineage,uncultured bacterium
seq5746,Bacteria,Bacteroidota,Bacteroidia,Cytophagales,Hymenobacteraceae,Hymenobacter,uncultured bacterium
seq5747,ML_predicted_Phylum: Proteobacteria,,,,,,
seq5748,Bacteria,RCP2-54,uncultured bacterium,,,,
seq5749,Bacteria,Actinobacteriota,Thermoleophilia,Gaiellales,uncultured,uncultured bacterium,
seq5750,Bacteria,Actinobacteriota,Thermoleophilia,Solirubrobacterales,67-14,uncultured bacterium,
seq5751,Bacteria,Elusimicrobiota,Lineage IIa,uncultured bacterium,,,
seq5752,Bacteria,Proteobacteria,Gammaproteobacteria,Burkholderiales,Oxalobacteraceae,Undibacterium,uncultured Oxalobacteraceae bacterium
seq5753,Bacteria,Actinobacteriota,Acidimicrobiia,Microtrichales,uncultured,uncultured bacterium,
seq5754,Bacteria,Acidobacteriota,Blastocatellia,Pyrinomonadales,Pyrinomonadaceae,RB41,uncultured Acidobacterium sp.
seq5755,Unclassified,,,,,,
seq5756,Bacteria,Verrucomicrobiota,Verrucomicrobiae,Chthoniobacterales,Chthoniobacteraceae,Chthoniobacter,uncultured bacterium
seq5757,Bacteria,RCP2-54,uncultured bacterium,,,,
seq5758,Bacteria,Bacteroidota,Bacteroidia,Chitinophagales,Chitinophagaceae,Edaphobaculum,uncultured bacterium
seq5759,Bacteria,Chloroflexi,Dehalococcoidia,S085,metagenome,,
seq5760,Bacteria,Planctomycetota,Planctomycetes,Isosphaerales,Isosphaeraceae,uncultured,uncultured bacterium
seq5761,Bacteria,Chloroflexi,Anaerolineae,Ardenticatenales,uncultured,uncultured bacterium,
seq5762,Bacteria,Cyanobacteria,Vampirivibrionia,Obscuribacterales,Obscuribacteraceae,bioreactor metagenome,
seq5763,Bacteria,Actinobacteriota,Actinobacteria,Micromonosporales,Micromonosporaceae,uncultured,uncultured bacterium
seq5764,Bacteria,Actinobacteriota,Actinobacteria,Corynebacteriales,Mycobacteriaceae,Mycobacterium,actinomycete P011.UGM050509-01
seq5765,Bacteria,Planctomycetota,Planctomycetes,Planctomycetales,uncultured,uncultured bacterium,
seq5766,Bacteria,Actinobacteriota,Thermoleophilia,uncultured,uncultured bacterium,,
seq5767,Bacteria,Proteobacteria,Alphaproteobacteria,Rhizobiales,Xanthobacteraceae,Rhodoplanes,uncultured bacterium
seq5768,Bacteria,Gemmatimonadota,Gemmatimonadetes,Gemmatimonadales,Gemmatimonadaceae,uncultured,uncultured bacterium
seq5769,Bacteria,Actinobacteriota,Acidimicrobiia,uncultured,uncultured bacterium,,
seq5770,Bacteria,Acidobacteriota,Blastocatellia,Pyrinomonadales,Pyrinomonadaceae,RB41,uncultured Acidobacteria bacterium
seq5771,Unclassified,,,,,,
seq5772,Bacteria,Acidobacteriota,Vicinamibacteria,Subgroup 17,uncultured Holophaga sp.,,
seq5773,Bacteria,Planctomycetota,Phycisphaerae,Phycisphaerales,Phycisphaeraceae,AKYG587,uncultured bacterium
seq5774,Bacteria,Planctomycetota,Planctomycetes,Gemmatales,Gemmataceae,Gemmata,uncultured bacterium
seq5775,ML_predicted_Phylum: Proteobacteria,,,,,,
seq5776,Unclassified,,,,,,
seq5777,Bacteria,Acidobacteriota,Blastocatellia,Pyrinomonadales,Pyrinomonadaceae,RB41,uncultured bacterium
seq5778,Bacteria,Actinobacteriota,Acidimicrobiia,Microtrichales,Ilumatobacteraceae,uncultured,uncultured bacterium
seq5779,Bacteria,Bacteroidota,Bacteroidia,Cytophagales,Microscillaceae,Hassallia,uncultured bacterium
seq5780,Bacteria,Bacteroidota,Bacteroidia,Chitinophagales,Chitinophagaceae,uncultured,uncultured Bacteroidetes bacterium
seq5781,Bacteria,Myxococcota,Polyangia,Polyangiales,Sandaracinaceae,uncultured,uncultured bacterium
seq5782,Bacteria,Bacteroidota,Bacteroidia,Chitinophagales,Chitinophagaceae,Ferruginibacter,uncultured Ferruginibacter sp.
seq5783,Bacteria,Planctomycetota,vadinHA49,uncultured Planctomycetales bacterium,,,
seq5784,Bacteria,Actinobacteriota,Thermoleophilia,uncultured,uncultured bacterium,,
seq5785,Bacteria,Planctomycetota,Planctomycetes,Pirellulales,Pirellulaceae,Pirellula,uncultured Pasteuria sp.
seq5786,Bacteria,Verrucomicrobiota,Verrucomicrobiae,Chthoniobacterales,Chthoniobacteraceae,Candidatus Udaeobacter,Spartobacteria bacterium WX31
seq5787,Bacteria,Actinobacteriota,Acidimicrobiia,Microtrichales,Ilumatobacteraceae,uncultured,uncultured actinobacterium
seq5788,Bacteria,Proteobacteria,Alphaproteobacteria,Rhizobiales,Rhodomicrobiaceae,Rhodomicrobium,uncultured bacterium
seq5789,Bacteria,Myxococcota,Myxococcia,Myxococcales,Myxococcaceae,uncultured,uncultured bacterium
seq5790,Unclassified,,,,,,
seq5791,Bacteria,Proteobacteria,Alphaproteobacteria,Rhizobiales,Beijerinckiaceae,uncultured,uncultured bacterium
seq5792,Bacteria,Acidobacteriota,Acidobacteriae,Bryobacterales,Bryobacteraceae,Bryobacter,uncultured bacterium
seq5793,Archaea,Crenarchaeota,Nitrososphaeria,Nitrososphaerales,Nitrososphaeraceae,uncultured archaeon,
seq5794,Bacteria,Cyanobacteria,Cyanobacteriia,Chloroplast,Bracteacoccus giganteus,,
seq5795,Bacteria,Verrucomicrobiota,Verrucomicrobiae,Chthoniobacterales,Chthoniobacteraceae,Chthoniobacter,metagenome
seq5796,ML_predicted_Phylum: Verrucomicrobiota,,,,,,
seq5797,Bacteria,Firmicutes,Bacilli,Bacillales,Bacillaceae,Fictibacillus,Fictibacillus barbaricus
seq5798,ML_predicted_Phylum: Verrucomicrobiota,,,,,,
seq5799,Bacteria,Actinobacteriota,Acidimicrobiia,Microtrichales,uncultured,uncultured bacterium,
seq5800,Eukaryota,SAR,Alveolata,Ciliophora,Intramacronucleata,Litostomatea,Haptoria
seq5801,Bacteria,Bacteroidota,Bacteroidia,Chitinophagales,Saprospiraceae,uncultured,uncultured bacterium
seq5802,Bacteria,Proteobacteria,Gammaproteobacteria,Burkholderiales,SC-I-84,uncultured bacterium,
seq5803,Bacteria,Proteobacteria,Alphaproteobacteria,Caulobacterales,Caulobacteraceae,Phenylobacterium,uncultured Alphaproteobacteria bacterium
seq5804,Bacteria,Acidobacteriota,Blastocatellia,Pyrinomonadales,Pyrinomonadaceae,RB41,uncultured bacterium
seq5805,Unclassified,,,,,,
seq5806,Unclassified,,,,,,
seq5807,Unclassified,,,,,,
seq5808,Bacteria,Actinobacteriota,Actinobacteria,Propionibacteriales,Propionibacteriaceae,Microlunatus,uncultured bacterium
seq5809,Bacteria,Proteobacteria,Alphaproteobacteria,Rhizobiales,Rhodomicrobiaceae,Rhodomicrobium,uncultured bacterium
seq5810,ML_predicted_Phylum: Bdellovibrionota,,,,,,
seq5811,Bacteria,Bacteroidota,Bacteroidia,Cytophagales,Microscillaceae,uncultured,uncultured bacterium
seq5812,ML_predicted_Phylum: Acidobacteriota,,,,,,
seq5813,Archaea,Crenarchaeota,Nitrososphaeria,Nitrososphaerales,Nitrososphaeraceae,uncultured archaeon,
seq5814,Bacteria,Verrucomicrobiota,Verrucomicrobiae,Pedosphaerales,Pedosphaeraceae,Ellin517,uncultured bacterium
seq5815,ML_predicted_Phylum: Verrucomicrobiota,,,,,,
seq5816,Bacteria,Bacteroidota,Bacteroidia,Cytophagales,Microscillaceae,uncultured,metagenome
seq5817,Bacteria,Firmicutes,Bacilli,Bacillales,Bacillaceae,Bacillus,Bacillus sp. (in: Bacteria)
seq5818,Bacteria,Actinobacteriota,MB-A2-108,uncultured bacterium,,,
seq5819,Bacteria,Planctomycetota,Phycisphaerae,Tepidisphaerales,Tepidisphaeraceae,uncultured bacterium,
seq5820,Bacteria,Verrucomicrobiota,Omnitrophia,Omnitrophales,Omnitrophaceae,Candidatus Omnitrophus,metagenome
seq5821,Bacteria,Patescibacteria,Saccharimonadia,Saccharimonadales,uncultured bacterium,,
seq5822,Bacteria,Bacteroidota,Bacteroidia,Cytophagales,Microscillaceae,uncultured,uncultured bacterium
seq5823,Bacteria,Verrucomicrobiota,Verrucomicrobiae,Pedosphaerales,Pedosphaeraceae,uncultured Verrucomicrobia bacterium,
seq5824,Bacteria,Actinobacteriota,Actinobacteria,Pseudonocardiales,Pseudonocardiaceae,Actinomycetospora,Actinomycetospora corticicola
seq5825,Bacteria,Dependentiae,Babeliae,Babeliales,uncultured bacterium,,
seq5826,Bacteria,Planctomycetota,Planctomycetes,Gemmatales,Gemmataceae,Fimbriiglobus,metagenome
seq5827,Bacteria,Actinobacteriota,Actinobacteria,Streptomycetales,Streptomycetaceae,Streptomyces,Streptomyces kitasatoensis
seq5828,Bacteria,Planctomycetota,OM190,uncultured bacterium,,,
seq5829,Bacteria,Patescibacteria,Saccharimonadia,Saccharimonadales,uncultured bacterium,,
seq5830,ML_predicted_Phylum: Amorphea,,,,,,
seq5831,Bacteria,Bacteroidota,Bacteroidia,Sphingobacteriales,env.OPS 17,uncultured Bacteroidetes bacterium,
seq5832,Bacteria,Proteobacteria,Alphaproteobacteria,Rhizobiales,Xanthobacteraceae,Bradyrhizobium,Bradyrhizobium sp. CP1(2014)
seq5833,ML_predicted_Phylum: Patescibacteria,,,,,,
seq5834,Bacteria,Armatimonadota,uncultured,uncultured bacterium,,,
seq5835,Bacteria,Patescibacteria,Saccharimonadia,Saccharimonadales,WWH38,uncultured bacterium,
seq5836,Bacteria,Proteobacteria,Gammaproteobacteria,Salinisphaerales,Solimonadaceae,Polycyclovorans,uncultured bacterium
seq5837,Bacteria,Myxococcota,Polyangia,Polyangiales,Polyangiaceae,Byssovorax,uncultured bacterium
seq5838,Bacteria,Acidobacteriota,Subgroup 18,uncultured Acidobacteria bacterium,,,
seq5839,ML_predicted_Phylum: Actinobacteriota,,,,,,
seq5840,Bacteria,Verrucomicrobiota,Verrucomicrobiae,Chthoniobacterales,Xiphinematobacteraceae,Candidatus Xiphinematobacter,uncultured bacterium
seq5841,Bacteria,Verrucomicrobiota,Verrucomicrobiae,Verrucomicrobiales,Verrucomicrobiaceae,Roseimicrobium,uncultured bacterium
seq5842,Bacteria,Proteobacteria,Gammaproteobacteria,Steroidobacterales,Steroidobacteraceae,Steroidobacter,uncultured bacterium
seq5843,Bacteria,Verrucomicrobiota,Verrucomicrobiae,Verrucomicrobiales,Verrucomicrobiaceae,Roseimicrobium,Roseimicrobium gellanilyticum
seq5844,Bacteria,Acidobacteriota,Blastocatellia,Pyrinomonadales,Pyrinomonadaceae,RB41,uncultured Acidobacteria bacterium
seq5845,Bacteria,Planctomycetota,Phycisphaerae,Tepidisphaerales,WD2101 soil group,uncultured bacterium,
seq5846,Bacteria,Proteobacteria,Gammaproteobacteria,Burkholderiales,Comamonadaceae,Methylibium,Methylibium sp. BAC199
seq5847,ML_predicted_Phylum: Planctomycetota,,,,,,
seq5848,Bacteria,Planctomycetota,Phycisphaerae,Tepidisphaerales,WD2101 soil group,uncultured bacterium,
seq5849,ML_predicted_Phylum: Planctomycetota,,,,,,
seq5850,Bacteria,Proteobacteria,Gammaproteobacteria,Burkholderiales,SC-I-84,uncultured bacterium,
seq5851,Archaea,Crenarchaeota,Nitrososphaeria,Nitrososphaerales,Nitrososphaeraceae,Candidatus Nitrososphaera,uncultured archaeon
seq5852,Bacteria,Actinobacteriota,Acidimicrobiia,uncultured,uncultured soil bacterium,,
seq5853,Bacteria,Bdellovibrionota,Bdellovibrionia,Bdellovibrionales,Bdellovibrionaceae,Bdellovibrio,uncultured bacterium
seq5854,ML_predicted_Phylum: Patescibacteria,,,,,,
seq5855,Bacteria,Planctomycetota,Planctomycetes,Pirellulales,Pirellulaceae,Pir4 lineage,uncultured bacterium
seq5856,ML_predicted_Phylum: Bacteroidota,,,,,,
seq5857,Bacteria,Actinobacteriota,Actinobacteria,Micromonosporales,Micromonosporaceae,Asanoa,Asanoa hainanensis
seq5858,Unclassified,,,,,,
seq5859,Bacteria,Acidobacteriota,Vicinamibacteria,Subgroup 17,uncultured Acidobacteria bacterium,,
seq5860,Bacteria,Bacteroidota,Bacteroidia,Sphingobacteriales,AKYH767,uncultured Bacteroidetes bacterium,
seq5861,Bacteria,Proteobacteria,Alphaproteobacteria,Rhizobiales,uncultured,uncultured proteobacterium,
seq5862,Bacteria,Patescibacteria,Saccharimonadia,Saccharimonadales,uncultured bacterium,,
seq5863,Bacteria,Proteobacteria,Gammaproteobacteria,Gammaproteobacteria Incertae Sedis,Unknown Family,Acidibacter,uncultured bacterium
seq5864,Bacteria,Proteobacteria,Gammaproteobacteria,Pseudomonadales,Moraxellaceae,Acinetobacter,uncultured bacterium
seq5865,Bacteria,Bacteroidota,Bacteroidia,Chitinophagales,Chitinophagaceae,Edaphobaculum,uncultured bacterium
seq5866,Bacteria,Planctomycetota,Planctomycetes,Gemmatales,Gemmataceae,uncultured,uncultured bacterium
seq5867,Bacteria,Actinobacteriota,Acidimicrobiia,Microtrichales,uncultured,uncultured bacterium,
seq5868,Bacteria,Patescibacteria,Saccharimonadia,Saccharimonadales,WWH38,uncultured soil bacterium,
seq5869,Bacteria,Acidobacteriota,Blastocatellia,Blastocatellales,Blastocatellaceae,JGI 0001001-H03,uncultured soil bacterium
seq5870,Bacteria,Actinobacteriota,MB-A2-108,uncultured bacterium,,,
seq5871,Bacteria,Bacteroidota,Bacteroidia,Cytophagales,Microscillaceae,uncultured,uncultured bacterium
seq5872,Bacteria,Acidobacteriota,Vicinamibacteria,Vicinamibacterales,Vicinamibacteraceae,uncultured bacterium,
seq5873,Bacteria,Verrucomicrobiota,Verrucomicrobiae,Pedosphaerales,Pedosphaeraceae,uncultured bacterium,
seq5874,Bacteria,Actinobacteriota,Actinobacteria,Streptomycetales,Streptomycetaceae,Streptomyces,Streptomyces sp. MCCC 1A09982
seq5875,Bacteria,Acidobacteriota,Blastocatellia,Blastocatellales,Blastocatellaceae,JGI 0001001-H03,uncultured bacterium
seq5876,Bacteria,Actinobacteriota,Actinobacteria,Frankiales,Sporichthyaceae,uncultured,uncultured bacterium
seq5877,ML_predicted_Phylum: Planctomycetota,,,,,,
seq5878,Bacteria,Bacteroidota,Bacteroidia,Flavobacteriales,Flavobacteriaceae,Flavobacterium,uncultured bacterium
seq5879,Archaea,Crenarchaeota,Nitrososphaeria,Nitrososphaerales,Nitrososphaeraceae,uncultured crenarchaeote,
seq5880,Bacteria,Proteobacteria,Alphaproteobacteria,Rhizobiales,Xanthobacteraceae,uncultured,alpha proteobacterium KC-IT-W1
seq5881,Bacteria,Actinobacteriota,Acidimicrobiia,IMCC26256,uncultured Cellulomonadaceae bacterium,,
seq5882,Bacteria,Actinobacteriota,Thermoleophilia,Solirubrobacterales,67-14,uncultured Rubrobacteria bacterium,
seq5883,ML_predicted_Phylum: Patescibacteria,,,,,,
seq5884,Bacteria,Acidobacteriota,Vicinamibacteria,Vicinamibacterales,uncultured,uncultured bacterium,
seq5885,Bacteria,Bacteroidota,Bacteroidia,Chitinophagales,Chitinophagaceae,Ferruginibacter,metagenome
seq5886,ML_predicted_Phylum: Proteobacteria,,,,,,
seq5887,Bacteria,Actinobacteriota,Actinobacteria,Micromonosporales,Micromonosporaceae,Asanoa,metagenome
seq5888,Bacteria,Verrucomicrobiota,Verrucomicrobiae,Opitutales,Opitutaceae,Opitutus,uncultured bacterium
seq5889,ML_predicted_Phylum: Bacteroidota,,,,,,
seq5890,Bacteria,Bacteroidota,Bacteroidia,Chitinophagales,Chitinophagaceae,Ferruginibacter,uncultured Bacteroidetes bacterium
seq5891,Bacteria,Gemmatimonadota,BD2-11 terrestrial group,uncultured soil bacterium,,,
seq5892,Bacteria,Verrucomicrobiota,Chlamydiae,Chlamydiales,Parachlamydiaceae,uncultured,metagenome
seq5893,Bacteria,Acidobacteriota,Blastocatellia,Pyrinomonadales,Pyrinomonadaceae,RB41,uncultured bacterium
seq5894,ML_predicted_Phylum: Cyanobacteria,,,,,,
seq5895,Bacteria,Actinobacteriota,Actinobacteria,Micromonosporales,Micromonosporaceae,Luedemannella,uncultured bacterium
seq5896,Bacteria,Planctomycetota,Planctomycetes,Pirellulales,Pirellulaceae,Pirellula,uncultured bacterium
seq5897,Bacteria,Gemmatimonadota,Gemmatimonadetes,Gemmatimonadales,Gemmatimonadaceae,uncultured,uncultured bacterium
seq5898,ML_predicted_Phylum: Chloroflexi,,,,,,
seq5899,Bacteria,Planctomycetota,Planctomycetes,Gemmatales,Gemmataceae,uncultured,uncultured bacterium
seq5900,Unclassified,,,,,,
seq5901,Bacteria,Bacteroidota,Bacteroidia,Sphingobacteriales,AKYH767,uncultured bacterium,
seq5902,Archaea,Crenarchaeota,Nitrososphaeria,Nitrososphaerales,Nitrososphaeraceae,uncultured euryarchaeote,
seq5903,Bacteria,Actinobacteriota,Thermoleophilia,Solirubrobacterales,67-14,uncultured bacterium,
seq5904,Bacteria,Acidobacteriota,Acidobacteriae,Bryobacterales,Bryobacteraceae,Bryobacter,uncultured bacterium
seq5905,Archaea,Crenarchaeota,Nitrososphaeria,Nitrososphaerales,Nitrososphaeraceae,uncultured crenarchaeote,
seq5906,Bacteria,Proteobacteria,Alphaproteobacteria,Reyranellales,Reyranellaceae,Reyranella,Reyranella soli
seq5907,Archaea,Crenarchaeota,Nitrososphaeria,Nitrososphaerales,Nitrososphaeraceae,uncultured crenarchaeote,
seq5908,Bacteria,Planctomycetota,Planctomycetes,Gemmatales,Gemmataceae,Gemmata,metagenome
seq5909,Bacteria,Proteobacteria,Alphaproteobacteria,Sphingomonadales,Sphingomonadaceae,Sphingomonas,Sphingomonas sediminicola
seq5910,Bacteria,Firmicutes,Bacilli,Lactobacillales,Lactobacillaceae,Fructilactobacillus,Lactobacillus homohiochii
seq5911,Bacteria,Acidobacteriota,Blastocatellia,Pyrinomonadales,Pyrinomonadaceae,RB41,uncultured bacterium
seq5912,ML_predicted_Phylum: Actinobacteriota,,,,,,
seq5913,Bacteria,Proteobacteria,Alphaproteobacteria,Acetobacterales,Acetobacteraceae,Craurococcus-Caldovatus,uncultured Craurococcus sp.
seq5914,Bacteria,Actinobacteriota,Thermoleophilia,Solirubrobacterales,Solirubrobacteraceae,Solirubrobacter,Solirubrobacter ginsenosidimutans
seq5915,Unclassified,,,,,,
seq5916,Bacteria,Actinobacteriota,Thermoleophilia,Gaiellales,uncultured,uncultured bacterium,
seq5917,Unclassified,,,,,,
seq5918,Bacteria,Proteobacteria,Alphaproteobacteria,Reyranellales,Reyranellaceae,Reyranella,Reyranella soli
seq5919,ML_predicted_Phylum: Patescibacteria,,,,,,
seq5920,Archaea,Crenarchaeota,Nitrososphaeria,Nitrososphaerales,Nitrososphaeraceae,Candidatus Nitrososphaera,uncultured archaeon
seq5921,Bacteria,Actinobacteriota,MB-A2-108,uncultured bacterium,,,
seq5922,Bacteria,Actinobacteriota,Thermoleophilia,Gaiellales,Gaiellaceae,Gaiella,uncultured bacterium
seq5923,Bacteria,Actinobacteriota,Actinobacteria,Frankiales,Frankiaceae,Jatrophihabitans,uncultured bacterium
seq5924,Bacteria,Bdellovibrionota,Bdellovibrionia,Bdellovibrionales,Bdellovibrionaceae,Bdellovibrio,uncultured Bdellovibrio sp.
seq5925,ML_predicted_Phylum: Actinobacteriota,,,,,,
seq5926,Bacteria,Planctomycetota,Phycisphaerae,Tepidisphaerales,WD2101 soil group,uncultured bacterium,
seq5927,ML_predicted_Phylum: Proteobacteria,,,,,,
seq5928,Bacteria,Bacteroidota,Bacteroidia,Cytophagales,Microscillaceae,uncultured,uncultured bacterium
seq5929,Bacteria,Proteobacteria,Alphaproteobacteria,Rhizobiales,Xanthobacteraceae,uncultured,alpha proteobacterium KC-IT-W1
seq5930,Bacteria,Proteobacteria,Alphaproteobacteria,Rhizobiales,Xanthobacteraceae,Bradyrhizobium,Bradyrhizobium elkanii
seq5931,Bacteria,Proteobacteria,Gammaproteobacteria,Burkholderiales,TRA3-20,uncultured beta proteobacterium,
seq5932,Bacteria,Planctomycetota,OM190,uncultured bacterium,,,
seq5933,Bacteria,Bacteroidota,Bacteroidia,Sphingobacteriales,Sphingobacteriaceae,uncultured,uncultured bacterium
seq5934,Bacteria,Dependentiae,Babeliae,Babeliales,Vermiphilaceae,uncultured bacterium,
seq5935,Bacteria,Acidobacteriota,Blastocatellia,Blastocatellales,Blastocatellaceae,JGI 0001001-H03,uncultured bacterium
seq5936,Bacteria,Acidobacteriota,Vicinamibacteria,Vicinamibacterales,uncultured,uncultured bacterium,
seq5937,Archaea,Crenarchaeota,Nitrososphaeria,Nitrososphaerales,Nitrososphaeraceae,uncultured crenarchaeote,
seq5938,Bacteria,Actinobacteriota,Thermoleophilia,Solirubrobacterales,67-14,uncultured Rubrobacteria bacterium,
seq5939,Bacteria,Cyanobacteria,Cyanobacteriia,Chloroplast,uncultured eukaryote,,
seq5940,Bacteria,Actinobacteriota,Actinobacteria,Propionibacteriales,Nocardioidaceae,Nocardioides,Nocardioides plantarum
seq5941,ML_predicted_Phylum: Bacteroidota,,,,,,
seq5942,Bacteria,Bacteroidota,Bacteroidia,Chitinophagales,Saprospiraceae,uncultured,uncultured Bacteroidetes bacterium
seq5943,Unclassified,,,,,,
seq5944,Bacteria,Proteobacteria,Gammaproteobacteria,Burkholderiales,Comamonadaceae,uncultured,uncultured bacterium
seq5945,Bacteria,Acidobacteriota,Blastocatellia,Blastocatellales,Blastocatellaceae,JGI 0001001-H03,uncultured bacterium
seq5946,Bacteria,Proteobacteria,Alphaproteobacteria,Rhizobiales,Beijerinckiaceae,Psychroglaciecola,uncultured bacterium
seq5947,Bacteria,Actinobacteriota,Thermoleophilia,uncultured,uncultured bacterium,,
seq5948,Bacteria,Proteobacteria,Alphaproteobacteria,Tistrellales,Geminicoccaceae,Candidatus Alysiosphaera,uncultured bacterium
seq5949,Bacteria,Myxococcota,Polyangia,Polyangiales,Sandaracinaceae,uncultured,uncultured soil bacterium
seq5950,Bacteria,Verrucomicrobiota,Chlamydiae,Chlamydiales,Parachlamydiaceae,Candidatus Protochlamydia,endosymbiont of Acanthamoeba sp. R18
seq5951,Bacteria,Actinobacteriota,Thermoleophilia,Gaiellales,uncultured,uncultured bacterium,
seq5952,Bacteria,Verrucomicrobiota,Verrucomicrobiae,Opitutales,Opitutaceae,Opitutus,uncultured bacterium
seq5953,Bacteria,Planctomycetota,Planctomycetes,Pirellulales,Pirellulaceae,Pir4 lineage,uncultured bacterium
seq5954,ML_predicted_Phylum: Verrucomicrobiota,,,,,,
seq5955,Bacteria,Actinobacteriota,Thermoleophilia,Solirubrobacterales,Solirubrobacteraceae,Parviterribacter,uncultured bacterium
seq5956,Bacteria,Actinobacteriota,Thermoleophilia,Gaiellales,Gaiellaceae,Gaiella,uncultured bacterium
seq5957,Archaea,Crenarchaeota,Nitrososphaeria,Nitrososphaerales,Nitrososphaeraceae,uncultured crenarchaeote,
seq5958,Bacteria,Myxococcota,Polyangia,Polyangiales,Polyangiaceae,Pajaroellobacter,uncultured bacterium
seq5959,Bacteria,Bacteroidota,Ignavibacteria,SJA-28,uncultured Ignavibacterium sp.,,
seq5960,Bacteria,Actinobacteriota,Actinobacteria,Streptosporangiales,Thermomonosporaceae,Actinocorallia,Actinocorallia aurea
seq5961,Bacteria,Verrucomicrobiota,Verrucomicrobiae,Verrucomicrobiales,Verrucomicrobiaceae,uncultured,uncultured bacterium
seq5962,ML_predicted_Phylum: Bacteroidota,,,,,,
seq5963,ML_predicted_Phylum: Acidobacteriota,,,,,,
seq5964,Bacteria,Proteobacteria,Alphaproteobacteria,Rhizobiales,Xanthobacteraceae,Pseudolabrys,uncultured bacterium
seq5965,Bacteria,Acidobacteriota,Blastocatellia,Blastocatellales,Blastocatellaceae,JGI 0001001-H03,uncultured bacterium
seq5966,Bacteria,Actinobacteriota,MB-A2-108,uncultured bacterium,,,
seq5967,Bacteria,Planctomycetota,Planctomycetes,Gemmatales,Gemmataceae,uncultured,uncultured bacterium
seq5968,Bacteria,Acidobacteriota,Acidobacteriae,Solibacterales,Solibacteraceae,Candidatus Solibacter,uncultured bacterium
seq5969,Bacteria,Proteobacteria,Alphaproteobacteria,Rhizobiales,Xanthobacteraceae,uncultured,metagenome
seq5970,Bacteria,Actinobacteriota,Thermoleophilia,Gaiellales,uncultured,uncultured bacterium,
seq5971,Bacteria,Bacteroidota,Bacteroidia,Chitinophagales,Chitinophagaceae,uncultured,uncultured soil bacterium
seq5972,Bacteria,Bacteroidota,Bacteroidia,Cytophagales,Microscillaceae,uncultured,uncultured bacterium
seq5973,Bacteria,Actinobacteriota,Actinobacteria,Micrococcales,Microbacteriaceae,Galbitalea,uncultured eubacterium WCHB1-18
seq5974,Bacteria,Acidobacteriota,Vicinamibacteria,Vicinamibacterales,uncultured,uncultured Acidobacteria bacterium,
seq5975,Bacteria,Proteobacteria,Alphaproteobacteria,Sphingomonadales,Sphingomonadaceae,uncultured,uncultured bacterium
seq5976,Bacteria,Proteobacteria,Alphaproteobacteria,Rhizobiales,Xanthobacteraceae,Bradyrhizobium,Bradyrhizobium sp. CP1(2014)
seq5977,Bacteria,Actinobacteriota,Thermoleophilia,uncultured,uncultured bacterium,,
seq5978,ML_predicted_Phylum: Cyanobacteria,,,,,,
seq5979,Bacteria,Chloroflexi,Anaerolineae,RBG-13-54-9,uncultured bacterium,,
seq5980,Bacteria,Bacteroidota,Bacteroidia,Flavobacteriales,NS9 marine group,uncultured bacterium,
seq5981,Bacteria,Bacteroidota,Bacteroidia,Chitinophagales,Chitinophagaceae,Flavisolibacter,uncultured Bacteroidetes bacterium
seq5982,Bacteria,Proteobacteria,Gammaproteobacteria,Burkholderiales,Comamonadaceae,Rhodoferax,metagenome
seq5983,Bacteria,Acidobacteriota,Blastocatellia,Pyrinomonadales,Pyrinomonadaceae,RB41,Arenimicrobium luteum
seq5984,Bacteria,Cyanobacteria,Vampirivibrionia,Obscuribacterales,Obscuribacteraceae,uncultured bacterium,
seq5985,ML_predicted_Phylum: Patescibacteria,,,,,,
seq5986,Bacteria,Myxococcota,bacteriap25,metagenome,,,
seq5987,ML_predicted_Phylum: Bacteroidota,,,,,,
seq5988,Bacteria,Bacteroidota,Bacteroidia,Sphingobacteriales,LiUU-11-161,metagenome,
seq5989,Bacteria,Acidobacteriota,Blastocatellia,11-24,uncultured bacterium,,
seq5990,Archaea,Crenarchaeota,Nitrososphaeria,Nitrososphaerales,Nitrososphaeraceae,uncultured archaeon,
seq5991,Bacteria,Bacteroidota,Bacteroidia,Chitinophagales,Chitinophagaceae,Ferruginibacter,metagenome
seq5992,Bacteria,Actinobacteriota,Thermoleophilia,uncultured,uncultured bacterium,,
seq5993,Bacteria,Planctomycetota,Planctomycetes,Pirellulales,Pirellulaceae,uncultured,uncultured bacterium
seq5994,Bacteria,Myxococcota,Polyangia,Haliangiales,Haliangiaceae,Haliangium,uncultured bacterium
seq5995,Bacteria,Actinobacteriota,Actinobacteria,Micrococcales,Microbacteriaceae,Agromyces,Agromyces ramosus
seq5996,Bacteria,Actinobacteriota,Thermoleophilia,Solirubrobacterales,67-14,uncultured bacterium,
seq5997,Archaea,Crenarchaeota,Nitrososphaeria,Nitrososphaerales,Nitrososphaeraceae,uncultured archaeon,
seq5998,Bacteria,Proteobacteria,Alphaproteobacteria,Rhizobiales,Rhizobiales Incertae Sedis,uncultured,uncultured bacterium
seq5999,Bacteria,Actinobacteriota,Thermoleophilia,Gaiellales,Gaiellaceae,Gaiella,uncultured Rubrobacteria bacterium
seq6000,Bacteria,Planctomycetota,Planctomycetes,Gemmatales,Gemmataceae,uncultured,uncultured bacterium
seq6001,Bacteria,Actinobacteriota,Actinobacteria,Propionibacteriales,Nocardioidaceae,Aeromicrobium,uncultured bacterium
seq6002,Bacteria,Myxococcota,Polyangia,Blfdi19,uncultured bacterium,,
seq6003,Bacteria,Chloroflexi,TK10,uncultured bacterium,,,
seq6004,Bacteria,Gemmatimonadota,Gemmatimonadetes,Gemmatimonadales,Gemmatimonadaceae,uncultured,uncultured bacterium
seq6005,Bacteria,Acidobacteriota,Blastocatellia,Pyrinomonadales,Pyrinomonadaceae,RB41,uncultured bacterium
seq6006,Bacteria,Verrucomicrobiota,Verrucomicrobiae,Pedosphaerales,Pedosphaeraceae,uncultured bacterium,
seq6007,Bacteria,Bacteroidota,Bacteroidia,Sphingobacteriales,Sphingobacteriaceae,Mucilaginibacter,uncultured bacterium
seq6008,ML_predicted_Phylum: Actinobacteriota,,,,,,
seq6009,Bacteria,Bacteroidota,Bacteroidia,Chitinophagales,Chitinophagaceae,Segetibacter,uncultured Flexibacteraceae bacterium
seq6010,Bacteria,Proteobacteria,Gammaproteobacteria,Burkholderiales,Nitrosomonadaceae,MND1,uncultured bacterium
seq6011,Archaea,Crenarchaeota,Nitrososphaeria,Nitrososphaerales,Nitrososphaeraceae,uncultured crenarchaeote,
seq6012,Bacteria,Bacteroidota,Bacteroidia,Sphingobacteriales,env.OPS 17,uncultured bacterium,
seq6013,Bacteria,Acidobacteriota,Subgroup 5,uncultured Acidobacteria bacterium,,,
seq6014,Bacteria,Actinobacteriota,Thermoleophilia,Gaiellales,Gaiellaceae,Gaiella,uncultured bacterium
seq6015,Bacteria,Acidobacteriota,Blastocatellia,Pyrinomonadales,Pyrinomonadaceae,RB41,uncultured Acidobacteria bacterium
seq6016,ML_predicted_Phylum: Bacteroidota,,,,,,
seq6017,Bacteria,Proteobacteria,Alphaproteobacteria,Rhizobiales,Rhizobiaceae,Allorhizobium-Neorhizobium-Pararhizobium-Rhizobium,uncultured Alphaproteobacteria bacterium
seq6018,Bacteria,Bacteroidota,Bacteroidia,Chitinophagales,Chitinophagaceae,Flavisolibacter,uncultured bacterium
seq6019,Bacteria,Planctomycetota,Planctomycetes,Planctomycetales,uncultured,uncultured bacterium,
seq6020,Bacteria,Acidobacteriota,Vicinamibacteria,Vicinamibacterales,Vicinamibacteraceae,uncultured bacterium,
seq6021,Bacteria,Acidobacteriota,Vicinamibacteria,Vicinamibacterales,Vicinamibacteraceae,uncultured Acidobacteria bacterium,
seq6022,Bacteria,Bacteroidota,Bacteroidia,Cytophagales,Spirosomaceae,Dyadobacter,Dyadobacter sp. THG-J3
seq6023,Archaea,Crenarchaeota,Nitrososphaeria,Nitrososphaerales,Nitrososphaeraceae,uncultured archaeon,
seq6024,Bacteria,Bacteroidota,Bacteroidia,Chitinophagales,Saprospiraceae,uncultured,uncultured Sphingobacteriales bacterium
seq6025,Bacteria,Chloroflexi,JG30-KF-CM66,uncultured bacterium,,,
seq6026,Unclassified,,,,,,
seq6027,Archaea,Crenarchaeota,Nitrososphaeria,Nitrososphaerales,Nitrososphaeraceae,Candidatus Nitrososphaera,uncultured archaeon
seq6028,Unclassified,,,,,,
seq6029,ML_predicted_Phylum: Bacteroidota,,,,,,
seq6030,Bacteria,Bacteroidota,Bacteroidia,Flavobacteriales,Flavobacteriaceae,Flavobacterium,Flavobacterium oncorhynchi
seq6031,Bacteria,Proteobacteria,Alphaproteobacteria,Sphingomonadales,Sphingomonadaceae,Sphingomonas,uncultured bacterium
seq6032,ML_predicted_Phylum: Myxococcota,,,,,,
seq6033,Bacteria,Actinobacteriota,Thermoleophilia,Gaiellales,uncultured,uncultured bacterium,
seq6034,Bacteria,Actinobacteriota,Actinobacteria,0319-7L14,uncultured bacterium,,
seq6035,Bacteria,Bacteroidota,Bacteroidia,Sphingobacteriales,Sphingobacteriaceae,Mucilaginibacter,Mucilaginibacter frigoritolerans
seq6036,Bacteria,Proteobacteria,Gammaproteobacteria,Pseudomonadales,Pseudohongiellaceae,BIyi10,metagenome
seq6037,Bacteria,Elusimicrobiota,Lineage IIb,uncultured bacterium,,,
seq6038,Bacteria,Actinobacteriota,Actinobacteria,Micrococcales,Cellulomonadaceae,Oerskovia,Oerskovia sp. PJD12
seq6039,Bacteria,Patescibacteria,Saccharimonadia,Saccharimonadales,uncultured bacterium,,
seq6040,ML_predicted_Phylum: Actinobacteriota,,,,,,
seq6041,Bacteria,Actinobacteriota,Actinobacteria,Propionibacteriales,Propionibacteriaceae,Microlunatus,uncultured bacterium
seq6042,Archaea,Crenarchaeota,Nitrososphaeria,Nitrososphaerales,Nitrososphaeraceae,uncultured archaeon,
seq6043,Bacteria,Acidobacteriota,Blastocatellia,Blastocatellales,Blastocatellaceae,Blastocatella,uncultured Acidobacteria bacterium
seq6044,ML_predicted_Phylum: Proteobacteria,,,,,,
seq6045,Bacteria,Proteobacteria,Gammaproteobacteria,Burkholderiales,Comamonadaceae,Ramlibacter,Ramlibacter sp.
seq6046,Archaea,Crenarchaeota,Nitrososphaeria,Nitrososphaerales,Nitrososphaeraceae,uncultured archaeon,
seq6047,Unclassified,,,,,,
seq6048,Bacteria,Proteobacteria,Alphaproteobacteria,Rhizobiales,Xanthobacteraceae,uncultured,uncultured bacterium
seq6049,Bacteria,Myxococcota,Polyangia,Polyangiales,Sandaracinaceae,uncultured,metagenome
seq6050,Bacteria,Proteobacteria,Alphaproteobacteria,Rhizobiales,Xanthobacteraceae,uncultured,uncultured bacterium
seq6051,Bacteria,Verrucomicrobiota,Verrucomicrobiae,Verrucomicrobiales,Verrucomicrobiaceae,Verrucomicrobium,uncultured bacterium
seq6052,Bacteria,Bacteroidota,Bacteroidia,Chitinophagales,Chitinophagaceae,uncultured,uncultured bacterium
seq6053,Bacteria,Proteobacteria,Alphaproteobacteria,Rhizobiales,Xanthobacteraceae,uncultured,uncultured bacterium
seq6054,Bacteria,Bacteroidota,Bacteroidia,Sphingobacteriales,Sphingobacteriaceae,Mucilaginibacter,Mucilaginibacter sp.
seq6055,Bacteria,Acidobacteriota,Blastocatellia,Pyrinomonadales,Pyrinomonadaceae,RB41,uncultured Acidobacteriaceae bacterium
seq6056,Bacteria,Bacteroidota,Bacteroidia,Cytophagales,Spirosomaceae,Dyadobacter,uncultured bacterium
seq6057,ML_predicted_Phylum: Bacteroidota,,,,,,
seq6058,Bacteria,Actinobacteriota,Acidimicrobiia,Microtrichales,Iamiaceae,Iamia,uncultured Acidimicrobiia bacterium
seq6059,Bacteria,Chloroflexi,Chloroflexia,Thermomicrobiales,JG30-KF-CM45,uncultured bacterium,
seq6060,Bacteria,Proteobacteria,Gammaproteobacteria,Pseudomonadales,Cellvibrionaceae,uncultured,uncultured bacterium
seq6061,Bacteria,Bacteroidota,Bacteroidia,Chitinophagales,Saprospiraceae,Phaeodactylibacter,uncultured bacterium
seq6062,Bacteria,Actinobacteriota,MB-A2-108,uncultured bacterium,,,
seq6063,Bacteria,Bacteroidota,Bacteroidia,Chitinophagales,Chitinophagaceae,Ferruginibacter,uncultured Bacteroidetes bacterium
seq6064,Unclassified,,,,,,
seq6065,Bacteria,Planctomycetota,Phycisphaerae,Tepidisphaerales,WD2101 soil group,uncultured bacterium,
seq6066,ML_predicted_Phylum: Planctomycetota,,,,,,
seq6067,Bacteria,Bacteroidota,Bacteroidia,Chitinophagales,Chitinophagaceae,Ferruginibacter,uncultured Chitinophagaceae bacterium
seq6068,Bacteria,Acidobacteriota,Vicinamibacteria,Vicinamibacterales,Vicinamibacteraceae,Vicinamibacter,uncultured bacterium
seq6069,Bacteria,Acidobacteriota,Vicinamibacteria,Vicinamibacterales,uncultured,uncultured Acidobacteriales bacterium,
seq6070,ML_predicted_Phylum: Verrucomicrobiota,,,,,,
seq6071,Bacteria,Planctomycetota,Planctomycetes,Gemmatales,Gemmataceae,Gemmata,uncultured bacterium
seq6072,ML_predicted_Phylum: Actinobacteriota,,,,,,
seq6073,ML_predicted_Phylum: Patescibacteria,,,,,,
seq6074,Bacteria,Actinobacteriota,Thermoleophilia,Solirubrobacterales,67-14,uncultured bacterium,
seq6075,Bacteria,Acidobacteriota,Holophagae,Subgroup 7,uncultured soil bacterium,,
seq6076,Bacteria,Proteobacteria,Alphaproteobacteria,Caulobacterales,Caulobacteraceae,uncultured,uncultured Caulobacter sp.
seq6077,ML_predicted_Phylum: Actinobacteriota,,,,,,
seq6078,ML_predicted_Phylum: Patescibacteria,,,,,,
seq6079,ML_predicted_Phylum: Proteobacteria,,,,,,
seq6080,Archaea,Crenarchaeota,Nitrososphaeria,Nitrososphaerales,Nitrososphaeraceae,uncultured crenarchaeote,
seq6081,Bacteria,Planctomycetota,Phycisphaerae,Tepidisphaerales,WD2101 soil group,uncultured Planctomycetia bacterium,
seq6082,Bacteria,Chloroflexi,KD4-96,uncultured Chloroflexi bacterium,,,
seq6083,Unclassified,,,,,,
seq6084,Archaea,Crenarchaeota,Nitrososphaeria,Nitrososphaerales,Nitrososphaeraceae,uncultured crenarchaeote,
seq6085,Bacteria,Firmicutes,Bacilli,Bacillales,Bacillaceae,Bacillus,uncultured bacterium
seq6086,Bacteria,Proteobacteria,Alphaproteobacteria,Reyranellales,Reyranellaceae,uncultured,uncultured bacterium
seq6087,Bacteria,Verrucomicrobiota,Verrucomicrobiae,Chthoniobacterales,Chthoniobacteraceae,Chthoniobacter,uncultured bacterium
seq6088,Bacteria,Patescibacteria,Parcubacteria,uncultured bacterium,,,
seq6089,ML_predicted_Phylum: Proteobacteria,,,,,,
seq6090,Bacteria,Chloroflexi,Chloroflexia,Kallotenuales,AKIW781,uncultured bacterium,
seq6091,Bacteria,Firmicutes,Bacilli,Paenibacillales,Paenibacillaceae,Paenibacillus,Paenibacillus sp. BCHCNZ284
seq6092,Bacteria,Proteobacteria,Alphaproteobacteria,Tistrellales,Geminicoccaceae,uncultured,uncultured Rhodospirillales bacterium
seq6093,Bacteria,Acidobacteriota,Blastocatellia,Pyrinomonadales,Pyrinomonadaceae,RB41,uncultured bacterium
seq6094,Bacteria,Proteobacteria,Alphaproteobacteria,Rhizobiales,Xanthobacteraceae,uncultured,uncultured bacterium
seq6095,Bacteria,Chloroflexi,Chloroflexia,Thermomicrobiales,JG30-KF-CM45,uncultured bacterium,
seq6096,Archaea,Crenarchaeota,Nitrososphaeria,Nitrososphaerales,Nitrososphaeraceae,Candidatus Nitrososphaera,uncultured bacterium
seq6097,ML_predicted_Phylum: RCP2-54,,,,,,
seq6098,Bacteria,Planctomycetota,Phycisphaerae,Tepidisphaerales,WD2101 soil group,uncultured bacterium,
seq6099,Bacteria,Acidobacteriota,Vicinamibacteria,Vicinamibacterales,Vicinamibacteraceae,uncultured bacterium,
seq6100,Bacteria,Actinobacteriota,Thermoleophilia,Solirubrobacterales,67-14,uncultured bacterium,
seq6101,Archaea,Crenarchaeota,Nitrososphaeria,Nitrososphaerales,Nitrososphaeraceae,uncultured crenarchaeote,
seq6102,Bacteria,Verrucomicrobiota,Verrucomicrobiae,Pedosphaerales,Pedosphaeraceae,uncultured Verrucomicrobia bacterium,
seq6103,Bacteria,Chloroflexi,Chloroflexia,Thermomicrobiales,JG30-KF-CM45,uncultured bacterium,
seq6104,Bacteria,Proteobacteria,Gammaproteobacteria,Acidiferrobacterales,Acidiferrobacteraceae,Sulfurifustis,uncultured bacterium
seq6105,Bacteria,Verrucomicrobiota,Verrucomicrobiae,Pedosphaerales,Pedosphaeraceae,uncultured bacterium,
seq6106,Bacteria,Chloroflexi,Anaerolineae,SBR1031,A4b,uncultured bacterium,
seq6107,Bacteria,Actinobacteriota,Acidimicrobiia,IMCC26256,uncultured Cellulomonadaceae bacterium,,
seq6108,Bacteria,Actinobacteriota,Actinobacteria,Micromonosporales,Micromonosporaceae,Asanoa,Asanoa hainanensis
seq6109,Bacteria,Planctomycetota,Planctomycetes,Planctomycetales,Rubinisphaeraceae,Planctomicrobium,uncultured soil bacterium
seq6110,Bacteria,Acidobacteriota,Blastocatellia,Blastocatellales,Blastocatellaceae,Blastocatella,uncultured Acidobacteria bacterium
seq6111,Bacteria,Acidobacteriota,Vicinamibacteria,Vicinamibacterales,uncultured,uncultured Acidobacteria bacterium,
seq6112,Bacteria,Proteobacteria,Gammaproteobacteria,Pseudomonadales,Pseudohongiellaceae,BIyi10,uncultured soil bacterium
seq6113,Bacteria,Bacteroidota,Bacteroidia,Cytophagales,Microscillaceae,Ohtaekwangia,uncultured Bacteroidetes bacterium
seq6114,Bacteria,Verrucomicrobiota,Verrucomicrobiae,Verrucomicrobiales,Verrucomicrobiaceae,Verrucomicrobium,Verrucomicrobium spinosum DSM 4136 = JCM 18804
seq6115,Bacteria,Actinobacteriota,Actinobacteria,Streptomycetales,Streptomycetaceae,Streptomyces,Streptomyces sp. RU-75
seq6116,Bacteria,Verrucomicrobiota,Verrucomicrobiae,Chthoniobacterales,Chthoniobacteraceae,Chthoniobacter,uncultured bacterium
seq6117,Bacteria,Verrucomicrobiota,Verrucomicrobiae,Chthoniobacterales,Chthoniobacteraceae,Chthoniobacter,uncultured bacterium
seq6118,Archaea,Crenarchaeota,Nitrososphaeria,Nitrososphaerales,Nitrososphaeraceae,uncultured archaeon,
seq6119,Bacteria,Actinobacteriota,Actinobacteria,Micrococcales,Intrasporangiaceae,uncultured,uncultured bacterium
seq6120,Bacteria,Proteobacteria,Gammaproteobacteria,Nitrosococcales,Nitrosococcaceae,wb1-P19,uncultured bacterium
seq6121,Bacteria,Gemmatimonadota,Gemmatimonadetes,Gemmatimonadales,Gemmatimonadaceae,uncultured,uncultured bacterium
seq6122,Bacteria,Proteobacteria,Gammaproteobacteria,Pseudomonadales,Pseudohongiellaceae,BIyi10,metagenome
seq6123,Bacteria,Proteobacteria,Gammaproteobacteria,Burkholderiales,TRA3-20,uncultured bacterium,
seq6124,Bacteria,Proteobacteria,Gammaproteobacteria,Burkholderiales,Comamonadaceae,uncultured,Curvibacter sp. THG-DN7.1
seq6125,Bacteria,Myxococcota,bacteriap25,uncultured bacterium,,,
seq6126,Bacteria,Bacteroidota,Bacteroidia,Sphingobacteriales,Sphingobacteriaceae,Mucilaginibacter,Mucilaginibacter flavus
seq6127,Bacteria,Actinobacteriota,Thermoleophilia,Gaiellales,uncultured,uncultured bacterium,
seq6128,Bacteria,Acidobacteriota,Blastocatellia,Blastocatellales,Blastocatellaceae,JGI 0001001-H03,uncultured Acidobacteria bacterium
seq6129,ML_predicted_Phylum: Verrucomicrobiota,,,,,,
seq6130,Bacteria,Chloroflexi,Chloroflexia,Kallotenuales,AKIW781,uncultured bacterium,
seq6131,Bacteria,Planctomycetota,Planctomycetes,Pirellulales,Pirellulaceae,Pirellula,uncultured bacterium
seq6132,Bacteria,Bacteroidota,Bacteroidia,Chitinophagales,Chitinophagaceae,Terrimonas,uncultured bacterium
seq6133,Bacteria,Actinobacteriota,Rubrobacteria,Rubrobacterales,Rubrobacteriaceae,Rubrobacter,uncultured Rubrobacter sp.
seq6134,Bacteria,Patescibacteria,Parcubacteria,uncultured bacterium,,,
seq6135,Bacteria,Acidobacteriota,Blastocatellia,Blastocatellales,Blastocatellaceae,uncultured,uncultured Acidobacteria bacterium
seq6136,Bacteria,Armatimonadota,Armatimonadia,Armatimonadales,uncultured bacterium,,
seq6137,Bacteria,Acidobacteriota,Blastocatellia,Pyrinomonadales,Pyrinomonadaceae,RB41,uncultured bacterium
seq6138,Bacteria,Proteobacteria,Gammaproteobacteria,Burkholderiales,Sutterellaceae,uncultured,uncultured bacterium
seq6139,Bacteria,Proteobacteria,Alphaproteobacteria,Tistrellales,Geminicoccaceae,uncultured,uncultured bacterium
seq6140,Archaea,Crenarchaeota,Nitrososphaeria,Nitrososphaerales,Nitrososphaeraceae,uncultured archaeon,
seq6141,Bacteria,Verrucomicrobiota,Verrucomicrobiae,Chthoniobacterales,Xiphinematobacteraceae,Candidatus Xiphinematobacter,uncultured bacterium
seq6142,Bacteria,Actinobacteriota,Thermoleophilia,Solirubrobacterales,Solirubrobacteraceae,Solirubrobacter,Solirubrobacter ginsenosidimutans
seq6143,Bacteria,Proteobacteria,Alphaproteobacteria,Rhizobiales,Devosiaceae,Devosia,metagenome
seq6144,Bacteria,Acidobacteriota,Thermoanaerobaculia,Thermoanaerobaculales,Thermoanaerobaculaceae,Subgroup 10,uncultured bacterium
seq6145,Bacteria,Proteobacteria,Alphaproteobacteria,Rhizobiales,Rhizobiaceae,Ensifer,Sinorhizobium sp. Cra28
seq6146,ML_predicted_Phylum: Planctomycetota,,,,,,
seq6147,ML_predicted_Phylum: Bacteroidota,,,,,,
seq6148,Bacteria,Actinobacteriota,Thermoleophilia,Solirubrobacterales,Solirubrobacteraceae,Conexibacter,uncultured bacterium
seq6149,Bacteria,Patescibacteria,Gracilibacteria,Candidatus Peribacteria,uncultured soil bacterium,,
seq6150,ML_predicted_Phylum: Proteobacteria,,,,,,
seq6151,Bacteria,Bacteroidota,Bacteroidia,Chitinophagales,Chitinophagaceae,uncultured,uncultured bacterium
seq6152,Bacteria,Actinobacteriota,MB-A2-108,uncultured bacterium,,,
seq6153,Bacteria,Actinobacteriota,Actinobacteria,Pseudonocardiales,Pseudonocardiaceae,Saccharothrix,actinomycete A2-01
seq6154,Bacteria,Bacteroidota,Bacteroidia,Sphingobacteriales,AKYH767,uncultured bacterium,
seq6155,Bacteria,Myxococcota,Polyangia,Polyangiales,Polyangiaceae,uncultured,uncultured bacterium
seq6156,Bacteria,Acidobacteriota,Blastocatellia,Pyrinomonadales,Pyrinomonadaceae,RB41,uncultured bacterium
seq6157,Bacteria,Actinobacteriota,Actinobacteria,Corynebacteriales,Mycobacteriaceae,Mycobacterium,Mycobacterium sp.
seq6158,Bacteria,Bacteroidota,Bacteroidia,Cytophagales,Microscillaceae,uncultured,uncultured bacterium
seq6159,ML_predicted_Phylum: Bacteroidota,,,,,,
seq6160,Bacteria,Verrucomicrobiota,Verrucomicrobiae,Pedosphaerales,Pedosphaeraceae,DEV008,uncultured archaeon
seq6161,Bacteria,Actinobacteriota,Actinobacteria,Micromonosporales,Micromonosporaceae,uncultured,uncultured bacterium
seq6162,Bacteria,Actinobacteriota,Acidimicrobiia,Microtrichales,Ilumatobacteraceae,uncultured,uncultured bacterium
seq6163,Bacteria,Verrucomicrobiota,Verrucomicrobiae,Chthoniobacterales,Chthoniobacteraceae,Candidatus Udaeobacter,uncultured bacterium
seq6164,Bacteria,Acidobacteriota,Blastocatellia,Pyrinomonadales,Pyrinomonadaceae,RB41,uncultured bacterium
seq6165,Bacteria,Proteobacteria,Alphaproteobacteria,Rhizobiales,Beijerinckiaceae,Methylobacterium-Methylorubrum,Methylobacterium sp. LC426
seq6166,Bacteria,Proteobacteria,Gammaproteobacteria,Burkholderiales,TRA3-20,uncultured bacterium,
seq6167,Bacteria,Proteobacteria,Alphaproteobacteria,Sphingomonadales,Sphingomonadaceae,uncultured,uncultured bacterium
seq6168,Bacteria,Chloroflexi,KD4-96,uncultured bacterium,,,
seq6169,Bacteria,Myxococcota,Polyangia,Polyangiales,Sandaracinaceae,uncultured,uncultured bacterium
seq6170,Archaea,Crenarchaeota,Nitrososphaeria,Nitrososphaerales,Nitrososphaeraceae,uncultured archaeon,
seq6171,Bacteria,Actinobacteriota,Acidimicrobiia,Microtrichales,Iamiaceae,Iamia,uncultured Acidimicrobiia bacterium
seq6172,ML_predicted_Phylum: Verrucomicrobiota,,,,,,
seq6173,Bacteria,Chloroflexi,Anaerolineae,Anaerolineales,Anaerolineaceae,uncultured,metagenome
seq6174,Bacteria,Proteobacteria,Alphaproteobacteria,Azospirillales,Azospirillaceae,Skermanella,Skermanella sp. 8-14-6
seq6175,Bacteria,Bacteroidota,Bacteroidia,Chitinophagales,Saprospiraceae,uncultured,uncultured bacterium
seq6176,Bacteria,Acidobacteriota,Vicinamibacteria,Vicinamibacterales,Vicinamibacteraceae,uncultured Acidobacteria bacterium,
seq6177,Bacteria,Bdellovibrionota,Bdellovibrionia,Bdellovibrionales,Bdellovibrionaceae,Bdellovibrio,uncultured bacterium
seq6178,Bacteria,Proteobacteria,Alphaproteobacteria,Tistrellales,Geminicoccaceae,Candidatus Alysiosphaera,Candidatus Halyseosphaera europeae
seq6179,Bacteria,Bacteroidota,Bacteroidia,Sphingobacteriales,Sphingobacteriaceae,Mucilaginibacter,Sphingobacteriaceae bacterium kmd_006
seq6180,ML_predicted_Phylum: Verrucomicrobiota,,,,,,
seq6181,Bacteria,Gemmatimonadota,Gemmatimonadetes,Gemmatimonadales,Gemmatimonadaceae,uncultured,uncultured bacterium
seq6182,Bacteria,Bdellovibrionota,Bdellovibrionia,Bdellovibrionales,Bdellovibrionaceae,Bdellovibrio,uncultured soil bacterium
seq6183,Bacteria,Acidobacteriota,Vicinamibacteria,Vicinamibacterales,uncultured,uncultured Acidobacteria bacterium,
seq6184,Bacteria,Verrucomicrobiota,Verrucomicrobiae,Verrucomicrobiales,Rubritaleaceae,Luteolibacter,Luteolibacter arcticus
seq6185,Bacteria,Proteobacteria,Gammaproteobacteria,Burkholderiales,Burkholderiaceae,Burkholderia-Caballeronia-Paraburkholderia,Caballeronia peredens
seq6186,Bacteria,Bacteroidota,Bacteroidia,Sphingobacteriales,Sphingobacteriaceae,Mucilaginibacter,Mucilaginibacter soli
seq6187,Bacteria,Planctomycetota,Planctomycetes,Pirellulales,Pirellulaceae,Pir4 lineage,uncultured bacterium
seq6188,Bacteria,Myxococcota,Polyangia,Polyangiales,Polyangiaceae,Pajaroellobacter,uncultured bacterium
seq6189,Bacteria,Verrucomicrobiota,Verrucomicrobiae,Opitutales,Opitutaceae,IMCC26134,metagenome
seq6190,ML_predicted_Phylum: Bacteroidota,,,,,,
seq6191,Bacteria,Bacteroidota,Bacteroidia,Chitinophagales,Chitinophagaceae,uncultured,uncultured bacterium
seq6192,Bacteria,Bacteroidota,Bacteroidia,Chitinophagales,Chitinophagaceae,Edaphobaculum,uncultured bacterium
seq6193,Bacteria,Actinobacteriota,Actinobacteria,Micromonosporales,Micromonosporaceae,Rhizocola,Catellatospora sp. KC-EP-S6
seq6194,Bacteria,Myxococcota,bacteriap25,uncultured bacterium,,,
seq6195,ML_predicted_Phylum: Proteobacteria,,,,,,
seq6196,Bacteria,Actinobacteriota,Actinobacteria,Propionibacteriales,Nocardioidaceae,Aeromicrobium,Nocardioides sp.
seq6197,Bacteria,Actinobacteriota,Actinobacteria,Propionibacteriales,Propionibacteriaceae,Microlunatus,uncultured bacterium
seq6198,Bacteria,Proteobacteria,Alphaproteobacteria,Caulobacterales,Hyphomonadaceae,Hirschia,uncultured bacterium
seq6199,Bacteria,Planctomycetota,Planctomycetes,Gemmatales,Gemmataceae,uncultured,uncultured bacterium
seq6200,Bacteria,Planctomycetota,Planctomycetes,Pirellulales,Pirellulaceae,Pir4 lineage,uncultured bacterium
seq6201,Bacteria,Proteobacteria,Alphaproteobacteria,Reyranellales,Reyranellaceae,Reyranella,Reyranella soli
seq6202,Archaea,Crenarchaeota,Nitrososphaeria,Nitrososphaerales,Nitrososphaeraceae,uncultured crenarchaeote,
seq6203,Bacteria,Verrucomicrobiota,Verrucomicrobiae,Pedosphaerales,Pedosphaeraceae,Ellin517,uncultured bacterium
seq6204,Bacteria,Bacteroidota,Bacteroidia,Chitinophagales,Chitinophagaceae,Terrimonas,uncultured bacterium
seq6205,Bacteria,Planctomycetota,Phycisphaerae,Tepidisphaerales,WD2101 soil group,uncultured soil bacterium,
seq6206,ML_predicted_Phylum: Patescibacteria,,,,,,
seq6207,Unclassified,,,,,,
seq6208,Bacteria,Planctomycetota,Planctomycetes,Gemmatales,Gemmataceae,uncultured,uncultured bacterium
seq6209,Bacteria,Bacteroidota,Bacteroidia,Chitinophagales,Chitinophagaceae,uncultured,uncultured bacterium
seq6210,Bacteria,Verrucomicrobiota,Verrucomicrobiae,Opitutales,Opitutaceae,Opitutus,uncultured Verrucomicrobia bacterium
seq6211,Bacteria,Acidobacteriota,Vicinamibacteria,Vicinamibacterales,Vicinamibacteraceae,uncultured bacterium,
seq6212,ML_predicted_Phylum: Planctomycetota,,,,,,
seq6213,Bacteria,Bacteroidota,Bacteroidia,Chitinophagales,Chitinophagaceae,Edaphobaculum,metagenome
seq6214,Bacteria,Planctomycetota,Planctomycetes,Gemmatales,Gemmataceae,Gemmata,uncultured bacterium
seq6215,Bacteria,Proteobacteria,Alphaproteobacteria,Rhizobiales,Xanthobacteraceae,uncultured,uncultured bacterium
seq6216,Bacteria,Dependentiae,Babeliae,Babeliales,Vermiphilaceae,uncultured bacterium,
seq6217,Unclassified,,,,,,
seq6218,Bacteria,Actinobacteriota,Thermoleophilia,Solirubrobacterales,Solirubrobacteraceae,Solirubrobacter,uncultured bacterium
seq6219,Unclassified,,,,,,
seq6220,Bacteria,Bacteroidota,Bacteroidia,Cytophagales,Microscillaceae,uncultured,uncultured bacterium
seq6221,Bacteria,Bacteroidota,Bacteroidia,Cytophagales,Microscillaceae,Ohtaekwangia,uncultured bacterium
seq6222,Bacteria,Myxococcota,Polyangia,Haliangiales,Haliangiaceae,Haliangium,uncultured bacterium
seq6223,Bacteria,Bacteroidota,Bacteroidia,Cytophagales,Hymenobacteraceae,Adhaeribacter,uncultured bacterium
seq6224,Bacteria,Actinobacteriota,Acidimicrobiia,Microtrichales,Ilumatobacteraceae,uncultured,uncultured bacterium
seq6225,Bacteria,Bacteroidota,Bacteroidia,Cytophagales,Microscillaceae,uncultured,uncultured bacterium
seq6226,Bacteria,Verrucomicrobiota,Verrucomicrobiae,Chthoniobacterales,Chthoniobacteraceae,Chthoniobacter,uncultured bacterium
seq6227,ML_predicted_Phylum: Bacteroidota,,,,,,
seq6228,Bacteria,Actinobacteriota,Actinobacteria,Micromonosporales,Micromonosporaceae,Actinoplanes,Actinoplanes sp. RP-AC34
seq6229,Bacteria,Bacteroidota,Bacteroidia,Chitinophagales,Chitinophagaceae,Niastella,uncultured bacterium
seq6230,Bacteria,Proteobacteria,Alphaproteobacteria,Sphingomonadales,Sphingomonadaceae,uncultured,uncultured organism
seq6231,Bacteria,Actinobacteriota,Acidimicrobiia,IMCC26256,uncultured bacterium,,
seq6232,Bacteria,Proteobacteria,Alphaproteobacteria,Tistrellales,Geminicoccaceae,uncultured,uncultured bacterium
seq6233,Bacteria,Verrucomicrobiota,Verrucomicrobiae,Pedosphaerales,Pedosphaeraceae,uncultured Verrucomicrobia bacterium,
seq6234,Bacteria,Actinobacteriota,MB-A2-108,uncultured bacterium,,,
seq6235,Bacteria,Acidobacteriota,Blastocatellia,Blastocatellales,Blastocatellaceae,uncultured,uncultured Acidobacteria bacterium
seq6236,Bacteria,Bacteroidota,Bacteroidia,Cytophagales,Spirosomaceae,Dyadobacter,Dyadobacter psychrophilus
seq6237,Bacteria,Chloroflexi,TK10,uncultured bacterium,,,
seq6238,ML_predicted_Phylum: Bacteroidota,,,,,,
seq6239,Bacteria,Actinobacteriota,Actinobacteria,Micrococcales,Micrococcaceae,Arthrobacter,Arthrobacter sp. 4-2
seq6240,Bacteria,Verrucomicrobiota,Verrucomicrobiae,Chthoniobacterales,Chthoniobacteraceae,Chthoniobacter,uncultured bacterium
seq6241,Bacteria,Proteobacteria,Alphaproteobacteria,Elsterales,uncultured,uncultured bacterium,
seq6242,Archaea,Crenarchaeota,Nitrososphaeria,Nitrososphaerales,Nitrososphaeraceae,uncultured archaeon,
seq6243,Unclassified,,,,,,
seq6244,Bacteria,Acidobacteriota,Vicinamibacteria,Vicinamibacterales,Vicinamibacteraceae,uncultured bacterium,
seq6245,Bacteria,Bacteroidota,Bacteroidia,Chitinophagales,Chitinophagaceae,Flavisolibacter,uncultured bacterium
seq6246,Bacteria,Gemmatimonadota,Gemmatimonadetes,Gemmatimonadales,Gemmatimonadaceae,Gemmatimonas,uncultured bacterium
seq6247,Bacteria,Cyanobacteria,Cyanobacteriia,Chloroplast,Oryza sativa Japonica Group (Japanese rice),,
seq6248,ML_predicted_Phylum: Bacteroidota,,,,,,
seq6249,Bacteria,Proteobacteria,Alphaproteobacteria,Rhizobiales,Hyphomicrobiaceae,Pedomicrobium,uncultured bacterium
seq6250,Bacteria,Actinobacteriota,Acidimicrobiia,Microtrichales,Iamiaceae,Iamia,uncultured bacterium
seq6251,ML_predicted_Phylum: Patescibacteria,,,,,,
seq6252,Bacteria,Myxococcota,Polyangia,Haliangiales,Haliangiaceae,Haliangium,uncultured bacterium
seq6253,Bacteria,Chloroflexi,Chloroflexia,Chloroflexales,Herpetosiphonaceae,Herpetosiphon,uncultured bacterium
seq6254,Bacteria,Acidobacteriota,Thermoanaerobaculia,Thermoanaerobaculales,Thermoanaerobaculaceae,Subgroup 10,Acidobacteria bacterium WX184
seq6255,Unclassified,,,,,,
seq6256,Bacteria,Acidobacteriota,Vicinamibacteria,Vicinamibacterales,Vicinamibacteraceae,Vicinamibacter,uncultured bacterium
seq6257,Bacteria,Acidobacteriota,Holophagae,Subgroup 7,uncultured bacterium,,
seq6258,Archaea,Crenarchaeota,Nitrososphaeria,Nitrososphaerales,Nitrososphaeraceae,uncultured archaeon,
seq6259,Bacteria,Patescibacteria,Saccharimonadia,Saccharimonadales,LWQ8,uncultured Candidatus Saccharibacteria bacterium,
seq6260,Bacteria,Bacteroidota,Bacteroidia,Chitinophagales,Chitinophagaceae,Terrimonas,metagenome
seq6261,Bacteria,Verrucomicrobiota,Verrucomicrobiae,Chthoniobacterales,Chthoniobacteraceae,Chthoniobacter,uncultured bacterium
seq6262,Bacteria,Actinobacteriota,Thermoleophilia,Solirubrobacterales,Solirubrobacteraceae,Solirubrobacter,uncultured bacterium
seq6263,Bacteria,Actinobacteriota,Actinobacteria,Pseudonocardiales,Pseudonocardiaceae,Amycolatopsis,Amycolatopsis xylanica
seq6264,Bacteria,Acidobacteriota,Vicinamibacteria,Vicinamibacterales,Vicinamibacteraceae,Luteitalea,uncultured Acidobacteria bacterium
seq6265,Bacteria,Actinobacteriota,Thermoleophilia,Gaiellales,uncultured,uncultured bacterium,
seq6266,Bacteria,Verrucomicrobiota,Verrucomicrobiae,Chthoniobacterales,Chthoniobacteraceae,Chthoniobacter,uncultured Verrucomicrobia bacterium
seq6267,Bacteria,Patescibacteria,Saccharimonadia,Saccharimonadales,metagenome,,
seq6268,ML_predicted_Phylum: Bacteroidota,,,,,,
seq6269,Bacteria,Acidobacteriota,Vicinamibacteria,Vicinamibacterales,Vicinamibacteraceae,uncultured bacterium,
seq6270,Archaea,Crenarchaeota,Nitrososphaeria,Nitrososphaerales,Nitrososphaeraceae,uncultured crenarchaeote,
seq6271,Bacteria,Bacteroidota,Bacteroidia,Sphingobacteriales,NS11-12 marine group,metagenome,
seq6272,Bacteria,Bacteroidota,Bacteroidia,Chitinophagales,Chitinophagaceae,Ferruginibacter,uncultured Chitinophagaceae bacterium
seq6273,Bacteria,Actinobacteriota,Acidimicrobiia,Microtrichales,uncultured,uncultured actinobacterium,
seq6274,Bacteria,Proteobacteria,Gammaproteobacteria,Burkholderiales,TRA3-20,uncultured bacterium,
seq6275,Bacteria,Proteobacteria,Gammaproteobacteria,Enterobacterales,Enterobacteriaceae,Enterobacter,Enterobacter sp.
seq6276,Bacteria,Proteobacteria,Alphaproteobacteria,Rhizobiales,Beijerinckiaceae,Microvirga,Microvirga aerilata
seq6277,Bacteria,Proteobacteria,Gammaproteobacteria,Pseudomonadales,Pseudohongiellaceae,BIyi10,metagenome
seq6278,Bacteria,Bacteroidota,Bacteroidia,Cytophagales,Microscillaceae,uncultured,uncultured bacterium
seq6279,Bacteria,Actinobacteriota,Thermoleophilia,Solirubrobacterales,67-14,uncultured Rubrobacteraceae bacterium,
seq6280,Bacteria,Acidobacteriota,Vicinamibacteria,Vicinamibacterales,uncultured,uncultured bacterium,
seq6281,Bacteria,Proteobacteria,Alphaproteobacteria,Rhizobiales,Xanthobacteraceae,Pseudorhodoplanes,uncultured soil bacterium
seq6282,Archaea,Crenarchaeota,Nitrososphaeria,Nitrososphaerales,Nitrososphaeraceae,uncultured euryarchaeote,
seq6283,Bacteria,Chloroflexi,Anaerolineae,Ardenticatenales,Ardenticatenaceae,uncultured,uncultured Chloroflexi bacterium
seq6284,Bacteria,Actinobacteriota,MB-A2-108,uncultured bacterium,,,
seq6285,Archaea,Crenarchaeota,Nitrososphaeria,Nitrososphaerales,Nitrososphaeraceae,Candidatus Nitrososphaera,uncultured crenarchaeote
seq6286,Bacteria,Planctomycetota,Phycisphaerae,Phycisphaerales,Phycisphaeraceae,SM1A02,uncultured bacterium
seq6287,Bacteria,Bacteroidota,Bacteroidia,Chitinophagales,Chitinophagaceae,Terrimonas,uncultured bacterium
seq6288,Bacteria,Acidobacteriota,Vicinamibacteria,Vicinamibacterales,uncultured,uncultured Acidobacteria bacterium,
seq6289,Bacteria,Chloroflexi,Anaerolineae,SBR1031,A4b,uncultured Chloroflexi bacterium,
seq6290,ML_predicted_Phylum: Bacteroidota,,,,,,
seq6291,Bacteria,Chloroflexi,Anaerolineae,SBR1031,A4b,uncultured bacterium,
seq6292,Bacteria,Myxococcota,bacteriap25,uncultured bacterium,,,
seq6293,Bacteria,Bacteroidota,Bacteroidia,Chitinophagales,Chitinophagaceae,Parafilimonas,uncultured bacterium
seq6294,Bacteria,Myxococcota,Myxococcia,Myxococcales,Myxococcaceae,uncultured,uncultured bacterium
seq6295,Bacteria,Chloroflexi,Dehalococcoidia,S085,uncultured bacterium,,
seq6296,Bacteria,Patescibacteria,Saccharimonadia,Saccharimonadales,metagenome,,
seq6297,Bacteria,Bacteroidota,Bacteroidia,Chitinophagales,Chitinophagaceae,Edaphobaculum,metagenome
seq6298,Bacteria,Planctomycetota,Phycisphaerae,Tepidisphaerales,WD2101 soil group,uncultured bacterium,
seq6299,Bacteria,Verrucomicrobiota,Verrucomicrobiae,Opitutales,Opitutaceae,uncultured,metagenome
seq6300,Unclassified,,,,,,
seq6301,Bacteria,Planctomycetota,Planctomycetes,Pirellulales,Pirellulaceae,Pir4 lineage,uncultured planctomycete
seq6302,Bacteria,Bacteroidota,Bacteroidia,Chitinophagales,Chitinophagaceae,uncultured,uncultured bacterium
seq6303,Bacteria,SAR324 clade(Marine group B),uncultured bacterium,,,,
seq6304,ML_predicted_Phylum: Patescibacteria,,,,,,
seq6305,ML_predicted_Phylum: Verrucomicrobiota,,,,,,
seq6306,Bacteria,Myxococcota,Polyangia,Haliangiales,Haliangiaceae,Haliangium,uncultured bacterium
seq6307,Bacteria,Proteobacteria,Alphaproteobacteria,Rhizobiales,Xanthobacteraceae,uncultured,uncultured Hyphomicrobiaceae bacterium
seq6308,Bacteria,Actinobacteriota,Thermoleophilia,Gaiellales,Gaiellaceae,Gaiella,uncultured bacterium
seq6309,ML_predicted_Phylum: Bacteroidota,,,,,,
seq6310,Unclassified,,,,,,
seq6311,Archaea,Crenarchaeota,Nitrososphaeria,Nitrososphaerales,Nitrososphaeraceae,uncultured archaeon,
seq6312,Bacteria,Bacteroidota,Bacteroidia,Cytophagales,Microscillaceae,uncultured,uncultured bacterium
seq6313,Bacteria,Gemmatimonadota,Gemmatimonadetes,Gemmatimonadales,Gemmatimonadaceae,uncultured,uncultured bacterium
seq6314,ML_predicted_Phylum: Proteobacteria,,,,,,
seq6315,Bacteria,Acidobacteriota,Thermoanaerobaculia,Thermoanaerobaculales,Thermoanaerobaculaceae,Subgroup 10,uncultured Alphaproteobacteria bacterium
seq6316,Bacteria,Acidobacteriota,Subgroup 18,uncultured bacterium,,,
seq6317,Bacteria,Chloroflexi,Anaerolineae,SBR1031,uncultured soil bacterium,,
seq6318,Bacteria,Actinobacteriota,Actinobacteria,Micrococcales,Microbacteriaceae,Agromyces,Agromyces cerinus
seq6319,Bacteria,Acidobacteriota,Holophagae,Subgroup 7,uncultured Acidobacteria bacterium,,
seq6320,Bacteria,Bacteroidota,Bacteroidia,Chitinophagales,Chitinophagaceae,uncultured,uncultured bacterium
seq6321,Bacteria,Myxococcota,Polyangia,Polyangiales,Sandaracinaceae,uncultured,metagenome
seq6322,Bacteria,Verrucomicrobiota,Verrucomicrobiae,Pedosphaerales,Pedosphaeraceae,uncultured bacterium,
seq6323,Bacteria,Actinobacteriota,Rubrobacteria,Rubrobacterales,Rubrobacteriaceae,Rubrobacter,uncultured bacterium
seq6324,ML_predicted_Phylum: Proteobacteria,,,,,,
seq6325,Bacteria,Verrucomicrobiota,Verrucomicrobiae,Chthoniobacterales,Chthoniobacteraceae,Chthoniobacter,uncultured bacterium
seq6326,Bacteria,Verrucomicrobiota,Verrucomicrobiae,Opitutales,Opitutaceae,Opitutus,metagenome
seq6327,Bacteria,Bdellovibrionota,Oligoflexia,Oligoflexales,Oligoflexaceae,uncultured,uncultured bacterium
seq6328,ML_predicted_Phylum: Verrucomicrobiota,,,,,,
seq6329,Bacteria,Proteobacteria,Alphaproteobacteria,Caulobacterales,Caulobacteraceae,Phenylobacterium,uncultured bacterium
seq6330,Bacteria,Proteobacteria,Gammaproteobacteria,Gammaproteobacteria Incertae Sedis,Unknown Family,Acidibacter,uncultured bacterium
seq6331,ML_predicted_Phylum: Bacteroidota,,,,,,
seq6332,Bacteria,Bacteroidota,Bacteroidia,Chitinophagales,Saprospiraceae,Phaeodactylibacter,uncultured bacterium
seq6333,Bacteria,Planctomycetota,Phycisphaerae,Tepidisphaerales,WD2101 soil group,uncultured bacterium,
seq6334,Bacteria,Chloroflexi,Dehalococcoidia,S085,uncultured bacterium,,
seq6335,Bacteria,Planctomycetota,Planctomycetes,Gemmatales,Gemmataceae,uncultured,metagenome
seq6336,Bacteria,Bacteroidota,Bacteroidia,Chitinophagales,Chitinophagaceae,uncultured,uncultured bacterium
seq6337,ML_predicted_Phylum: Acidobacteriota,,,,,,
seq6338,Bacteria,Gemmatimonadota,Gemmatimonadetes,Gemmatimonadales,Gemmatimonadaceae,uncultured,uncultured bacterium
seq6339,Unclassified,,,,,,
seq6340,Bacteria,Actinobacteriota,Thermoleophilia,Gaiellales,uncultured,uncultured bacterium,
seq6341,Bacteria,Bacteroidota,Bacteroidia,Cytophagales,Hymenobacteraceae,Adhaeribacter,uncultured bacterium
seq6342,Bacteria,Myxococcota,Polyangia,Haliangiales,Haliangiaceae,Haliangium,uncultured bacterium
seq6343,Bacteria,Verrucomicrobiota,Verrucomicrobiae,Chthoniobacterales,Chthoniobacteraceae,Chthoniobacter,uncultured bacterium
seq6344,ML_predicted_Phylum: Proteobacteria,,,,,,
seq6345,Bacteria,Proteobacteria,Alphaproteobacteria,Elsterales,uncultured,uncultured soil bacterium,
seq6346,Bacteria,Bacteroidota,Bacteroidia,Cytophagales,Microscillaceae,Ohtaekwangia,Chryseolinea flava
seq6347,ML_predicted_Phylum: Bacteroidota,,,,,,
seq6348,Bacteria,Planctomycetota,Planctomycetes,Planctomycetales,Schlesneriaceae,Planctopirus,uncultured bacterium
seq6349,Bacteria,Bacteroidota,Bacteroidia,Chitinophagales,Chitinophagaceae,Niastella,uncultured bacterium
seq6350,Bacteria,Proteobacteria,Alphaproteobacteria,Tistrellales,Geminicoccaceae,uncultured,uncultured bacterium
seq6351,Archaea,Crenarchaeota,Nitrososphaeria,Nitrososphaerales,Nitrososphaeraceae,Candidatus Nitrososphaera,uncultured archaeon
seq6352,ML_predicted_Phylum: Myxococcota,,,,,,
seq6353,Bacteria,Myxococcota,Polyangia,Polyangiales,Sandaracinaceae,uncultured,uncultured bacterium
seq6354,Bacteria,Myxococcota,bacteriap25,uncultured bacterium,,,
seq6355,Bacteria,Bacteroidota,Bacteroidia,Chitinophagales,Saprospiraceae,uncultured,uncultured Bacteroidetes bacterium
seq6356,Unclassified,,,,,,
seq6357,Bacteria,Bacteroidota,Bacteroidia,Chitinophagales,Chitinophagaceae,uncultured,uncultured bacterium
seq6358,Bacteria,Bacteroidota,Bacteroidia,Chitinophagales,Chitinophagaceae,Taibaiella,Taibaiella sp.
seq6359,Bacteria,Verrucomicrobiota,Verrucomicrobiae,Pedosphaerales,Pedosphaeraceae,uncultured bacterium,
seq6360,Bacteria,Bacteroidota,Bacteroidia,Chitinophagales,Chitinophagaceae,Puia,uncultured bacterium
seq6361,Unclassified,,,,,,
seq6362,Bacteria,Gemmatimonadota,Gemmatimonadetes,Gemmatimonadales,Gemmatimonadaceae,uncultured,uncultured Gemmatimonas sp.
seq6363,Bacteria,Chloroflexi,Chloroflexia,Thermomicrobiales,JG30-KF-CM45,uncultured bacterium,
seq6364,Bacteria,Bacteroidota,Bacteroidia,Chitinophagales,Chitinophagaceae,uncultured,uncultured bacterium
seq6365,Bacteria,Bacteroidota,Bacteroidia,Sphingobacteriales,Sphingobacteriaceae,Pedobacter,Pedobacter sp. AR-138
seq6366,Bacteria,Proteobacteria,Alphaproteobacteria,Rhizobiales,Xanthobacteraceae,uncultured,uncultured bacterium
seq6367,Bacteria,Bacteroidota,Bacteroidia,Cytophagales,Microscillaceae,uncultured,uncultured bacterium
seq6368,Bacteria,Proteobacteria,Gammaproteobacteria,Xanthomonadales,Xanthomonadaceae,Lysobacter,Lysobacter sp. L40
seq6369,Unclassified,,,,,,
seq6370,Bacteria,Verrucomicrobiota,Verrucomicrobiae,Verrucomicrobiales,Verrucomicrobiaceae,Prosthecobacter,metagenome
seq6371,Bacteria,Actinobacteriota,Thermoleophilia,Solirubrobacterales,Solirubrobacteraceae,Solirubrobacter,uncultured bacterium
seq6372,Bacteria,Planctomycetota,Planctomycetes,Gemmatales,Gemmataceae,uncultured,uncultured bacterium
seq6373,Archaea,Crenarchaeota,Nitrososphaeria,Nitrososphaerales,Nitrososphaeraceae,uncultured crenarchaeote,
seq6374,Bacteria,Actinobacteriota,Thermoleophilia,Gaiellales,uncultured,uncultured bacterium,
seq6375,Bacteria,Myxococcota,Myxococcia,Myxococcales,Myxococcaceae,uncultured bacterium,
seq6376,Bacteria,Verrucomicrobiota,Verrucomicrobiae,Opitutales,Opitutaceae,Cephaloticoccus,uncultured bacterium
seq6377,Bacteria,Proteobacteria,Alphaproteobacteria,Sphingomonadales,Sphingomonadaceae,Sphingomonas,uncultured bacterium
seq6378,Bacteria,Chloroflexi,Anaerolineae,SBR1031,A4b,uncultured Chloroflexi bacterium,
seq6379,Bacteria,Actinobacteriota,Actinobacteria,Streptomycetales,Streptomycetaceae,Streptomyces,Streptomyces sp.
seq6380,Bacteria,Bacteroidota,Bacteroidia,Cytophagales,Hymenobacteraceae,Adhaeribacter,Adhaeribacter sp. H13
seq6381,Bacteria,Bacteroidota,Bacteroidia,Chitinophagales,Chitinophagaceae,Terrimonas,uncultured bacterium
seq6382,Bacteria,Actinobacteriota,Thermoleophilia,Solirubrobacterales,Solirubrobacteraceae,Solirubrobacter,uncultured bacterium
seq6383,Bacteria,Actinobacteriota,Thermoleophilia,Solirubrobacterales,Solirubrobacteraceae,Parviterribacter,Parviterribacter kavangonensis
seq6384,Bacteria,Verrucomicrobiota,Verrucomicrobiae,Pedosphaerales,Pedosphaeraceae,uncultured bacterium,
seq6385,Bacteria,Firmicutes,Bacilli,Paenibacillales,Paenibacillaceae,Paenibacillus,Paenibacillus sp. THG-RS1d
seq6386,Bacteria,Actinobacteriota,Acidimicrobiia,uncultured,uncultured Acidimicrobiia bacterium,,
seq6387,Bacteria,Acidobacteriota,Vicinamibacteria,Vicinamibacterales,uncultured,uncultured Acidobacteria bacterium,
seq6388,Bacteria,Acidobacteriota,Blastocatellia,Pyrinomonadales,Pyrinomonadaceae,RB41,uncultured bacterium
seq6389,Bacteria,Verrucomicrobiota,Verrucomicrobiae,Pedosphaerales,Pedosphaeraceae,uncultured,uncultured bacterium
seq6390,Unclassified,,,,,,
seq6391,Bacteria,Bacteroidota,Bacteroidia,Cytophagales,Cytophagaceae,Sporocytophaga,uncultured bacterium
seq6392,Bacteria,Bacteroidota,Bacteroidia,Cytophagales,Microscillaceae,uncultured,uncultured bacterium
seq6393,Bacteria,Elusimicrobiota,Lineage IIb,uncultured soil bacterium,,,
seq6394,Bacteria,Actinobacteriota,Actinobacteria,Micrococcales,Microbacteriaceae,Galbitalea,uncultured bacterium
seq6395,Bacteria,Proteobacteria,Gammaproteobacteria,Pseudomonadales,Pseudomonadaceae,Pseudomonas,Pseudomonas fluorescens
seq6396,ML_predicted_Phylum: Patescibacteria,,,,,,
seq6397,Bacteria,Bacteroidota,Bacteroidia,Chitinophagales,Chitinophagaceae,Parasegetibacter,uncultured bacterium
seq6398,Bacteria,Chloroflexi,Anaerolineae,SBR1031,A4b,uncultured Chloroflexi bacterium,
seq6399,Bacteria,Bacteroidota,Bacteroidia,Sphingobacteriales,Sphingobacteriaceae,Mucilaginibacter,Mucilaginibacter panaciglaebae
seq6400,Archaea,Crenarchaeota,Nitrososphaeria,Nitrososphaerales,Nitrososphaeraceae,uncultured crenarchaeote,
seq6401,Bacteria,Proteobacteria,Alphaproteobacteria,Rhizobiales,Beijerinckiaceae,Microvirga,Microvirga zambiensis WSM3693
seq6402,Bacteria,Actinobacteriota,Actinobacteria,Propionibacteriales,Propionibacteriaceae,Microlunatus,uncultured bacterium
seq6403,Archaea,Crenarchaeota,Nitrososphaeria,Nitrososphaerales,Nitrososphaeraceae,uncultured archaeon,
seq6404,Bacteria,Bacteroidota,Bacteroidia,Chitinophagales,Chitinophagaceae,Ferruginibacter,Sphingobacteriaceae bacterium enrichment culture clone hao06
seq6405,Bacteria,Bacteroidota,Bacteroidia,Chitinophagales,Chitinophagaceae,uncultured,uncultured Chitinophaga sp.
seq6406,Unclassified,,,,,,
seq6407,Bacteria,Entotheonellaeota,Entotheonellia,Entotheonellales,Entotheonellaceae,uncultured bacterium,
seq6408,ML_predicted_Phylum: Verrucomicrobiota,,,,,,
seq6409,Bacteria,Proteobacteria,Alphaproteobacteria,Rhizobiales,uncultured,uncultured bacterium,
seq6410,Bacteria,Verrucomicrobiota,Verrucomicrobiae,Opitutales,Opitutaceae,Opitutus,uncultured bacterium
seq6411,Bacteria,Bacteroidota,Bacteroidia,Chitinophagales,Chitinophagaceae,uncultured,uncultured bacterium
seq6412,Archaea,Crenarchaeota,Nitrososphaeria,Nitrososphaerales,Nitrososphaeraceae,uncultured crenarchaeote,
seq6413,Unclassified,,,,,,
seq6414,Bacteria,Bacteroidota,Bacteroidia,Chitinophagales,Chitinophagaceae,uncultured,uncultured bacterium
seq6415,Bacteria,Bacteroidota,Bacteroidia,Flavobacteriales,Weeksellaceae,Chryseobacterium,Chryseobacterium sp. Leaf201
seq6416,Bacteria,Proteobacteria,Alphaproteobacteria,Rhizobiales,Xanthobacteraceae,Rhodoplanes,uncultured bacterium
seq6417,Bacteria,Proteobacteria,Alphaproteobacteria,Reyranellales,Reyranellaceae,Reyranella,uncultured bacterium
seq6418,Bacteria,Bacteroidota,Bacteroidia,Flavobacteriales,Flavobacteriaceae,Flavobacterium,uncultured bacterium
seq6419,Bacteria,Actinobacteriota,Acidimicrobiia,Microtrichales,Ilumatobacteraceae,uncultured,uncultured bacterium
seq6420,Bacteria,Chloroflexi,Anaerolineae,SBR1031,A4b,uncultured bacterium,
seq6421,Bacteria,Actinobacteriota,Thermoleophilia,Solirubrobacterales,Solirubrobacteraceae,Conexibacter,metagenome
seq6422,Bacteria,Cyanobacteria,Cyanobacteriia,Chloroplast,Amborella trichopoda,,
seq6423,Bacteria,Chloroflexi,Anaerolineae,Caldilineales,Caldilineaceae,uncultured,uncultured bacterium
seq6424,Bacteria,Patescibacteria,Saccharimonadia,Saccharimonadales,uncultured bacterium,,
seq6425,Bacteria,Actinobacteriota,Acidimicrobiia,IMCC26256,uncultured bacterium,,
seq6426,Bacteria,Proteobacteria,Alphaproteobacteria,Rhizobiales,Rhizobiaceae,Allorhizobium-Neorhizobium-Pararhizobium-Rhizobium,Rhizobium sp. Cag7b
seq6427,Bacteria,Bacteroidota,Bacteroidia,Sphingobacteriales,env.OPS 17,uncultured bacterium,
seq6428,Bacteria,Entotheonellaeota,Entotheonellia,Entotheonellales,Entotheonellaceae,uncultured bacterium,
seq6429,Bacteria,Bacteroidota,Bacteroidia,Chitinophagales,Chitinophagaceae,Puia,uncultured Niastella sp.
seq6430,Unclassified,,,,,,
seq6431,Archaea,Crenarchaeota,Nitrososphaeria,Nitrososphaerales,Nitrososphaeraceae,uncultured crenarchaeote,
seq6432,Bacteria,Bacteroidota,Bacteroidia,Cytophagales,Microscillaceae,uncultured,uncultured bacterium
seq6433,ML_predicted_Phylum: Proteobacteria,,,,,,
seq6434,Bacteria,Planctomycetota,Phycisphaerae,Tepidisphaerales,WD2101 soil group,uncultured planctomycete,
seq6435,Bacteria,Acidobacteriota,Vicinamibacteria,Vicinamibacterales,Vicinamibacteraceae,uncultured bacterium,
seq6436,Bacteria,Acidobacteriota,Blastocatellia,11-24,uncultured bacterium,,
seq6437,Bacteria,Acidobacteriota,Subgroup 25,uncultured bacterium,,,
seq6438,Bacteria,Acidobacteriota,Vicinamibacteria,Vicinamibacterales,Vicinamibacteraceae,uncultured bacterium,
seq6439,Bacteria,Bacteroidota,Bacteroidia,Sphingobacteriales,env.OPS 17,uncultured bacterium,
seq6440,ML_predicted_Phylum: Proteobacteria,,,,,,
seq6441,Bacteria,Bacteroidota,Bacteroidia,Cytophagales,Microscillaceae,uncultured,uncultured bacterium
seq6442,Bacteria,Proteobacteria,Alphaproteobacteria,Rhizobiales,A0839,uncultured bacterium,
seq6443,Bacteria,Planctomycetota,Planctomycetes,Planctomycetales,uncultured,uncultured bacterium,
seq6444,Bacteria,Gemmatimonadota,Longimicrobia,Longimicrobiales,Longimicrobiaceae,uncultured bacterium,
seq6445,Unclassified,,,,,,
seq6446,Bacteria,Bacteroidota,Bacteroidia,Flavobacteriales,Flavobacteriaceae,Flavobacterium,metagenome
seq6447,Bacteria,Bacteroidota,Bacteroidia,Chitinophagales,Chitinophagaceae,Puia,uncultured Niastella sp.
seq6448,Bacteria,Sumerlaeota,Sumerlaeia,Sumerlaeales,Sumerlaeaceae,Sumerlaea,uncultured bacterium
seq6449,Unclassified,,,,,,
seq6450,Unclassified,,,,,,
seq6451,Bacteria,Planctomycetota,Planctomycetes,Pirellulales,Pirellulaceae,Pirellula,uncultured bacterium
seq6452,Bacteria,Chloroflexi,Anaerolineae,SBR1031,A4b,uncultured bacterium,
seq6453,Bacteria,Proteobacteria,Gammaproteobacteria,Steroidobacterales,Steroidobacteraceae,Steroidobacter,bacterium MI-37
seq6454,Bacteria,Acidobacteriota,Blastocatellia,11-24,uncultured Acidobacteria bacterium,,
seq6455,Unclassified,,,,,,
seq6456,Bacteria,Bacteroidota,Bacteroidia,Cytophagales,Microscillaceae,uncultured,uncultured bacterium
seq6457,Bacteria,Planctomycetota,Planctomycetes,Planctomycetales,uncultured,uncultured planctomycete,
seq6458,Unclassified,,,,,,
seq6459,Bacteria,Actinobacteriota,Thermoleophilia,Solirubrobacterales,Solirubrobacteraceae,Solirubrobacter,uncultured bacterium
seq6460,Bacteria,Bacteroidota,Bacteroidia,Chitinophagales,Chitinophagaceae,Niastella,uncultured bacterium
seq6461,ML_predicted_Phylum: Patescibacteria,,,,,,
seq6462,ML_predicted_Phylum: Acidobacteriota,,,,,,
seq6463,Bacteria,Bacteroidota,Bacteroidia,Cytophagales,Microscillaceae,uncultured,uncultured bacterium
seq6464,Bacteria,Actinobacteriota,Thermoleophilia,Gaiellales,uncultured,uncultured bacterium,
seq6465,Bacteria,Chloroflexi,Anaerolineae,SBR1031,A4b,uncultured Chloroflexi bacterium,
seq6466,Bacteria,Bacteroidota,Bacteroidia,Cytophagales,Microscillaceae,uncultured,uncultured bacterium
seq6467,Archaea,Crenarchaeota,Nitrososphaeria,Nitrososphaerales,Nitrososphaeraceae,uncultured crenarchaeote,
seq6468,Bacteria,Actinobacteriota,Thermoleophilia,Solirubrobacterales,67-14,uncultured bacterium,
seq6469,Bacteria,Planctomycetota,Planctomycetes,Pirellulales,Pirellulaceae,uncultured,metagenome
seq6470,Bacteria,Gemmatimonadota,Gemmatimonadetes,Gemmatimonadales,Gemmatimonadaceae,uncultured,uncultured bacterium
seq6471,Bacteria,Verrucomicrobiota,Verrucomicrobiae,Chthoniobacterales,Chthoniobacteraceae,Chthoniobacter,uncultured Verrucomicrobia bacterium
seq6472,Bacteria,Actinobacteriota,Actinobacteria,Frankiales,Frankiaceae,Frankia,Frankia sp.
seq6473,Bacteria,Abditibacteriota,Abditibacteria,Abditibacteriales,Abditibacteriaceae,Abditibacterium,uncultured actinobacterium
seq6474,Bacteria,Planctomycetota,Planctomycetes,Pirellulales,Pirellulaceae,Pir4 lineage,metagenome
seq6475,Bacteria,Proteobacteria,Alphaproteobacteria,Rhizobiales,Beijerinckiaceae,Microvirga,uncultured bacterium
seq6476,Bacteria,Bacteroidota,Bacteroidia,Chitinophagales,Chitinophagaceae,Edaphobaculum,metagenome
seq6477,Bacteria,Proteobacteria,Alphaproteobacteria,Rickettsiales,Mitochondria,Sporobolus stapfianus,
seq6478,Bacteria,Bacteroidota,Bacteroidia,Cytophagales,Microscillaceae,uncultured,uncultured bacterium
seq6479,Bacteria,Proteobacteria,Gammaproteobacteria,Burkholderiales,Nitrosomonadaceae,MND1,uncultured bacterium
seq6480,Bacteria,Proteobacteria,Alphaproteobacteria,Rhizobiales,Rhizobiales Incertae Sedis,Bauldia,uncultured bacterium
seq6481,Bacteria,Actinobacteriota,Acidimicrobiia,IMCC26256,uncultured bacterium,,
seq6482,Bacteria,Actinobacteriota,Thermoleophilia,Solirubrobacterales,Solirubrobacteraceae,uncultured Rubrobacteria bacterium,
seq6483,Bacteria,Proteobacteria,Gammaproteobacteria,Pseudomonadales,Pseudomonadaceae,Pseudomonas,Pseudomonas sp. A6(2012)
seq6484,Bacteria,Planctomycetota,Planctomycetes,Gemmatales,Gemmataceae,Gemmata,uncultured bacterium
seq6485,Bacteria,Acidobacteriota,Blastocatellia,11-24,uncultured bacterium,,
seq6486,Bacteria,Myxococcota,Polyangia,Haliangiales,Haliangiaceae,Haliangium,uncultured bacterium
seq6487,Bacteria,Cyanobacteria,Cyanobacteriia,Chloroplast,Lotus japonicus,,
seq6488,Bacteria,Bacteroidota,Bacteroidia,Chitinophagales,Chitinophagaceae,uncultured,uncultured bacterium
seq6489,Unclassified,,,,,,
seq6490,Bacteria,Chloroflexi,TK10,uncultured bacterium,,,
seq6491,Bacteria,Actinobacteriota,Thermoleophilia,Solirubrobacterales,Solirubrobacteraceae,Solirubrobacter,uncultured bacterium
seq6492,Bacteria,Myxococcota,Polyangia,Polyangiales,Polyangiaceae,uncultured,uncultured bacterium
seq6493,Bacteria,Bacteroidota,Bacteroidia,Chitinophagales,Chitinophagaceae,Edaphobaculum,uncultured bacterium
seq6494,ML_predicted_Phylum: Bacteroidota,,,,,,
seq6495,Bacteria,Acidobacteriota,Blastocatellia,Blastocatellales,Blastocatellaceae,uncultured,uncultured Acidobacteria bacterium
seq6496,Unclassified,,,,,,
seq6497,Bacteria,Acidobacteriota,Blastocatellia,Pyrinomonadales,Pyrinomonadaceae,RB41,uncultured Acidobacterium sp.
seq6498,Bacteria,Actinobacteriota,Thermoleophilia,Gaiellales,uncultured,uncultured bacterium,
seq6499,Bacteria,Patescibacteria,Saccharimonadia,Saccharimonadales,uncultured bacterium,,
seq6500,Bacteria,Bacteroidota,Bacteroidia,Cytophagales,Microscillaceae,Hassallia,uncultured bacterium
seq6501,Bacteria,Actinobacteriota,Acidimicrobiia,Microtrichales,Ilumatobacteraceae,uncultured,uncultured bacterium
seq6502,Unclassified,,,,,,
seq6503,Bacteria,Bacteroidota,Bacteroidia,Cytophagales,Microscillaceae,uncultured,uncultured bacterium
seq6504,Bacteria,Myxococcota,Polyangia,Haliangiales,Haliangiaceae,Haliangium,uncultured Myxococcales bacterium
seq6505,Bacteria,Bacteroidota,Bacteroidia,Sphingobacteriales,KD3-93,metagenome,
seq6506,Bacteria,Verrucomicrobiota,Verrucomicrobiae,Chthoniobacterales,Chthoniobacteraceae,Chthoniobacter,uncultured bacterium
seq6507,Unclassified,,,,,,
seq6508,Bacteria,Patescibacteria,Saccharimonadia,Saccharimonadales,uncultured Candidatus Saccharibacteria bacterium,,
seq6509,Bacteria,Verrucomicrobiota,Verrucomicrobiae,Opitutales,Opitutaceae,Alterococcus,uncultured bacterium
seq6510,Bacteria,Planctomycetota,Planctomycetes,Pirellulales,Pirellulaceae,Pir4 lineage,uncultured bacterium
seq6511,Bacteria,Bacteroidota,Bacteroidia,Chitinophagales,Chitinophagaceae,Puia,uncultured Niastella sp.
seq6512,Unclassified,,,,,,
seq6513,Bacteria,Actinobacteriota,Actinobacteria,Streptosporangiales,Thermomonosporaceae,Actinocorallia,uncultured bacterium
seq6514,Bacteria,Actinobacteriota,Acidimicrobiia,Microtrichales,uncultured,bacterium YC-ZSS-LKJ66,
seq6515,Bacteria,Acidobacteriota,Vicinamibacteria,Vicinamibacterales,uncultured,uncultured Acidobacteria bacterium,
seq6516,Bacteria,Bacteroidota,Bacteroidia,Sphingobacteriales,Sphingobacteriaceae,Mucilaginibacter,Mucilaginibacter myungsuensis
seq6517,Bacteria,Bacteroidota,Bacteroidia,Chitinophagales,Chitinophagaceae,uncultured,uncultured bacterium
seq6518,Unclassified,,,,,,
seq6519,Bacteria,Proteobacteria,Alphaproteobacteria,Sphingomonadales,Sphingomonadaceae,Sphingomonas,metagenome
seq6520,Bacteria,Chloroflexi,Anaerolineae,SBR1031,A4b,uncultured bacterium,
seq6521,Bacteria,Bacteroidota,Bacteroidia,Chitinophagales,Chitinophagaceae,uncultured,uncultured Bacteroidetes bacterium
seq6522,Bacteria,Bacteroidota,Bacteroidia,Chitinophagales,Chitinophagaceae,Edaphobaculum,uncultured bacterium
seq6523,Bacteria,Actinobacteriota,Actinobacteria,Micrococcales,Microbacteriaceae,Agromyces,Agromyces ramosus
seq6524,Archaea,Crenarchaeota,Nitrososphaeria,Nitrososphaerales,Nitrososphaeraceae,uncultured archaeon,
seq6525,Bacteria,Armatimonadota,uncultured,uncultured bacterium,,,
seq6526,Bacteria,Actinobacteriota,Acidimicrobiia,Microtrichales,Ilumatobacteraceae,uncultured,uncultured organism
seq6527,Bacteria,Actinobacteriota,Acidimicrobiia,uncultured,metagenome,,
seq6528,Bacteria,Cyanobacteria,Cyanobacteriia,Cyanobacteriales,Phormidiaceae,Tychonema CCAP 1459-11B,Microcoleus vaginatus
seq6529,Bacteria,Proteobacteria,Alphaproteobacteria,Rhizobiales,Rhizobiales Incertae Sedis,uncultured,uncultured bacterium
seq6530,Archaea,Crenarchaeota,Nitrososphaeria,Nitrososphaerales,Nitrososphaeraceae,uncultured crenarchaeote,
seq6531,Bacteria,Patescibacteria,Saccharimonadia,Saccharimonadales,uncultured bacterium,,
seq6532,Bacteria,Chloroflexi,Anaerolineae,SBR1031,A4b,uncultured bacterium,
seq6533,Bacteria,Actinobacteriota,Acidimicrobiia,Microtrichales,Iamiaceae,Iamia,uncultured bacterium
seq6534,ML_predicted_Phylum: Verrucomicrobiota,,,,,,
seq6535,Bacteria,Proteobacteria,Alphaproteobacteria,Rhizobiales,Xanthobacteraceae,Bradyrhizobium,Bradyrhizobium sp. CP1(2014)
seq6536,Unclassified,,,,,,
seq6537,Bacteria,Myxococcota,bacteriap25,uncultured bacterium,,,
seq6538,Bacteria,Actinobacteriota,Actinobacteria,Frankiales,Nakamurellaceae,Nakamurella,uncultured bacterium
seq6539,Bacteria,Verrucomicrobiota,Verrucomicrobiae,Pedosphaerales,Pedosphaeraceae,uncultured bacterium,
seq6540,Bacteria,Planctomycetota,Planctomycetes,Pirellulales,Pirellulaceae,Pirellula,metagenome
seq6541,Archaea,Crenarchaeota,Nitrososphaeria,Nitrososphaerales,Nitrososphaeraceae,uncultured crenarchaeote,
seq6542,Bacteria,Actinobacteriota,Thermoleophilia,Solirubrobacterales,67-14,uncultured bacterium,
seq6543,Bacteria,Elusimicrobiota,Lineage IIa,uncultured bacterium,,,
seq6544,Bacteria,Bdellovibrionota,Bdellovibrionia,Bdellovibrionales,Bdellovibrionaceae,Bdellovibrio,uncultured bacterium
seq6545,Bacteria,Bacteroidota,Ignavibacteria,SJA-28,uncultured bacterium,,
seq6546,Bacteria,Actinobacteriota,Thermoleophilia,Solirubrobacterales,Solirubrobacteraceae,Solirubrobacter,uncultured bacterium
seq6547,Bacteria,Proteobacteria,Alphaproteobacteria,Rhizobiales,Xanthobacteraceae,uncultured,uncultured bacterium
seq6548,Archaea,Crenarchaeota,Nitrososphaeria,Nitrososphaerales,Nitrososphaeraceae,uncultured archaeon,
seq6549,Bacteria,Actinobacteriota,Actinobacteria,Streptomycetales,Streptomycetaceae,Streptomyces,Embleya scabrispora
seq6550,Bacteria,Cyanobacteria,Vampirivibrionia,Obscuribacterales,Obscuribacteraceae,Candidatus Obscuribacter,uncultured bacterium
seq6551,Bacteria,Bacteroidota,Bacteroidia,Chitinophagales,Chitinophagaceae,Dinghuibacter,uncultured Bacteroidetes bacterium
seq6552,Bacteria,Proteobacteria,Alphaproteobacteria,Rhizobiales,Xanthobacteraceae,uncultured,metagenome
seq6553,Bacteria,Bacteroidota,Bacteroidia,Cytophagales,Microscillaceae,Ohtaekwangia,uncultured Bacteroidetes bacterium
seq6554,Bacteria,Bacteroidota,Bacteroidia,Chitinophagales,Saprospiraceae,uncultured,uncultured Bacteroidetes bacterium
seq6555,ML_predicted_Phylum: Proteobacteria,,,,,,
seq6556,Unclassified,,,,,,
seq6557,Bacteria,Myxococcota,Polyangia,Haliangiales,Haliangiaceae,Haliangium,uncultured Myxococcales bacterium
seq6558,Bacteria,Proteobacteria,Gammaproteobacteria,Gammaproteobacteria Incertae Sedis,Unknown Family,Acidibacter,uncultured bacterium
seq6559,Bacteria,Chloroflexi,Dehalococcoidia,S085,uncultured bacterium,,
seq6560,Bacteria,Actinobacteriota,Actinobacteria,Corynebacteriales,Mycobacteriaceae,Mycobacterium,Mycobacterium fortuitum
seq6561,Bacteria,Bacteroidota,Bacteroidia,Flavobacteriales,Flavobacteriaceae,Flavobacterium,Flavobacterium sp.
seq6562,Bacteria,Bacteroidota,Bacteroidia,Chitinophagales,Chitinophagaceae,Puia,uncultured bacterium
seq6563,Bacteria,Actinobacteriota,Actinobacteria,Streptomycetales,Streptomycetaceae,Streptomyces,actinobacterium H531
seq6564,Bacteria,Bacteroidota,Bacteroidia,Flavobacteriales,Blattabacteriaceae,Candidatus Brownia,Candidatus Brownia rhizoecola
seq6565,Bacteria,Myxococcota,Polyangia,Haliangiales,Haliangiaceae,Haliangium,uncultured soil bacterium
seq6566,Bacteria,Proteobacteria,Alphaproteobacteria,Dongiales,Dongiaceae,Dongia,uncultured bacterium
seq6567,Unclassified,,,,,,
seq6568,Bacteria,Myxococcota,Polyangia,Haliangiales,Haliangiaceae,Haliangium,uncultured bacterium
seq6569,ML_predicted_Phylum: Chloroflexi,,,,,,
seq6570,Unclassified,,,,,,
seq6571,Bacteria,Bacteroidota,Bacteroidia,Chitinophagales,Saprospiraceae,uncultured,uncultured Bacteroidetes bacterium
seq6572,Bacteria,Bacteroidota,Bacteroidia,Chitinophagales,Chitinophagaceae,uncultured,uncultured bacterium
seq6573,Bacteria,Actinobacteriota,Actinobacteria,Pseudonocardiales,Pseudonocardiaceae,Lechevalieria,Lentzea albida
seq6574,ML_predicted_Phylum: Patescibacteria,,,,,,
seq6575,Bacteria,Verrucomicrobiota,Verrucomicrobiae,Pedosphaerales,Pedosphaeraceae,uncultured bacterium,
seq6576,Bacteria,Planctomycetota,Planctomycetes,Planctomycetales,uncultured,metagenome,
seq6577,Bacteria,Actinobacteriota,Actinobacteria,Micrococcales,Microbacteriaceae,Agromyces,Agromyces ramosus
seq6578,Bacteria,Acidobacteriota,Blastocatellia,Pyrinomonadales,Pyrinomonadaceae,RB41,uncultured bacterium
seq6579,Bacteria,Verrucomicrobiota,Verrucomicrobiae,Opitutales,Opitutaceae,uncultured,metagenome
seq6580,Bacteria,Verrucomicrobiota,Verrucomicrobiae,Chthoniobacterales,Chthoniobacteraceae,Chthoniobacter,uncultured bacterium
seq6581,Bacteria,Chloroflexi,Anaerolineae,Ardenticatenales,Ardenticatenaceae,uncultured,uncultured bacterium
seq6582,ML_predicted_Phylum: Chloroflexi,,,,,,
seq6583,Bacteria,Chloroflexi,Anaerolineae,RBG-13-54-9,uncultured bacterium,,
seq6584,Unclassified,,,,,,
seq6585,ML_predicted_Phylum: Proteobacteria,,,,,,
seq6586,Bacteria,Verrucomicrobiota,Verrucomicrobiae,Pedosphaerales,Pedosphaeraceae,uncultured,uncultured bacterium
seq6587,Bacteria,Myxococcota,Polyangia,Nannocystales,Nannocystaceae,Nannocystis,uncultured bacterium
seq6588,Bacteria,Verrucomicrobiota,Verrucomicrobiae,Pedosphaerales,Pedosphaeraceae,uncultured,uncultured bacterium
seq6589,Bacteria,Bacteroidota,Bacteroidia,Cytophagales,Microscillaceae,uncultured,uncultured bacterium
seq6590,Bacteria,Bacteroidota,Bacteroidia,Cytophagales,Microscillaceae,Hassallia,uncultured bacterium
seq6591,Bacteria,Verrucomicrobiota,Verrucomicrobiae,Chthoniobacterales,Xiphinematobacteraceae,Candidatus Xiphinematobacter,uncultured bacterium
seq6592,Bacteria,Planctomycetota,OM190,uncultured bacterium,,,
seq6593,Bacteria,Planctomycetota,Planctomycetes,Planctomycetales,Schlesneriaceae,Planctopirus,uncultured bacterium
seq6594,Bacteria,Actinobacteriota,Actinobacteria,Frankiales,Acidothermaceae,Acidothermus,uncultured bacterium
seq6595,Bacteria,Proteobacteria,Alphaproteobacteria,Rhizobiales,Xanthobacteraceae,uncultured,uncultured bacterium
seq6596,Bacteria,Actinobacteriota,Actinobacteria,Micromonosporales,Micromonosporaceae,Asanoa,Asanoa hainanensis
seq6597,ML_predicted_Phylum: Proteobacteria,,,,,,
seq6598,ML_predicted_Phylum: Bacteroidota,,,,,,
seq6599,Bacteria,Actinobacteriota,Actinobacteria,Pseudonocardiales,Pseudonocardiaceae,Pseudonocardia,Pseudonocardia endophytica
seq6600,Bacteria,Bacteroidota,Bacteroidia,Cytophagales,Microscillaceae,Ohtaekwangia,metagenome
seq6601,Bacteria,Proteobacteria,Alphaproteobacteria,Reyranellales,Reyranellaceae,Reyranella,uncultured bacterium
seq6602,Unclassified,,,,,,
seq6603,Bacteria,Bacteroidota,Bacteroidia,Chitinophagales,Chitinophagaceae,Chitinophaga,Chitinophaga sp. BHS5
seq6604,Bacteria,Bacteroidota,Bacteroidia,Chitinophagales,Chitinophagaceae,Taibaiella,Taibaiella sp.
seq6605,Bacteria,Verrucomicrobiota,Omnitrophia,Omnitrophales,uncultured bacterium,,
seq6606,Bacteria,Actinobacteriota,Actinobacteria,Propionibacteriales,Nocardioidaceae,Nocardioides,uncultured bacterium
seq6607,Bacteria,Bacteroidota,Bacteroidia,Chitinophagales,Chitinophagaceae,uncultured,uncultured bacterium
seq6608,Bacteria,Planctomycetota,Planctomycetes,Pirellulales,Pirellulaceae,uncultured,metagenome
seq6609,Unclassified,,,,,,
seq6610,Bacteria,Acidobacteriota,Blastocatellia,Pyrinomonadales,Pyrinomonadaceae,RB41,uncultured bacterium
seq6611,Bacteria,Proteobacteria,Gammaproteobacteria,PLTA13,uncultured gamma proteobacterium,,
seq6612,ML_predicted_Phylum: Chloroflexi,,,,,,
seq6613,Archaea,Crenarchaeota,Nitrososphaeria,Nitrososphaerales,Nitrososphaeraceae,uncultured crenarchaeote,
seq6614,Bacteria,Bacteroidota,Bacteroidia,Sphingobacteriales,Sphingobacteriaceae,Pedobacter,uncultured bacterium
seq6615,Bacteria,Planctomycetota,Planctomycetes,Pirellulales,Pirellulaceae,Rhodopirellula,metagenome
seq6616,Bacteria,Bacteroidota,Bacteroidia,Chitinophagales,Chitinophagaceae,uncultured,uncultured bacterium
seq6617,Bacteria,Planctomycetota,Planctomycetes,Pirellulales,Pirellulaceae,Pirellula,uncultured soil bacterium
seq6618,Bacteria,Bacteroidota,Bacteroidia,Sphingobacteriales,Sphingobacteriaceae,Pedobacter,Pedobacter kyungheensis
seq6619,ML_predicted_Phylum: Proteobacteria,,,,,,
seq6620,Bacteria,Bacteroidota,Bacteroidia,Chitinophagales,Chitinophagaceae,uncultured,uncultured bacterium
seq6621,Bacteria,Planctomycetota,Planctomycetes,Pirellulales,Pirellulaceae,Pirellula,uncultured bacterium
seq6622,Bacteria,Actinobacteriota,Thermoleophilia,Gaiellales,uncultured,uncultured bacterium,
seq6623,ML_predicted_Phylum: Proteobacteria,,,,,,
seq6624,Bacteria,Chloroflexi,KD4-96,uncultured bacterium,,,
seq6625,Bacteria,Verrucomicrobiota,Verrucomicrobiae,Opitutales,Opitutaceae,Opitutus,metagenome
seq6626,Bacteria,Chloroflexi,TK10,uncultured bacterium,,,
seq6627,ML_predicted_Phylum: Cyanobacteria,,,,,,
seq6628,Bacteria,Proteobacteria,Alphaproteobacteria,Rhizobiales,Xanthobacteraceae,Pseudorhodoplanes,uncultured soil bacterium
seq6629,Archaea,Crenarchaeota,Nitrososphaeria,Nitrososphaerales,Nitrososphaeraceae,uncultured archaeon,
seq6630,Bacteria,Chloroflexi,Anaerolineae,SBR1031,A4b,uncultured Chloroflexi bacterium,
seq6631,Bacteria,Actinobacteriota,Acidimicrobiia,Microtrichales,uncultured,uncultured bacterium,
seq6632,Bacteria,Cyanobacteria,Cyanobacteriia,Chloroplast,Athetis lepigone,,
seq6633,Bacteria,Verrucomicrobiota,Verrucomicrobiae,Pedosphaerales,Pedosphaeraceae,uncultured,uncultured Verrucomicrobia bacterium
seq6634,Bacteria,Bacteroidota,Bacteroidia,Chitinophagales,Chitinophagaceae,uncultured,uncultured bacterium
seq6635,Bacteria,Acidobacteriota,Subgroup 25,uncultured bacterium,,,
seq6636,ML_predicted_Phylum: Bacteroidota,,,,,,
seq6637,Bacteria,Cyanobacteria,Cyanobacteriia,Chloroplast,uncultured eukaryote,,
seq6638,Bacteria,Patescibacteria,Saccharimonadia,Saccharimonadales,YM_S32_TM7_50_20,uncultured bacterium,
seq6639,Bacteria,Chloroflexi,Chloroflexia,Chloroflexales,Roseiflexaceae,uncultured,uncultured bacterium
seq6640,Bacteria,Planctomycetota,Planctomycetes,Gemmatales,Gemmataceae,Gemmata,metagenome
seq6641,Bacteria,Chloroflexi,Chloroflexia,Chloroflexales,Roseiflexaceae,uncultured,uncultured bacterium
seq6642,Bacteria,Actinobacteriota,Acidimicrobiia,Microtrichales,uncultured,uncultured bacterium,
seq6643,ML_predicted_Phylum: Bacteroidota,,,,,,
seq6644,Bacteria,Patescibacteria,Saccharimonadia,Saccharimonadales,uncultured bacterium,,
seq6645,Bacteria,Bdellovibrionota,Oligoflexia,0319-6G20,uncultured bacterium,,
seq6646,Bacteria,Planctomycetota,Planctomycetes,Planctomycetales,Rubinisphaeraceae,SH-PL14,uncultured bacterium
seq6647,Bacteria,Actinobacteriota,Thermoleophilia,Solirubrobacterales,Solirubrobacteraceae,Solirubrobacter,uncultured bacterium
seq6648,Bacteria,Proteobacteria,Alphaproteobacteria,Rhizobiales,Xanthobacteraceae,Pseudolabrys,uncultured bacterium
seq6649,Bacteria,Myxococcota,Myxococcia,Myxococcales,Myxococcaceae,P3OB-42,uncultured bacterium
seq6650,Bacteria,Actinobacteriota,Actinobacteria,Micrococcales,Microbacteriaceae,Salinibacterium,Salinibacterium amurskyense
seq6651,Bacteria,Proteobacteria,Gammaproteobacteria,R7C24,metagenome,,
seq6652,Bacteria,Proteobacteria,Alphaproteobacteria,Rhizobiales,Xanthobacteraceae,Rhodoplanes,uncultured bacterium
seq6653,Bacteria,Bacteroidota,Bacteroidia,Sphingobacteriales,Sphingobacteriaceae,Pedobacter,Pedobacter humi
seq6654,Unclassified,,,,,,
seq6655,Bacteria,Proteobacteria,Alphaproteobacteria,Dongiales,Dongiaceae,Dongia,uncultured bacterium
seq6656,Bacteria,Proteobacteria,Alphaproteobacteria,Caulobacterales,Caulobacteraceae,uncultured,metagenome
seq6657,Bacteria,Planctomycetota,Planctomycetes,Isosphaerales,Isosphaeraceae,uncultured,uncultured bacterium
seq6658,Bacteria,Myxococcota,Polyangia,Polyangiales,BIrii41,uncultured bacterium,
seq6659,Bacteria,Bacteroidota,Bacteroidia,Sphingobacteriales,Sphingobacteriaceae,Mucilaginibacter,Mucilaginibacter puniceus
seq6660,Unclassified,,,,,,
seq6661,Unclassified,,,,,,
seq6662,Bacteria,Bacteroidota,Bacteroidia,Cytophagales,Microscillaceae,uncultured,uncultured bacterium
seq6663,Bacteria,Bacteroidota,Bacteroidia,Sphingobacteriales,AKYH767,uncultured bacterium,
seq6664,ML_predicted_Phylum: Proteobacteria,,,,,,
seq6665,Bacteria,Gemmatimonadota,Longimicrobia,Longimicrobiales,Longimicrobiaceae,metagenome,
seq6666,Bacteria,Acidobacteriota,Blastocatellia,Blastocatellales,Blastocatellaceae,Blastocatella,uncultured Acidobacteria bacterium
seq6667,Unclassified,,,,,,
seq6668,Bacteria,Acidobacteriota,Acidobacteriae,Bryobacterales,Bryobacteraceae,Bryobacter,metagenome
seq6669,Bacteria,Planctomycetota,Planctomycetes,Isosphaerales,Isosphaeraceae,Singulisphaera,Singulisphaera sp. Io4-3
seq6670,Bacteria,Bacteroidota,Bacteroidia,Chitinophagales,Chitinophagaceae,uncultured,uncultured bacterium
seq6671,Bacteria,Proteobacteria,Alphaproteobacteria,Rhizobiales,Xanthobacteraceae,Bradyrhizobium,Bradyrhizobium sp. JR008
seq6672,Archaea,Crenarchaeota,Nitrososphaeria,Nitrososphaerales,Nitrososphaeraceae,uncultured crenarchaeote,
seq6673,Bacteria,Verrucomicrobiota,Verrucomicrobiae,Chthoniobacterales,Chthoniobacteraceae,Candidatus Udaeobacter,uncultured bacterium
seq6674,Bacteria,Verrucomicrobiota,Verrucomicrobiae,Chthoniobacterales,Chthoniobacteraceae,Candidatus Udaeobacter,uncultured bacterium
seq6675,Bacteria,Acidobacteriota,Blastocatellia,Pyrinomonadales,Pyrinomonadaceae,RB41,uncultured Acidobacteria bacterium
seq6676,ML_predicted_Phylum: Bacteroidota,,,,,,
seq6677,Bacteria,Proteobacteria,Alphaproteobacteria,Sphingomonadales,Sphingomonadaceae,Sphingomonas,uncultured bacterium
seq6678,Bacteria,Actinobacteriota,Acidimicrobiia,Microtrichales,Iamiaceae,Iamia,uncultured bacterium
seq6679,Archaea,Crenarchaeota,Nitrososphaeria,Nitrososphaerales,Nitrososphaeraceae,Candidatus Nitrososphaera,uncultured archaeon
seq6680,Bacteria,Acidobacteriota,Vicinamibacteria,Vicinamibacterales,Vicinamibacteraceae,uncultured bacterium,
seq6681,Bacteria,Planctomycetota,Planctomycetes,Gemmatales,Gemmataceae,Gemmata,bacterium enrichment culture clone KIST-JJY169
seq6682,Bacteria,Verrucomicrobiota,Verrucomicrobiae,Chthoniobacterales,Chthoniobacteraceae,Chthoniobacter,bacterium Ellin511
seq6683,Bacteria,Myxococcota,Polyangia,Polyangiales,Polyangiaceae,uncultured,uncultured bacterium
seq6684,Bacteria,Actinobacteriota,Actinobacteria,Propionibacteriales,Propionibacteriaceae,Microlunatus,uncultured bacterium
seq6685,Unclassified,,,,,,
seq6686,ML_predicted_Phylum: Bacteroidota,,,,,,
seq6687,Archaea,Crenarchaeota,Nitrososphaeria,Nitrososphaerales,Nitrososphaeraceae,uncultured crenarchaeote,
seq6688,Bacteria,Bacteroidota,Bacteroidia,Sphingobacteriales,env.OPS 17,uncultured bacterium,
seq6689,Bacteria,Verrucomicrobiota,Verrucomicrobiae,Chthoniobacterales,Chthoniobacteraceae,Candidatus Udaeobacter,uncultured bacterium
seq6690,ML_predicted_Phylum: Bacteroidota,,,,,,
seq6691,Bacteria,Bacteroidota,Bacteroidia,Cytophagales,Cyclobacteriaceae,uncultured,uncultured Sphingobacteriales bacterium
seq6692,Bacteria,Actinobacteriota,Actinobacteria,Propionibacteriales,Nocardioidaceae,Nocardioides,Nocardioides sp. Bzb3
seq6693,Bacteria,Acidobacteriota,Blastocatellia,Pyrinomonadales,Pyrinomonadaceae,RB41,uncultured Acidobacteria bacterium
seq6694,Bacteria,Myxococcota,Polyangia,Polyangiales,BIrii41,uncultured bacterium,
seq6695,Unclassified,,,,,,
seq6696,Bacteria,Cyanobacteria,Cyanobacteriia,Chloroplast,Phaseolus acutifolius (tepary bean),,
seq6697,ML_predicted_Phylum: Bacteroidota,,,,,,
seq6698,Bacteria,Actinobacteriota,Acidimicrobiia,Microtrichales,Ilumatobacteraceae,uncultured,uncultured bacterium
seq6699,Bacteria,Acidobacteriota,Blastocatellia,Pyrinomonadales,Pyrinomonadaceae,RB41,uncultivated soil bacterium clone S023
seq6700,Bacteria,Actinobacteriota,Thermoleophilia,Solirubrobacterales,67-14,uncultured bacterium,
seq6701,Bacteria,Bacteroidota,Bacteroidia,Cytophagales,Microscillaceae,uncultured,metagenome
seq6702,Bacteria,Actinobacteriota,Actinobacteria,Propionibacteriales,Nocardioidaceae,Marmoricola,Marmoricola scoriae
seq6703,Bacteria,Bacteroidota,Bacteroidia,Chitinophagales,Chitinophagaceae,uncultured,uncultured bacterium
seq6704,Bacteria,Bacteroidota,Bacteroidia,Chitinophagales,Chitinophagaceae,uncultured,uncultured bacterium
seq6705,Bacteria,Bacteroidota,Bacteroidia,Chitinophagales,Chitinophagaceae,uncultured,uncultured Bacteroidetes bacterium
seq6706,Bacteria,Actinobacteriota,Actinobacteria,Micrococcales,Microbacteriaceae,Agromyces,Agromyces iriomotensis
seq6707,Bacteria,Actinobacteriota,Thermoleophilia,Gaiellales,Gaiellaceae,Gaiella,uncultured bacterium
seq6708,Unclassified,,,,,,
seq6709,Bacteria,Acidobacteriota,Thermoanaerobaculia,Thermoanaerobaculales,Thermoanaerobaculaceae,Subgroup 10,uncultured bacterium
seq6710,Bacteria,Acidobacteriota,Vicinamibacteria,Vicinamibacterales,Vicinamibacteraceae,uncultured Acidobacteria bacterium,
seq6711,Bacteria,Myxococcota,Polyangia,Haliangiales,Haliangiaceae,Haliangium,uncultured bacterium
seq6712,Bacteria,Verrucomicrobiota,Verrucomicrobiae,Pedosphaerales,Pedosphaeraceae,Ellin517,uncultured soil bacterium
seq6713,ML_predicted_Phylum: Proteobacteria,,,,,,
seq6714,Unclassified,,,,,,
seq6715,Bacteria,Actinobacteriota,Acidimicrobiia,Microtrichales,Iamiaceae,Iamia,uncultured bacterium
seq6716,Bacteria,Entotheonellaeota,Entotheonellia,Entotheonellales,Entotheonellaceae,uncultured bacterium,
seq6717,Unclassified,,,,,,
seq6718,ML_predicted_Phylum: Patescibacteria,,,,,,
seq6719,Bacteria,Planctomycetota,Planctomycetes,Gemmatales,Gemmataceae,uncultured,uncultured bacterium
seq6720,Unclassified,,,,,,
seq6721,Unclassified,,,,,,
seq6722,Unclassified,,,,,,
seq6723,ML_predicted_Phylum: Proteobacteria,,,,,,
seq6724,Bacteria,Bacteroidota,Bacteroidia,Chitinophagales,Saprospiraceae,uncultured,uncultured bacterium
seq6725,Bacteria,Verrucomicrobiota,Verrucomicrobiae,Pedosphaerales,Pedosphaeraceae,uncultured bacterium,
seq6726,ML_predicted_Phylum: Planctomycetota,,,,,,
seq6727,Bacteria,Acidobacteriota,Blastocatellia,11-24,uncultured Acidobacteria bacterium,,
seq6728,Bacteria,Planctomycetota,Planctomycetes,Gemmatales,Gemmataceae,uncultured,metagenome
seq6729,Bacteria,Actinobacteriota,Thermoleophilia,Solirubrobacterales,67-14,uncultured bacterium,
seq6730,ML_predicted_Phylum: Planctomycetota,,,,,,
seq6731,Unclassified,,,,,,
seq6732,Bacteria,Bacteroidota,Bacteroidia,Sphingobacteriales,NS11-12 marine group,uncultured bacterium,
seq6733,Bacteria,Armatimonadota,Fimbriimonadia,Fimbriimonadales,uncultured bacterium,,
seq6734,ML_predicted_Phylum: Bacteroidota,,,,,,
seq6735,Bacteria,Bacteroidota,Bacteroidia,Chitinophagales,Chitinophagaceae,Taibaiella,Taibaiella smilacinae
seq6736,Bacteria,Chloroflexi,Anaerolineae,SBR1031,A4b,metagenome,
seq6737,Bacteria,Bacteroidota,Bacteroidia,Chitinophagales,Chitinophagaceae,Ferruginibacter,uncultured Chitinophagaceae bacterium
seq6738,Bacteria,Planctomycetota,Planctomycetes,Gemmatales,Gemmataceae,uncultured,uncultured bacterium
seq6739,ML_predicted_Phylum: Bacteroidota,,,,,,
seq6740,Bacteria,Bacteroidota,Bacteroidia,Flavobacteriales,Crocinitomicaceae,Fluviicola,Candidatus Fluviicola riflensis
seq6741,Bacteria,Actinobacteriota,Actinobacteria,Propionibacteriales,Nocardioidaceae,Nocardioides,Nocardioides hungaricus
seq6742,Bacteria,Gemmatimonadota,Gemmatimonadetes,Gemmatimonadales,Gemmatimonadaceae,uncultured,uncultured bacterium
seq6743,Bacteria,Proteobacteria,Gammaproteobacteria,Burkholderiales,Comamonadaceae,Leptothrix,uncultured bacterium
seq6744,ML_predicted_Phylum: Proteobacteria,,,,,,
seq6745,Bacteria,Proteobacteria,Alphaproteobacteria,Reyranellales,Reyranellaceae,Reyranella,uncultured bacterium
seq6746,Bacteria,Acidobacteriota,Holophagae,Subgroup 7,uncultured bacterium,,
seq6747,Bacteria,Acidobacteriota,Vicinamibacteria,Vicinamibacterales,Vicinamibacteraceae,uncultured Acidobacteria bacterium,
seq6748,Bacteria,Proteobacteria,Alphaproteobacteria,Rhizobiales,Rhizobiaceae,Mesorhizobium,Rhizobium leguminosarum
seq6749,ML_predicted_Phylum: Actinobacteriota,,,,,,
seq6750,Bacteria,Bacteroidota,Bacteroidia,Cytophagales,Microscillaceae,uncultured,uncultured soil bacterium
seq6751,Bacteria,Proteobacteria,Alphaproteobacteria,Azospirillales,Azospirillaceae,Skermanella,uncultured bacterium
seq6752,Bacteria,Proteobacteria,Gammaproteobacteria,Burkholderiales,Nitrosomonadaceae,MND1,uncultured bacterium
seq6753,Bacteria,Myxococcota,Polyangia,Haliangiales,Haliangiaceae,Haliangium,uncultured bacterium
seq6754,Bacteria,Proteobacteria,Alphaproteobacteria,Dongiales,Dongiaceae,Dongia,metagenome
seq6755,Bacteria,Actinobacteriota,Rubrobacteria,Rubrobacterales,Rubrobacteriaceae,Rubrobacter,uncultured organism
seq6756,Bacteria,Actinobacteriota,Actinobacteria,Micromonosporales,Micromonosporaceae,Actinoplanes,Micromonosporaceae bacterium 231802
seq6757,Bacteria,Bdellovibrionota,Oligoflexia,Oligoflexales,Oligoflexaceae,Oligoflexus,uncultured bacterium
seq6758,Bacteria,Bacteroidota,Bacteroidia,Chitinophagales,Saprospiraceae,uncultured,uncultured bacterium
seq6759,Bacteria,Proteobacteria,Gammaproteobacteria,Diplorickettsiales,Diplorickettsiaceae,Rickettsiella,Candidatus Rickettsiella viridis
seq6760,Bacteria,Acidobacteriota,Blastocatellia,Blastocatellales,Blastocatellaceae,Stenotrophobacter,metagenome
seq6761,Bacteria,Bdellovibrionota,Bdellovibrionia,Bdellovibrionales,Bdellovibrionaceae,Bdellovibrio,uncultured bacterium
seq6762,Bacteria,Myxococcota,Polyangia,mle1-27,uncultured bacterium,,
seq6763,Bacteria,Chloroflexi,Chloroflexia,Chloroflexales,Roseiflexaceae,uncultured,uncultured bacterium
seq6764,Bacteria,Entotheonellaeota,Entotheonellia,Entotheonellales,Entotheonellaceae,uncultured bacterium,
seq6765,Bacteria,Planctomycetota,Planctomycetes,Pirellulales,Pirellulaceae,uncultured,metagenome
seq6766,Bacteria,Bacteroidota,Bacteroidia,Chitinophagales,Chitinophagaceae,Flavisolibacter,uncultured bacterium
seq6767,Unclassified,,,,,,
seq6768,Bacteria,Planctomycetota,Planctomycetes,Gemmatales,Gemmataceae,uncultured,metagenome
seq6769,Bacteria,Proteobacteria,Alphaproteobacteria,Rhizobiales,Xanthobacteraceae,uncultured,uncultured bacterium
seq6770,Bacteria,Actinobacteriota,Actinobacteria,Micromonosporales,Micromonosporaceae,Dactylosporangium,Dactylosporangium aurantiacum
seq6771,Unclassified,,,,,,
seq6772,Bacteria,Planctomycetota,Planctomycetes,Pirellulales,Pirellulaceae,Pir4 lineage,uncultured bacterium
seq6773,Unclassified,,,,,,
seq6774,Unclassified,,,,,,
seq6775,Unclassified,,,,,,
seq6776,Bacteria,Patescibacteria,Saccharimonadia,Saccharimonadales,uncultured bacterium,,
seq6777,Unclassified,,,,,,
seq6778,Bacteria,Actinobacteriota,Actinobacteria,Propionibacteriales,Nocardioidaceae,Nocardioides,uncultured bacterium
seq6779,Bacteria,Bacteroidota,Bacteroidia,Cytophagales,Hymenobacteraceae,Adhaeribacter,Adhaeribacter terrae
seq6780,Bacteria,Actinobacteriota,Actinobacteria,Propionibacteriales,Nocardioidaceae,Flindersiella,Flindersiella endophytica
seq6781,Bacteria,Actinobacteriota,Actinobacteria,Micrococcales,Microbacteriaceae,Homoserinibacter,Leifsonia sp. FZ113
seq6782,Bacteria,Proteobacteria,Alphaproteobacteria,Caulobacterales,Caulobacteraceae,Caulobacter,uncultured bacterium
seq6783,Bacteria,Proteobacteria,Alphaproteobacteria,Sphingomonadales,Sphingomonadaceae,Sphingomonas,uncultured bacterium
seq6784,Bacteria,Bacteroidota,Bacteroidia,Sphingobacteriales,env.OPS 17,uncultured bacterium,
seq6785,Bacteria,Acidobacteriota,Blastocatellia,Blastocatellales,Blastocatellaceae,Blastocatella,uncultured bacterium
seq6786,Bacteria,Acidobacteriota,Vicinamibacteria,Vicinamibacterales,uncultured,uncultured bacterium,
seq6787,Bacteria,Acidobacteriota,Vicinamibacteria,Vicinamibacterales,Vicinamibacteraceae,uncultured Acidobacteria bacterium,
seq6788,Bacteria,Chloroflexi,Anaerolineae,Anaerolineales,Anaerolineaceae,uncultured,uncultured bacterium
seq6789,Bacteria,Proteobacteria,Alphaproteobacteria,Sphingomonadales,Sphingomonadaceae,Sphingomonas,Sphingomonas sp. THG-DN7.10
seq6790,Bacteria,Planctomycetota,Phycisphaerae,Tepidisphaerales,WD2101 soil group,uncultured planctomycete,
seq6791,Bacteria,Gemmatimonadota,Gemmatimonadetes,Gemmatimonadales,Gemmatimonadaceae,Gemmatimonas,uncultured bacterium
seq6792,Bacteria,Proteobacteria,Alphaproteobacteria,Rhizobiales,Rhizobiaceae,Allorhizobium-Neorhizobium-Pararhizobium-Rhizobium,uncultured bacterium
seq6793,Bacteria,Proteobacteria,Gammaproteobacteria,Burkholderiales,Oxalobacteraceae,Massilia,Massilia sp.
seq6794,Bacteria,Verrucomicrobiota,Verrucomicrobiae,Chthoniobacterales,Chthoniobacteraceae,Chthoniobacter,uncultured bacterium
seq6795,Unclassified,,,,,,
seq6796,Bacteria,Actinobacteriota,Actinobacteria,Streptomycetales,Streptomycetaceae,Streptomyces,actinobacterium H531
seq6797,Bacteria,Actinobacteriota,Thermoleophilia,Solirubrobacterales,67-14,uncultured Rubrobacteria bacterium,
seq6798,Bacteria,Planctomycetota,Phycisphaerae,Tepidisphaerales,WD2101 soil group,uncultured Planctomycetia bacterium,
seq6799,Bacteria,Patescibacteria,Saccharimonadia,Saccharimonadales,uncultured Candidatus Saccharibacteria bacterium,,
seq6800,Bacteria,Bacteroidota,Bacteroidia,Sphingobacteriales,Sphingobacteriaceae,Pedobacter,Pedobacter sp. Bca39
seq6801,Bacteria,Actinobacteriota,Actinobacteria,Micromonosporales,Micromonosporaceae,Stackebrandtia,Stackebrandtia nassauensis
seq6802,Bacteria,Bacteroidota,Bacteroidia,Cytophagales,Microscillaceae,uncultured,metagenome
seq6803,Bacteria,Actinobacteriota,Actinobacteria,Pseudonocardiales,Pseudonocardiaceae,Amycolatopsis,Amycolatopsis minnesotensis
seq6804,Bacteria,Bacteroidota,Bacteroidia,Flavobacteriales,Flavobacteriaceae,Flavobacterium,Flavobacterium sp. ARS011-10
seq6805,Bacteria,Actinobacteriota,Actinobacteria,Micromonosporales,Micromonosporaceae,Catellatospora,Catellatospora tagetis
seq6806,ML_predicted_Phylum: Patescibacteria,,,,,,
seq6807,Bacteria,Bacteroidota,Bacteroidia,Chitinophagales,Chitinophagaceae,Segetibacter,uncultured bacterium
seq6808,Bacteria,Verrucomicrobiota,Verrucomicrobiae,UA11,uncultured bacterium,,
seq6809,Bacteria,Bacteroidota,Ignavibacteria,SJA-28,uncultured bacterium,,
seq6810,Bacteria,Actinobacteriota,Actinobacteria,Streptomycetales,Streptomycetaceae,Streptomyces,Streptomyces scopuliridis RB72
seq6811,Unclassified,,,,,,
seq6812,ML_predicted_Phylum: Bacteroidota,,,,,,
seq6813,Bacteria,Actinobacteriota,Actinobacteria,Streptosporangiales,Thermomonosporaceae,Actinomadura,Actinomadura flavalba DSM 45200
seq6814,ML_predicted_Phylum: Patescibacteria,,,,,,
seq6815,ML_predicted_Phylum: Planctomycetota,,,,,,
seq6816,Bacteria,Chloroflexi,Anaerolineae,SBR1031,A4b,uncultured soil bacterium,
seq6817,ML_predicted_Phylum: Bacteroidota,,,,,,
seq6818,Bacteria,Actinobacteriota,Thermoleophilia,Solirubrobacterales,67-14,uncultured bacterium,
seq6819,Bacteria,Proteobacteria,Gammaproteobacteria,Xanthomonadales,Xanthomonadaceae,Pseudoxanthomonas,Xanthomonadaceae bacterium H3
seq6820,Bacteria,Proteobacteria,Gammaproteobacteria,Pseudomonadales,Pseudohongiellaceae,BIyi10,uncultured bacterium
seq6821,Bacteria,Bacteroidota,Bacteroidia,Chitinophagales,Chitinophagaceae,Ferruginibacter,uncultured Bacteroidetes bacterium
seq6822,ML_predicted_Phylum: Bacteroidota,,,,,,
seq6823,Bacteria,Actinobacteriota,Actinobacteria,Pseudonocardiales,Pseudonocardiaceae,Alloactinosynnema,Alloactinosynnema sp. L-07
seq6824,Bacteria,Patescibacteria,Parcubacteria,uncultured bacterium,,,
seq6825,Bacteria,Bacteroidota,Bacteroidia,Cytophagales,Cytophagaceae,Rhodocytophaga,uncultured bacterium
seq6826,Bacteria,Actinobacteriota,Actinobacteria,Micromonosporales,Micromonosporaceae,Micromonospora,Micromonospora sp.
seq6827,Bacteria,Bacteroidota,Bacteroidia,Chitinophagales,Chitinophagaceae,Edaphobaculum,uncultured Bacteroidetes bacterium
seq6828,Bacteria,Bacteroidota,Bacteroidia,Cytophagales,Cytophagaceae,uncultured bacterium,
seq6829,Bacteria,Bacteroidota,Bacteroidia,Cytophagales,Microscillaceae,uncultured,uncultured Bacteroidetes bacterium
seq6830,Bacteria,Acidobacteriota,Acidobacteriae,Bryobacterales,Bryobacteraceae,Bryobacter,metagenome
seq6831,Unclassified,,,,,,
seq6832,Bacteria,Bacteroidota,Bacteroidia,Chitinophagales,Chitinophagaceae,Ferruginibacter,uncultured bacterium
seq6833,Unclassified,,,,,,
seq6834,Bacteria,Actinobacteriota,Actinobacteria,Streptosporangiales,Thermomonosporaceae,uncultured bacterium,
seq6835,Bacteria,Acidobacteriota,Blastocatellia,Blastocatellales,Blastocatellaceae,Stenotrophobacter,metagenome
seq6836,Bacteria,Actinobacteriota,Actinobacteria,Corynebacteriales,Nocardiaceae,Nocardia,Nocardia sp. 10277
seq6837,Bacteria,Proteobacteria,Alphaproteobacteria,Sphingomonadales,Sphingomonadaceae,Novosphingobium,uncultured bacterium
seq6838,Bacteria,Bacteroidota,Bacteroidia,Chitinophagales,Chitinophagaceae,Edaphobaculum,uncultured bacterium
seq6839,Bacteria,Actinobacteriota,Actinobacteria,Pseudonocardiales,Pseudonocardiaceae,Amycolatopsis,Amycolatopsis sp. 109.5
seq6840,Bacteria,Bdellovibrionota,Bdellovibrionia,Bdellovibrionales,Bdellovibrionaceae,Bdellovibrio,Bdellovibrio bacteriovorus
seq6841,Bacteria,Actinobacteriota,Actinobacteria,Micrococcales,Microbacteriaceae,Agromyces,Agromyces ramosus
seq6842,Unclassified,,,,,,
seq6843,Bacteria,Proteobacteria,Gammaproteobacteria,Pseudomonadales,Pseudomonadaceae,Pseudomonas,Pseudomonas putida
seq6844,Bacteria,Bacteroidota,Bacteroidia,Sphingobacteriales,env.OPS 17,uncultured bacterium,
seq6845,Bacteria,Planctomycetota,Planctomycetes,Gemmatales,Gemmataceae,uncultured,uncultured bacterium
seq6846,Bacteria,Actinobacteriota,Rubrobacteria,Rubrobacterales,Rubrobacteriaceae,Rubrobacter,uncultured bacterium
seq6847,Bacteria,Actinobacteriota,Actinobacteria,Pseudonocardiales,Pseudonocardiaceae,Pseudonocardia,uncultured bacterium
seq6848,ML_predicted_Phylum: Actinobacteriota,,,,,,
seq6849,Bacteria,Bacteroidota,Bacteroidia,Chitinophagales,Chitinophagaceae,Terrimonas,metagenome
seq6850,Bacteria,Proteobacteria,Alphaproteobacteria,Rhizobiales,Rhizobiales Incertae Sedis,Nordella,uncultured Alphaproteobacteria bacterium
seq6851,Bacteria,Proteobacteria,Alphaproteobacteria,Rhizobiales,Xanthobacteraceae,Rhodoplanes,uncultured bacterium
seq6852,Bacteria,Planctomycetota,Phycisphaerae,Tepidisphaerales,WD2101 soil group,uncultured bacterium,
seq6853,Unclassified,,,,,,
seq6854,Unclassified,,,,,,
seq6855,Bacteria,Verrucomicrobiota,Verrucomicrobiae,Chthoniobacterales,Chthoniobacteraceae,Chthoniobacter,uncultured Verrucomicrobia bacterium
seq6856,Archaea,Crenarchaeota,Nitrososphaeria,Nitrososphaerales,Nitrososphaeraceae,uncultured crenarchaeote,
seq6857,Bacteria,RCP2-54,uncultured bacterium,,,,
seq6858,Bacteria,Planctomycetota,Planctomycetes,Gemmatales,Gemmataceae,uncultured,uncultured bacterium
seq6859,Bacteria,Patescibacteria,Saccharimonadia,Saccharimonadales,uncultured bacterium,,
seq6860,Bacteria,Acidobacteriota,Holophagae,Subgroup 7,uncultured bacterium,,
seq6861,ML_predicted_Phylum: Bacteroidota,,,,,,
seq6862,Bacteria,Actinobacteriota,Actinobacteria,Micromonosporales,Micromonosporaceae,Micromonospora,Micromonospora coerulea
seq6863,Unclassified,,,,,,
seq6864,Bacteria,Verrucomicrobiota,Verrucomicrobiae,Chthoniobacterales,Chthoniobacteraceae,Chthoniobacter,uncultured bacterium
seq6865,ML_predicted_Phylum: Chloroflexi,,,,,,
seq6866,Bacteria,Bacteroidota,Bacteroidia,Chitinophagales,Chitinophagaceae,Segetibacter,uncultured Niastella sp.
seq6867,Bacteria,Bacteroidota,Bacteroidia,Flavobacteriales,Flavobacteriaceae,Flavobacterium,Flavobacterium sp. R-20816
seq6868,ML_predicted_Phylum: Verrucomicrobiota,,,,,,
seq6869,Unclassified,,,,,,
seq6870,Bacteria,Acidobacteriota,Blastocatellia,Blastocatellales,Blastocatellaceae,Blastocatella,uncultured Acidobacteria bacterium
seq6871,Bacteria,Bacteroidota,Bacteroidia,Chitinophagales,Chitinophagaceae,Edaphobaculum,uncultured bacterium
seq6872,Bacteria,Verrucomicrobiota,Verrucomicrobiae,Chthoniobacterales,Chthoniobacteraceae,Chthoniobacter,uncultured Verrucomicrobia bacterium
seq6873,Unclassified,,,,,,
seq6874,Bacteria,Actinobacteriota,Rubrobacteria,Rubrobacterales,Rubrobacteriaceae,Rubrobacter,uncultured bacterium
seq6875,ML_predicted_Phylum: Bacteroidota,,,,,,
seq6876,Bacteria,Verrucomicrobiota,Verrucomicrobiae,Pedosphaerales,Pedosphaeraceae,uncultured bacterium,
seq6877,Bacteria,Actinobacteriota,Acidimicrobiia,Microtrichales,Ilumatobacteraceae,uncultured,uncultured bacterium
seq6878,Bacteria,Patescibacteria,Saccharimonadia,Saccharimonadales,uncultured bacterium,,
seq6879,Bacteria,Actinobacteriota,MB-A2-108,uncultured bacterium,,,
seq6880,Bacteria,Acidobacteriota,Vicinamibacteria,Vicinamibacterales,uncultured,uncultured bacterium,
seq6881,Bacteria,Bacteroidota,Bacteroidia,Chitinophagales,Chitinophagaceae,Flavisolibacter,uncultured bacterium
seq6882,Bacteria,Proteobacteria,Alphaproteobacteria,Rhizobiales,Rhizobiales Incertae Sedis,uncultured,uncultured bacterium
seq6883,Bacteria,RCP2-54,uncultured bacterium,,,,
seq6884,Archaea,Crenarchaeota,Nitrososphaeria,Nitrososphaerales,Nitrososphaeraceae,uncultured archaeon,
seq6885,Bacteria,Myxococcota,bacteriap25,uncultured bacterium,,,
seq6886,Bacteria,Bdellovibrionota,Bdellovibrionia,Bdellovibrionales,Bdellovibrionaceae,Bdellovibrio,uncultured bacterium
seq6887,Bacteria,Proteobacteria,Alphaproteobacteria,uncultured,uncultured Alphaproteobacteria bacterium,,
seq6888,Bacteria,Patescibacteria,Parcubacteria,uncultured bacterium,,,
seq6889,ML_predicted_Phylum: Verrucomicrobiota,,,,,,
seq6890,Bacteria,Nitrospirota,Nitrospiria,Nitrospirales,Nitrospiraceae,Nitrospira,uncultured bacterium
seq6891,Bacteria,Actinobacteriota,Actinobacteria,Micromonosporales,Micromonosporaceae,Actinoplanes,Actinoplanes ianthinogenes
seq6892,Bacteria,Acidobacteriota,Vicinamibacteria,Vicinamibacterales,uncultured,uncultured Acidobacteriales bacterium,
seq6893,Bacteria,Actinobacteriota,Thermoleophilia,Gaiellales,uncultured,uncultured bacterium,
seq6894,Bacteria,Planctomycetota,Planctomycetes,Pirellulales,Pirellulaceae,uncultured,uncultured bacterium
seq6895,Bacteria,Bacteroidota,Bacteroidia,Cytophagales,Microscillaceae,uncultured,uncultured bacterium
seq6896,Bacteria,Bdellovibrionota,Bdellovibrionia,Bdellovibrionales,Bdellovibrionaceae,Bdellovibrio,uncultured soil bacterium
seq6897,Bacteria,Myxococcota,Polyangia,Polyangiales,Polyangiaceae,Pajaroellobacter,uncultured bacterium
seq6898,Bacteria,Planctomycetota,Planctomycetes,Pirellulales,Pirellulaceae,Pirellula,uncultured bacterium
seq6899,ML_predicted_Phylum: Proteobacteria,,,,,,
seq6900,Bacteria,Bacteroidota,Bacteroidia,Cytophagales,Microscillaceae,uncultured,uncultured Bacteroidetes bacterium
seq6901,Bacteria,Gemmatimonadota,Longimicrobia,Longimicrobiales,Longimicrobiaceae,Longimicrobium,uncultured bacterium
seq6902,Bacteria,Proteobacteria,Gammaproteobacteria,Pseudomonadales,Pseudomonadaceae,Pseudomonas,Pseudomonas sp. A6(2012)
seq6903,Bacteria,Planctomycetota,vadinHA49,metagenome,,,
seq6904,Bacteria,Chloroflexi,Dehalococcoidia,S085,uncultured bacterium,,
seq6905,Bacteria,Planctomycetota,Planctomycetes,Pirellulales,Pirellulaceae,Pirellula,uncultured bacterium
seq6906,Bacteria,Acidobacteriota,Blastocatellia,Pyrinomonadales,Pyrinomonadaceae,RB41,uncultured bacterium
seq6907,Bacteria,Actinobacteriota,Actinobacteria,Micrococcales,Microbacteriaceae,Galbitalea,metagenome
seq6908,Bacteria,Acidobacteriota,Thermoanaerobaculia,Thermoanaerobaculales,Thermoanaerobaculaceae,Subgroup 10,Acidobacteria bacterium WY67
seq6909,Bacteria,Actinobacteriota,Thermoleophilia,Solirubrobacterales,67-14,uncultured bacterium,
seq6910,Bacteria,Acidobacteriota,Acidobacteriae,Bryobacterales,Bryobacteraceae,Bryobacter,uncultured bacterium
seq6911,Bacteria,Myxococcota,bacteriap25,uncultured bacterium,,,
seq6912,Bacteria,Acidobacteriota,Blastocatellia,Pyrinomonadales,Pyrinomonadaceae,RB41,uncultured bacterium
seq6913,Bacteria,Bacteroidota,Bacteroidia,Cytophagales,uncultured,uncultured bacterium,
seq6914,Bacteria,Actinobacteriota,Actinobacteria,Frankiales,Sporichthyaceae,uncultured,uncultured bacterium
seq6915,Bacteria,Bacteroidota,Bacteroidia,Chitinophagales,Chitinophagaceae,Flavisolibacter,Flavisolibacter rigui
seq6916,Bacteria,Bacteroidota,Bacteroidia,Cytophagales,Microscillaceae,Ohtaekwangia,uncultured bacterium
seq6917,ML_predicted_Phylum: Bacteroidota,,,,,,
seq6918,Archaea,Crenarchaeota,Nitrososphaeria,Nitrososphaerales,Nitrososphaeraceae,uncultured archaeon,
seq6919,Bacteria,Proteobacteria,Gammaproteobacteria,Steroidobacterales,Steroidobacteraceae,Steroidobacter,Steroidobacter agariperforans
seq6920,Bacteria,Actinobacteriota,MB-A2-108,uncultured bacterium,,,
seq6921,Bacteria,Verrucomicrobiota,Verrucomicrobiae,Chthoniobacterales,Chthoniobacteraceae,Chthoniobacter,uncultured bacterium
seq6922,Bacteria,Proteobacteria,Alphaproteobacteria,Rhizobiales,Rhizobiales Incertae Sedis,Bauldia,uncultured bacterium
seq6923,Bacteria,Actinobacteriota,Actinobacteria,Frankiales,Frankiaceae,Frankia,Frankia sp.
seq6924,Bacteria,Chloroflexi,KD4-96,uncultured soil bacterium,,,
seq6925,Bacteria,Actinobacteriota,Acidimicrobiia,Microtrichales,Ilumatobacteraceae,Ilumatobacter,uncultured Actinobacteridae bacterium
seq6926,Bacteria,Actinobacteriota,MB-A2-108,uncultured actinobacterium,,,
seq6927,Bacteria,Actinobacteriota,Actinobacteria,Streptomycetales,Streptomycetaceae,Streptomyces,Streptomyces sp.
seq6928,Bacteria,Myxococcota,bacteriap25,uncultured bacterium,,,
seq6929,ML_predicted_Phylum: Patescibacteria,,,,,,
seq6930,Bacteria,Actinobacteriota,Actinobacteria,Corynebacteriales,Mycobacteriaceae,Mycobacterium,metagenome
seq6931,Bacteria,NB1-j,uncultured bacterium,,,,
seq6932,Bacteria,Myxococcota,bacteriap25,uncultured bacterium,,,
seq6933,Bacteria,Gemmatimonadota,Gemmatimonadetes,Gemmatimonadales,Gemmatimonadaceae,Gemmatimonas,uncultured bacterium
seq6934,Bacteria,Cyanobacteria,Cyanobacteriia,Chloroplast,uncultured bacterium,,
seq6935,Archaea,Crenarchaeota,Nitrososphaeria,Nitrososphaerales,Nitrososphaeraceae,uncultured archaeon,
seq6936,ML_predicted_Phylum: Bacteroidota,,,,,,
seq6937,Bacteria,Acidobacteriota,Blastocatellia,Blastocatellales,Blastocatellaceae,Aridibacter,uncultured bacterium
seq6938,Bacteria,Planctomycetota,Planctomycetes,Gemmatales,Gemmataceae,uncultured,uncultured soil bacterium
seq6939,Bacteria,Gemmatimonadota,Gemmatimonadetes,Gemmatimonadales,Gemmatimonadaceae,uncultured,uncultured bacterium
seq6940,Bacteria,Bacteroidota,Bacteroidia,Chitinophagales,Chitinophagaceae,uncultured,uncultured bacterium
seq6941,Bacteria,Actinobacteriota,Thermoleophilia,Gaiellales,Gaiellaceae,Gaiella,uncultured bacterium
seq6942,Bacteria,Planctomycetota,Planctomycetes,Planctomycetales,Rubinisphaeraceae,Planctomicrobium,uncultured soil bacterium
seq6943,Bacteria,Verrucomicrobiota,Verrucomicrobiae,Chthoniobacterales,Xiphinematobacteraceae,Candidatus Xiphinematobacter,uncultured bacterium
seq6944,Bacteria,Verrucomicrobiota,Verrucomicrobiae,Chthoniobacterales,Chthoniobacteraceae,Chthoniobacter,uncultured bacterium
seq6945,ML_predicted_Phylum: Bacteroidota,,,,,,
seq6946,Bacteria,Planctomycetota,Planctomycetes,Gemmatales,Gemmataceae,uncultured,uncultured bacterium
seq6947,Bacteria,Proteobacteria,Alphaproteobacteria,Rhodobacterales,Rhodobacteraceae,uncultured,uncultured bacterium
seq6948,Bacteria,Acidobacteriota,Vicinamibacteria,Vicinamibacterales,Vicinamibacteraceae,uncultured Acidobacteria bacterium,
seq6949,Bacteria,Proteobacteria,Gammaproteobacteria,WD260,uncultured bacterium,,
seq6950,Bacteria,Actinobacteriota,Thermoleophilia,Solirubrobacterales,67-14,uncultured bacterium,
seq6951,Bacteria,Actinobacteriota,MB-A2-108,uncultured bacterium,,,
seq6952,Bacteria,Chloroflexi,Anaerolineae,RBG-13-54-9,uncultured bacterium,,
seq6953,ML_predicted_Phylum: Verrucomicrobiota,,,,,,
seq6954,Bacteria,Actinobacteriota,Actinobacteria,Pseudonocardiales,Pseudonocardiaceae,Pseudonocardia,uncultured Pseudonocardia sp.
seq6955,Bacteria,Cyanobacteria,Cyanobacteriia,Chloroplast,uncultured eukaryote,,
seq6956,ML_predicted_Phylum: Actinobacteriota,,,,,,
seq6957,Bacteria,Actinobacteriota,Actinobacteria,Streptosporangiales,Streptosporangiaceae,Nonomuraea,Nonomuraea sp.
seq6958,Bacteria,Verrucomicrobiota,Verrucomicrobiae,Chthoniobacterales,Chthoniobacteraceae,Chthoniobacter,uncultured bacterium
seq6959,Bacteria,Acidobacteriota,Blastocatellia,Pyrinomonadales,Pyrinomonadaceae,RB41,uncultured bacterium
seq6960,Bacteria,Actinobacteriota,Thermoleophilia,Gaiellales,Gaiellaceae,Gaiella,uncultured bacterium
seq6961,Bacteria,Actinobacteriota,Acidimicrobiia,IMCC26256,uncultured bacterium,,
seq6962,Bacteria,Proteobacteria,Alphaproteobacteria,Tistrellales,Geminicoccaceae,Candidatus Alysiosphaera,uncultured bacterium
seq6963,ML_predicted_Phylum: Myxococcota,,,,,,
seq6964,Bacteria,Bacteroidota,Bacteroidia,Chitinophagales,Chitinophagaceae,Terrimonas,metagenome
seq6965,Unclassified,,,,,,
seq6966,Bacteria,Chloroflexi,Dehalococcoidia,S085,uncultured bacterium,,
seq6967,Bacteria,Verrucomicrobiota,Verrucomicrobiae,Chthoniobacterales,Chthoniobacteraceae,Candidatus Udaeobacter,uncultured bacterium
seq6968,Unclassified,,,,,,
seq6969,Unclassified,,,,,,
seq6970,Bacteria,Gemmatimonadota,Gemmatimonadetes,Gemmatimonadales,Gemmatimonadaceae,uncultured,uncultured bacterium
seq6971,Bacteria,Actinobacteriota,Actinobacteria,Micrococcales,Micrococcaceae,Arthrobacter,Arthrobacter sp. FMS_60mD7
seq6972,Bacteria,Myxococcota,bacteriap25,uncultured bacterium,,,
seq6973,Bacteria,Verrucomicrobiota,Verrucomicrobiae,Chthoniobacterales,Xiphinematobacteraceae,Candidatus Xiphinematobacter,uncultured bacterium
seq6974,Bacteria,Myxococcota,Polyangia,Polyangiales,Sandaracinaceae,uncultured,metagenome
seq6975,Bacteria,Verrucomicrobiota,Verrucomicrobiae,Chthoniobacterales,Chthoniobacteraceae,Chthoniobacter,metagenome
seq6976,Bacteria,Bacteroidota,Bacteroidia,Chitinophagales,Chitinophagaceae,uncultured,uncultured Bacteroidetes bacterium
seq6977,Bacteria,Verrucomicrobiota,Verrucomicrobiae,Chthoniobacterales,Chthoniobacteraceae,Chthoniobacter,uncultured bacterium
seq6978,Bacteria,Patescibacteria,Saccharimonadia,Saccharimonadales,uncultured bacterium,,
seq6979,Bacteria,Actinobacteriota,Rubrobacteria,Rubrobacterales,Rubrobacteriaceae,Rubrobacter,uncultured bacterium
seq6980,Bacteria,Actinobacteriota,Acidimicrobiia,Microtrichales,Ilumatobacteraceae,CL500-29 marine group,uncultured bacterium
seq6981,Archaea,Crenarchaeota,Nitrososphaeria,Nitrososphaerales,Nitrososphaeraceae,uncultured archaeon,
seq6982,Bacteria,Acidobacteriota,Blastocatellia,Pyrinomonadales,Pyrinomonadaceae,RB41,uncultured bacterium
seq6983,Bacteria,Actinobacteriota,Thermoleophilia,Gaiellales,uncultured,uncultured bacterium,
seq6984,Bacteria,Actinobacteriota,Thermoleophilia,Gaiellales,Gaiellaceae,Gaiella,uncultured bacterium
seq6985,Bacteria,Firmicutes,Bacilli,Bacillales,Bacillaceae,Bacillus,uncultured Bacillus sp.
seq6986,Bacteria,Planctomycetota,Planctomycetes,Pirellulales,Pirellulaceae,Rhodopirellula,metagenome
seq6987,Bacteria,Actinobacteriota,Acidimicrobiia,IMCC26256,uncultured Aciditerrimonas sp.,,
seq6988,Bacteria,WPS-2,uncultured bacterium,,,,
seq6989,Bacteria,Planctomycetota,Planctomycetes,Pirellulales,Pirellulaceae,uncultured,metagenome
seq6990,Bacteria,Acidobacteriota,Blastocatellia,Pyrinomonadales,Pyrinomonadaceae,RB41,uncultured bacterium
seq6991,Bacteria,Verrucomicrobiota,Verrucomicrobiae,Chthoniobacterales,Chthoniobacteraceae,Chthoniobacter,uncultured Verrucomicrobia bacterium
seq6992,ML_predicted_Phylum: Myxococcota,,,,,,
seq6993,Bacteria,Myxococcota,Polyangia,Haliangiales,Haliangiaceae,Haliangium,uncultured bacterium
seq6994,Bacteria,Acidobacteriota,Blastocatellia,Pyrinomonadales,Pyrinomonadaceae,RB41,uncultured Acidobacteria bacterium
seq6995,Unclassified,,,,,,
seq6996,Bacteria,Acidobacteriota,AT-s3-28,uncultured Acidobacteriaceae bacterium,,,
seq6997,Bacteria,Proteobacteria,Gammaproteobacteria,Burkholderiales,Comamonadaceae,Aquabacterium,uncultured bacterium
seq6998,Bacteria,Planctomycetota,Planctomycetes,Planctomycetales,Rubinisphaeraceae,SH-PL14,uncultured planctomycete
seq6999,Bacteria,Proteobacteria,Alphaproteobacteria,Rhizobiales,Xanthobacteraceae,uncultured,Afipia genosp. 12
seq7000,Archaea,Crenarchaeota,Nitrososphaeria,Nitrososphaerales,Nitrososphaeraceae,uncultured crenarchaeote,
seq7001,Bacteria,Planctomycetota,Planctomycetes,Gemmatales,Gemmataceae,uncultured,uncultured bacterium
seq7002,Bacteria,Proteobacteria,Alphaproteobacteria,Rhizobiales,Xanthobacteraceae,Pseudolabrys,uncultured bacterium
seq7003,Bacteria,Firmicutes,Bacilli,Bacillales,Bacillaceae,Bacillus,Bacillus sp. (in: Bacteria)
seq7004,Bacteria,Cyanobacteria,Cyanobacteriia,Chloroplast,uncultured eukaryote,,
seq7005,Archaea,Crenarchaeota,Nitrososphaeria,Nitrososphaerales,Nitrososphaeraceae,Candidatus Nitrocosmicus,uncultured archaeon
seq7006,Bacteria,Proteobacteria,Alphaproteobacteria,Elsterales,uncultured,uncultured Alphaproteobacteria bacterium,
seq7007,Bacteria,Bacteroidota,Bacteroidia,Sphingobacteriales,AKYH767,metagenome,
seq7008,Bacteria,Proteobacteria,Alphaproteobacteria,Micavibrionales,uncultured,uncultured bacterium,
seq7009,ML_predicted_Phylum: Bacteroidota,,,,,,
seq7010,Bacteria,Proteobacteria,Alphaproteobacteria,Reyranellales,Reyranellaceae,uncultured,uncultured bacterium
seq7011,Bacteria,Proteobacteria,Alphaproteobacteria,Rhizobiales,Beijerinckiaceae,uncultured,uncultured bacterium
seq7012,Bacteria,Bacteroidota,Bacteroidia,Chitinophagales,Chitinophagaceae,uncultured,uncultured Bacteroidetes bacterium
seq7013,Bacteria,Actinobacteriota,Rubrobacteria,Rubrobacterales,Rubrobacteriaceae,Rubrobacter,uncultured bacterium
seq7014,Unclassified,,,,,,
seq7015,Unclassified,,,,,,
seq7016,Bacteria,Proteobacteria,Gammaproteobacteria,Xanthomonadales,Rhodanobacteraceae,Pseudofulvimonas,uncultured bacterium
seq7017,Bacteria,Actinobacteriota,Acidimicrobiia,Microtrichales,Ilumatobacteraceae,CL500-29 marine group,uncultured bacterium
seq7018,Bacteria,Verrucomicrobiota,Verrucomicrobiae,Verrucomicrobiales,Rubritaleaceae,Luteolibacter,Luteolibacter arcticus
seq7019,Bacteria,Acidobacteriota,Acidobacteriae,Solibacterales,Solibacteraceae,Candidatus Solibacter,uncultured bacterium
seq7020,Bacteria,Chloroflexi,TK10,uncultured bacterium,,,
seq7021,Bacteria,Planctomycetota,Phycisphaerae,Phycisphaerales,Phycisphaeraceae,CL500-3,uncultured bacterium
seq7022,Bacteria,Armatimonadota,uncultured,uncultured bacterium,,,
seq7023,Bacteria,Acidobacteriota,Acidobacteriae,Bryobacterales,Bryobacteraceae,Bryobacter,uncultured bacterium
seq7024,Bacteria,Planctomycetota,Planctomycetes,Pirellulales,Pirellulaceae,Pirellula,uncultured Pasteuria sp.
seq7025,Bacteria,Planctomycetota,Phycisphaerae,Tepidisphaerales,WD2101 soil group,uncultured Planctomycetia bacterium,
seq7026,Bacteria,Proteobacteria,Alphaproteobacteria,Reyranellales,Reyranellaceae,Reyranella,uncultured bacterium
seq7027,Unclassified,,,,,,
seq7028,Bacteria,Bacteroidota,Bacteroidia,Cytophagales,Cytophagaceae,Cytophaga,uncultured Bacteroidetes bacterium
seq7029,Bacteria,Proteobacteria,Alphaproteobacteria,Rhizobiales,Rhizobiales Incertae Sedis,Bauldia,uncultured bacterium
seq7030,Unclassified,,,,,,
seq7031,Bacteria,Acidobacteriota,Subgroup 25,uncultured bacterium,,,
seq7032,Unclassified,,,,,,
seq7033,Bacteria,Actinobacteriota,Rubrobacteria,Rubrobacterales,Rubrobacteriaceae,Rubrobacter,uncultured bacterium
seq7034,Archaea,Crenarchaeota,Nitrososphaeria,Nitrososphaerales,Nitrososphaeraceae,uncultured archaeon,
seq7035,Bacteria,Acidobacteriota,Vicinamibacteria,Vicinamibacterales,uncultured,uncultured Acidobacterium sp.,
seq7036,Bacteria,Bacteroidota,Bacteroidia,Chitinophagales,Chitinophagaceae,Ferruginibacter,uncultured bacterium
seq7037,Bacteria,Acidobacteriota,Vicinamibacteria,Vicinamibacterales,uncultured,uncultured Acidobacteria bacterium,
seq7038,Bacteria,Proteobacteria,Gammaproteobacteria,Burkholderiales,A21b,uncultured bacterium,
seq7039,Bacteria,Bacteroidota,Bacteroidia,Chitinophagales,Saprospiraceae,uncultured,uncultured bacterium
seq7040,Bacteria,Proteobacteria,Alphaproteobacteria,Elsterales,uncultured,uncultured bacterium,
seq7041,Bacteria,Verrucomicrobiota,Verrucomicrobiae,Chthoniobacterales,Chthoniobacteraceae,Candidatus Udaeobacter,uncultured bacterium
seq7042,Bacteria,Actinobacteriota,Acidimicrobiia,IMCC26256,uncultured bacterium,,
seq7043,Archaea,Crenarchaeota,Nitrososphaeria,Nitrososphaerales,Nitrososphaeraceae,uncultured archaeon,
seq7044,Bacteria,Planctomycetota,Planctomycetes,Pirellulales,Pirellulaceae,Pirellula,uncultured bacterium
seq7045,Unclassified,,,,,,
seq7046,Bacteria,Patescibacteria,Saccharimonadia,Saccharimonadales,LWQ8,uncultured bacterium,
seq7047,Bacteria,Chloroflexi,Dehalococcoidia,S085,uncultured bacterium,,
seq7048,Archaea,Crenarchaeota,Nitrososphaeria,Nitrososphaerales,Nitrososphaeraceae,uncultured crenarchaeote,
seq7049,Archaea,Crenarchaeota,Nitrososphaeria,Nitrososphaerales,Nitrososphaeraceae,unidentified,
seq7050,Bacteria,Bacteroidota,Bacteroidia,Sphingobacteriales,Sphingobacteriaceae,Pedobacter,uncultured bacterium
seq7051,Bacteria,Acidobacteriota,Blastocatellia,Pyrinomonadales,Pyrinomonadaceae,RB41,uncultured bacterium
seq7052,Bacteria,RCP2-54,uncultured bacterium,,,,
seq7053,Bacteria,Patescibacteria,Saccharimonadia,Saccharimonadales,uncultured bacterium,,
seq7054,Bacteria,Nitrospirota,Nitrospiria,Nitrospirales,Nitrospiraceae,Nitrospira,uncultured bacterium
seq7055,Unclassified,,,,,,
seq7056,Bacteria,Proteobacteria,Alphaproteobacteria,Sphingomonadales,Sphingomonadaceae,Sphingomonas,uncultured bacterium
seq7057,Bacteria,Acidobacteriota,Vicinamibacteria,Vicinamibacterales,Vicinamibacteraceae,uncultured bacterium gp6,
seq7058,Bacteria,Proteobacteria,Gammaproteobacteria,Gammaproteobacteria Incertae Sedis,Unknown Family,Acidibacter,uncultured bacterium
seq7059,Bacteria,Actinobacteriota,Actinobacteria,Propionibacteriales,Propionibacteriaceae,Microlunatus,uncultured bacterium
seq7060,Bacteria,Acidobacteriota,Blastocatellia,Pyrinomonadales,Pyrinomonadaceae,RB41,uncultured bacterium
seq7061,Bacteria,Planctomycetota,Phycisphaerae,Tepidisphaerales,WD2101 soil group,uncultured bacterium,
seq7062,ML_predicted_Phylum: Proteobacteria,,,,,,
seq7063,Bacteria,Acidobacteriota,Blastocatellia,Pyrinomonadales,Pyrinomonadaceae,RB41,uncultured bacterium
seq7064,Archaea,Crenarchaeota,Nitrososphaeria,Nitrososphaerales,Nitrososphaeraceae,uncultured archaeon,
seq7065,Bacteria,Proteobacteria,Alphaproteobacteria,Rhizobiales,Beijerinckiaceae,Microvirga,uncultured Microvirga sp.
seq7066,ML_predicted_Phylum: Cyanobacteria,,,,,,
seq7067,ML_predicted_Phylum: Patescibacteria,,,,,,
seq7068,Bacteria,Actinobacteriota,Actinobacteria,0319-7L14,uncultured actinobacterium,,
seq7069,Bacteria,Actinobacteriota,Acidimicrobiia,IMCC26256,uncultured bacterium,,
seq7070,Bacteria,Proteobacteria,Alphaproteobacteria,Azospirillales,Azospirillaceae,Skermanella,uncultured Skermanella sp.
seq7071,Bacteria,Gemmatimonadota,Gemmatimonadetes,Gemmatimonadales,Gemmatimonadaceae,uncultured,uncultured Alphaproteobacteria bacterium
seq7072,Bacteria,Abditibacteriota,Abditibacteria,Abditibacteriales,Abditibacteriaceae,Abditibacterium,uncultured bacterium
seq7073,Bacteria,Acidobacteriota,Acidobacteriae,Bryobacterales,Bryobacteraceae,Bryobacter,uncultivated soil bacterium clone C002
seq7074,ML_predicted_Phylum: Actinobacteriota,,,,,,
seq7075,Bacteria,Planctomycetota,OM190,uncultured bacterium,,,
seq7076,Bacteria,Proteobacteria,Alphaproteobacteria,Caulobacterales,Caulobacteraceae,Phenylobacterium,uncultured bacterium
seq7077,Bacteria,Bacteroidota,Bacteroidia,Chitinophagales,Chitinophagaceae,Flavisolibacter,uncultured bacterium
seq7078,Bacteria,Gemmatimonadota,Gemmatimonadetes,Gemmatimonadales,Gemmatimonadaceae,uncultured,uncultured bacterium
seq7079,ML_predicted_Phylum: Proteobacteria,,,,,,
seq7080,Bacteria,Actinobacteriota,Actinobacteria,Corynebacteriales,Mycobacteriaceae,Mycobacterium,Mycobacterium sp. A16
seq7081,Bacteria,Bacteroidota,Bacteroidia,Cytophagales,Microscillaceae,uncultured,uncultured bacterium
seq7082,Bacteria,Cyanobacteria,Vampirivibrionia,Obscuribacterales,Obscuribacteraceae,metagenome,
seq7083,Bacteria,Proteobacteria,Alphaproteobacteria,Sphingomonadales,Sphingomonadaceae,Ellin6055,uncultured bacterium
seq7084,Bacteria,Acidobacteriota,Blastocatellia,Pyrinomonadales,Pyrinomonadaceae,RB41,uncultured bacterium
seq7085,Bacteria,Bacteroidota,Bacteroidia,Cytophagales,Microscillaceae,uncultured,uncultured bacterium
seq7086,Bacteria,Actinobacteriota,Thermoleophilia,Solirubrobacterales,Solirubrobacteraceae,Conexibacter,metagenome
seq7087,Bacteria,Verrucomicrobiota,Verrucomicrobiae,Opitutales,Opitutaceae,Opitutus,metagenome
seq7088,Bacteria,Proteobacteria,Alphaproteobacteria,Tistrellales,Geminicoccaceae,Candidatus Alysiosphaera,uncultured bacterium
seq7089,Bacteria,Actinobacteriota,Thermoleophilia,Gaiellales,Gaiellaceae,Gaiella,uncultured bacterium
seq7090,Bacteria,Myxococcota,Myxococcia,Myxococcales,Myxococcaceae,Myxococcus,Corallococcus macrosporus
seq7091,Bacteria,Bacteroidota,Bacteroidia,Chitinophagales,Chitinophagaceae,uncultured,uncultured Bacteroidetes bacterium
seq7092,ML_predicted_Phylum: Planctomycetota,,,,,,
seq7093,ML_predicted_Phylum: Planctomycetota,,,,,,
seq7094,Bacteria,Proteobacteria,Gammaproteobacteria,Burkholderiales,Comamonadaceae,Piscinibacter,uncultured bacterium
seq7095,Bacteria,Nitrospirota,Nitrospiria,Nitrospirales,Nitrospiraceae,Nitrospira,uncultured Nitrospira sp.
seq7096,Bacteria,Verrucomicrobiota,Verrucomicrobiae,Chthoniobacterales,Chthoniobacteraceae,Candidatus Udaeobacter,uncultured bacterium
seq7097,Unclassified,,,,,,
seq7098,Bacteria,Verrucomicrobiota,Verrucomicrobiae,Pedosphaerales,Pedosphaeraceae,uncultured bacterium,
seq7099,Bacteria,Acidobacteriota,Blastocatellia,Pyrinomonadales,Pyrinomonadaceae,RB41,uncultured bacterium
seq7100,Bacteria,Acidobacteriota,Subgroup 25,uncultured bacterium,,,
seq7101,Bacteria,Acidobacteriota,Vicinamibacteria,Vicinamibacterales,Vicinamibacteraceae,uncultured bacterium,
seq7102,Bacteria,Proteobacteria,Alphaproteobacteria,Caulobacterales,Caulobacteraceae,uncultured,uncultured Caulobacteraceae bacterium
seq7103,Bacteria,Proteobacteria,Gammaproteobacteria,Burkholderiales,TRA3-20,uncultured bacterium,
seq7104,Bacteria,Actinobacteriota,Thermoleophilia,Solirubrobacterales,67-14,uncultured bacterium #0319-6M6,
seq7105,Bacteria,Acidobacteriota,Vicinamibacteria,Vicinamibacterales,Vicinamibacteraceae,uncultured,uncultured Acidobacteria bacterium
seq7106,ML_predicted_Phylum: Patescibacteria,,,,,,
seq7107,Bacteria,Acidobacteriota,Blastocatellia,Pyrinomonadales,Pyrinomonadaceae,RB41,uncultured Acidobacteria bacterium
seq7108,Bacteria,Actinobacteriota,Acidimicrobiia,Microtrichales,Ilumatobacteraceae,uncultured,uncultured bacterium
seq7109,Bacteria,Abditibacteriota,Abditibacteria,Abditibacteriales,Abditibacteriaceae,Abditibacterium,uncultured bacterium
seq7110,Bacteria,Actinobacteriota,Acidimicrobiia,Microtrichales,uncultured,uncultured bacterium,
seq7111,Bacteria,Actinobacteriota,Actinobacteria,Frankiales,Sporichthyaceae,uncultured,uncultured bacterium
seq7112,ML_predicted_Phylum: Patescibacteria,,,,,,
seq7113,Bacteria,Actinobacteriota,MB-A2-108,uncultured bacterium,,,
seq7114,Bacteria,Acidobacteriota,Acidobacteriae,Paludibaculum,uncultured bacterium,,
seq7115,Bacteria,Acidobacteriota,Blastocatellia,Pyrinomonadales,Pyrinomonadaceae,RB41,uncultured bacterium
seq7116,ML_predicted_Phylum: Proteobacteria,,,,,,
seq7117,Bacteria,Planctomycetota,Planctomycetes,Gemmatales,Gemmataceae,uncultured,uncultured Planctomycetaceae bacterium
seq7118,Bacteria,Bacteroidota,Bacteroidia,Sphingobacteriales,env.OPS 17,uncultured bacterium,
seq7119,Bacteria,Actinobacteriota,Actinobacteria,Micrococcales,Microbacteriaceae,Microbacterium,metagenome
seq7120,Archaea,Crenarchaeota,Nitrososphaeria,Nitrososphaerales,Nitrososphaeraceae,uncultured archaeon,
seq7121,Bacteria,Patescibacteria,Saccharimonadia,Saccharimonadales,uncultured bacterium,,
seq7122,Bacteria,Cyanobacteria,Cyanobacteriia,Chloroplast,uncultured bacterium,,
seq7123,Bacteria,Actinobacteriota,Actinobacteria,Micromonosporales,Micromonosporaceae,Actinoplanes,Actinoplanes tuftoflagellus
seq7124,Bacteria,Acidobacteriota,Blastocatellia,Pyrinomonadales,Pyrinomonadaceae,RB41,uncultured bacterium
seq7125,Bacteria,Myxococcota,bacteriap25,uncultured bacterium,,,
seq7126,Bacteria,Planctomycetota,Planctomycetes,Pirellulales,Pirellulaceae,Pir4 lineage,uncultured bacterium
seq7127,Bacteria,Proteobacteria,Alphaproteobacteria,Rhizobiales,Xanthobacteraceae,Bradyrhizobium,Bradyrhizobium jicamae
seq7128,Bacteria,Actinobacteriota,Acidimicrobiia,Microtrichales,uncultured,uncultured bacterium,
seq7129,Bacteria,Actinobacteriota,Thermoleophilia,Solirubrobacterales,67-14,uncultured bacterium,
seq7130,Bacteria,Acidobacteriota,Blastocatellia,Pyrinomonadales,Pyrinomonadaceae,RB41,uncultured Acidobacteria bacterium
seq7131,Bacteria,Actinobacteriota,Rubrobacteria,Rubrobacterales,Rubrobacteriaceae,Rubrobacter,uncultured bacterium
seq7132,Bacteria,Actinobacteriota,Acidimicrobiia,Microtrichales,Ilumatobacteraceae,CL500-29 marine group,uncultured bacterium
seq7133,Bacteria,Bacteroidota,Bacteroidia,Chitinophagales,Chitinophagaceae,Segetibacter,uncultured bacterium
seq7134,Unclassified,,,,,,
seq7135,Bacteria,Actinobacteriota,Acidimicrobiia,Microtrichales,Ilumatobacteraceae,uncultured,uncultured bacterium
seq7136,Bacteria,Gemmatimonadota,Gemmatimonadetes,Gemmatimonadales,Gemmatimonadaceae,Gemmatimonas,uncultured bacterium
seq7137,Bacteria,Proteobacteria,Alphaproteobacteria,Rhizobiales,Xanthobacteraceae,uncultured,alpha proteobacterium KC-IT-W1
seq7138,Bacteria,Verrucomicrobiota,Verrucomicrobiae,Pedosphaerales,Pedosphaeraceae,uncultured subdivision 3 bacterium,
seq7139,Bacteria,Acidobacteriota,Blastocatellia,Blastocatellales,Blastocatellaceae,Blastocatella,uncultured bacterium
seq7140,Bacteria,Acidobacteriota,Vicinamibacteria,Vicinamibacterales,Vicinamibacteraceae,Vicinamibacter,uncultured bacterium
seq7141,Bacteria,Actinobacteriota,Thermoleophilia,Solirubrobacterales,Solirubrobacteraceae,JCM 18997,metagenome
seq7142,Bacteria,Actinobacteriota,Thermoleophilia,Solirubrobacterales,Solirubrobacteraceae,Solirubrobacter,uncultured bacterium
seq7143,Bacteria,Bacteroidota,Bacteroidia,Chitinophagales,Chitinophagaceae,uncultured,uncultured bacterium
seq7144,Bacteria,Myxococcota,Polyangia,Polyangiales,Polyangiaceae,Minicystis,uncultured bacterium
seq7145,Bacteria,Actinobacteriota,Thermoleophilia,Solirubrobacterales,Solirubrobacteraceae,uncultured Rubrobacteria bacterium,
seq7146,ML_predicted_Phylum: Bacteroidota,,,,,,
seq7147,Bacteria,Planctomycetota,Planctomycetes,Pirellulales,Pirellulaceae,Pirellula,uncultured bacterium
seq7148,Bacteria,Proteobacteria,Alphaproteobacteria,Sphingomonadales,Sphingomonadaceae,Sphingobium,Hephaestia sp. DUSK 48
